Symbol,Name,Last Sale,Net Change,% Change,Market Cap,Country,IPO Year,Volume,Sector,Industry
AACB,Artius II Acquisition Inc. Class A Ordinary Shares,$10.53 ,0,0.00%,0,United States,2025,603,,
AACBR,Artius II Acquisition Inc. Rights,$0.15 ,0.0001,0.07%,0,United States,2025,79832,,
AACI,Armada Acquisition Corp. III Class A Ordinary Share,$9.99 ,0.005,0.05%,0,United States,2026,50038,Finance,Blank Checks
AACIW,Armada Acquisition Corp. III Warrant,$0.36 ,-0.03,-7.69%,0,United States,2026,2202,Finance,Blank Checks
AACO,Abony Acquisition Corp. I Class A Ordinary Share,$9.94 ,0,0.00%,0,United States,2026,7,,
AACOU,Abony Acquisition Corp. I Units,$10.05 ,0,0.00%,0,United States,2026,5,,
AACOW,Abony Acquisition Corp. I Warrants,$0.40 ,0,0.00%,0,United States,2026,4602,,
AACP,Apogee Acquisition Corp Class A Ordinary Shares,$10.01 ,0,0.00%,0,United States,2026,35,Finance,Blank Checks
AACPR,Apogee Acquisition Corp Rights,$0.20 ,0.0144,7.78%,0,United States,2026,205,Finance,Blank Checks
AACPU,Apogee Acquisition Corp Units,$10.24 ,0,0.00%,0,United States,2026,3,Finance,Blank Checks
AACPW,Apogee Acquisition Corp Warrant,$0.09 ,0,0.00%,0,United States,2026,6367,Finance,Blank Checks
AAL,American Airlines Group Inc. Common Stock,$15.27 ,-0.16,-1.04%,10108281152,United States,,48093435,Consumer Discretionary,Air Freight/Delivery Services
AAME,Atlantic American Corporation Common Stock,$1.54 ,-0.01,-0.65%,31411731,United States,,3100,Finance,Life Insurance
AAOI,Applied Optoelectronics Inc. Common Stock,$94.32 ,4.21,4.67%,7568497783,United States,2013,9700545,Technology,Semiconductors
AAON,AAON Inc. Common Stock,$89.06 ,1.47,1.68%,7295056893,United States,,1412831,Industrials,Industrial Machinery/Components
AAPL,Apple Inc. Common Stock,$308.91 ,-24.52,-7.35%,4.53707E+12,United States,1980,132271640,Technology,Computer Manufacturing
AARD,Aardvark Therapeutics Inc. Common Stock,$6.60 ,0.2,3.13%,144435443,United States,2025,89282,Health Care,Biotechnology: Pharmaceutical Preparations
ABAT,American Battery Technology Company Common Stock,$2.09 ,0.05,2.45%,285106115,United States,,5641192,Basic Materials,Metal Mining
ABEO,Abeona Therapeutics Inc. Common Stock,$6.42 ,-0.05,-0.77%,365908824,United States,,660734,Health Care,Biotechnology: Pharmaceutical Preparations
ABNB,Airbnb Inc. Class A Common Stock,$151.52 ,-0.56,-0.37%,91321849933,United States,2020,2460746,Consumer Discretionary,Diversified Commercial Services
ABOS,Acumen Pharmaceuticals Inc. Common Stock,$2.15 ,-0.02,-0.92%,155289297,United States,2021,263075,Health Care,Biotechnology: Biological Products (No Diagnostic Substances)
ABSI,Absci Corporation Common Stock,$7.78 ,0.14,1.83%,1212941336,United States,2021,2085610,Health Care,Biotechnology: Commercial Physical & Biological Resarch
ABTC,American Bitcoin Corp. Class A Common Stock,$5.52 ,-0.38,-6.44%,391188859,United States,2018,1405181,Technology,EDP Services
ABVC,ABVC BioPharma Inc. Common Stock,$1.01 ,-0.07,-6.48%,26819909,United States,,25424,Health Care,Biotechnology: Pharmaceutical Preparations
ACAA,Averin Capital Acquisition Corp. Class A Ordinary Shares,$10.00 ,0.05,0.50%,0,United States,2026,11008,Finance,Blank Checks
ACAAU,Averin Capital Acquisition Corp. Units,$10.07 ,0,0.00%,0,United States,2026,655,Finance,Blank Checks
ACAD,ACADIA Pharmaceuticals Inc. Common Stock,$25.87 ,-0.68,-2.56%,4429871957,United States,1985,1534275,Health Care,Biotechnology: Pharmaceutical Preparations
ACDC,ProFrac Holding Corp. Class A Common Stock,$4.04 ,0.33,8.90%,730919842,United States,2022,1231204,Energy,Oilfield Services/Equipment
ACET,Adicet Bio Inc. Common Stock,$9.11 ,0.05,0.55%,85162430,United States,2018,123302,Health Care,Biotechnology: Pharmaceutical Preparations
ACFN,Acorn Energy Inc. Common Stock,$18.85 ,-0.81,-4.12%,47280663,United States,,10173,Consumer Discretionary,Military/Government/Technical
ACGC,ACP Holdings Acquisition Corp. Class A Ordinary Shares,$9.99 ,0,0.00%,0,United States,2026,105,Finance,Blank Checks
ACGCW,ACP Holdings Acquisition Corp. Warrants,$0.31 ,0,0.00%,0,United States,2026,1,Finance,Blank Checks
ACHC,Acadia Healthcare Company Inc. Common Stock,$29.62 ,1.48,5.26%,2757630146,United States,,2182183,Health Care,Medical Specialities
ACHV,Achieve Life Sciences Inc. Common Shares,$6.42 ,0.12,1.91%,659071146,United States,,1181726,Health Care,Biotechnology: In Vitro & In Vivo Diagnostic Substances
ACIC,American Coastal Insurance Corporation Common Stock,$10.62 ,0,0.00%,514688179,United States,,156897,Finance,Property-Casualty Insurers
ACIW,ACI Worldwide Inc. Common Stock,$57.33 ,-0.36,-0.62%,5828257808,United States,,733010,Technology,Computer Software: Prepackaged Software
ACLS,Axcelis Technologies Inc. Common Stock,$130.38 ,5.17,4.13%,4007085491,United States,2000,481464,Technology,Industrial Machinery/Components
ACMR,ACM Research Inc. Class A Common Stock,$78.47 ,-0.18,-0.23%,5196665706,United States,2017,896992,Technology,Industrial Machinery/Components
ACNB,ACNB Corporation Common Stock,$64.48 ,0.65,1.02%,658472597,United States,,53546,Finance,Major Banks
ACNT,Ascent Industries Co. Common Stock,$15.47 ,-0.05,-0.32%,139821186,United States,,34006,Industrials,Steel/Iron Ore
ACON,Aclarion Inc. Common Stock,$2.25 ,0.23,11.39%,5540063,United States,2022,50857,Health Care,Medical Specialities
ACONW,Aclarion Inc. Warrant,$0.02 ,0.001,4.29%,59833,United States,2022,18724,Health Care,Medical Specialities
ACRS,Aclaris Therapeutics Inc. Common Stock,$5.20 ,-0.12,-2.26%,726251136,United States,2015,1638359,Health Care,Biotechnology: Pharmaceutical Preparations
ACRV,Acrivon Therapeutics Inc. Common Stock,$1.50 ,-0.02,-1.32%,64202594,United States,2022,506289,Health Care,Biotechnology: Pharmaceutical Preparations
ACT,Enact Holdings Inc. Common Stock,$47.32 ,-0.17,-0.36%,6605907253,United States,2021,409347,Finance,Specialty Insurers
ACTG,Acacia Research Corporation (Acacia Tech) Common Stock,$4.43 ,0.02,0.45%,427889855,United States,,132076,Miscellaneous,Multi-Sector Companies
ACTU,Actuate Therapeutics Inc. Common stock,$1.11 ,-0.06,-5.13%,26557696,United States,2024,155086,Health Care,Biotechnology: Pharmaceutical Preparations
ACXP,Acurx Pharmaceuticals Inc. Common Stock,$1.44 ,0.02,1.41%,6188743,United States,2021,27414,Health Care,Biotechnology: Pharmaceutical Preparations
ADAC,American Drive Acquisition Company Class A Ordinary Shares,$10.09 ,-0.01,-0.10%,0,United States,2026,220,,
ADACW,American Drive Acquisition Company Warrant,$0.63 ,0.2296,57.69%,0,United States,2026,200,,
ADAM,Adamas Trust Inc. Common Stock,$9.07 ,0.13,1.45%,815040250,United States,,1541828,Real Estate,Real Estate Investment Trusts
ADAMG,Adamas Trust Inc. 9.125% Senior Notes Due 2030,$24.94 ,0,0.00%,0,United States,,15702,Real Estate,Real Estate Investment Trusts
ADAMH,Adamas Trust Inc. 9.875% Senior Notes Due 2030,$25.31 ,-0.0001,0.00%,0,United States,,18515,Real Estate,Real Estate Investment Trusts
ADAMI,Adamas Trust Inc. 9.125% Senior Notes Due 2029,$25.25 ,0.109,0.43%,2287040508,United States,,3701,Real Estate,Real Estate Investment Trusts
ADAML,Adamas Trust Inc. 6.875% Series F Fixed-to-Floating Rate Cumulative Redeemable Preferred Stock $0.01 par value per share,$24.44 ,-0.01,-0.04%,2196205480,United States,,7095,Real Estate,Real Estate Investment Trusts
ADAMM,Adamas Trust Inc. 7.875% Series E Fixed-to-Floating Rate Cumulative Redeemable Preferred Stock,$25.14 ,0.0872,0.35%,2259108255,United States,,19977,Real Estate,Real Estate Investment Trusts
ADAMN,Adamas Trust Inc. 8.00% Series D Fixed-to-Floating Rate Cumulative Redeemable Preferred Stock,$23.79 ,-0.0001,0.00%,2137795759,United States,,4225,Real Estate,Real Estate Investment Trusts
ADAMO,Adamas Trust Inc. 9.250% Senior Notes Due 2031,$25.06 ,0.115,0.46%,0,United States,,23452,Real Estate,Real Estate Investment Trusts
ADAMZ,Adamas Trust Inc. 7.000% Series G Cumulative Redeemable Preferred Stock $0.01 par value per share,$18.86 ,-0.04,-0.21%,1694780497,United States,,6998,Real Estate,Real Estate Investment Trusts
ADBE,Adobe Inc. Common Stock,$250.41 ,2.51,1.01%,99537975000,United States,1986,5586962,Technology,Computer Software: Prepackaged Software
ADEA,Adeia Inc. Common Stock,$26.65 ,1.25,4.92%,2939328411,United States,2003,1260675,Technology,Computer Software: Prepackaged Software
ADGM,Adagio Medical Holdings Inc Common Stock,$0.38 ,0.0038,1.02%,8402217,United States,,64852,Health Care,Medical/Dental Instruments
ADI,Analog Devices Inc. Common Stock,$367.41 ,0.74,0.20%,1.78961E+11,United States,,3514228,Technology,Semiconductors
ADIL,Adial Pharmaceuticals Inc Common Stock,$3.34 ,0.05,1.52%,7159694,United States,2018,51476,Health Care,Biotechnology: Pharmaceutical Preparations
ADMA,ADMA Biologics Inc Common Stock,$8.46 ,-0.21,-2.42%,1965463434,United States,,1619910,Health Care,Biotechnology: Biological Products (No Diagnostic Substances)
ADP,Automatic Data Processing Inc. Common Stock,$266.46 ,2.59,0.98%,1.07289E+11,United States,,2493916,Industrials,Diversified Commercial Services
ADPT,Adaptive Biotechnologies Corporation Common Stock,$22.57 ,-1.61,-6.66%,3612201927,United States,2019,2993061,Health Care,Biotechnology: Biological Products (No Diagnostic Substances)
ADSK,Autodesk Inc. Common Stock,$234.20 ,-0.77,-0.33%,49416200000,United States,,1949027,Technology,Computer Software: Prepackaged Software
ADTN,ADTRAN Holdings Inc. Common Stock,$8.51 ,0.09,1.07%,693162375,United States,1994,3323315,Utilities,Telecommunications Equipment
ADUS,Addus HomeCare Corporation Common Stock,$115.48 ,-1.2,-1.03%,2155408332,United States,2009,155037,Health Care,Medical/Nursing Services
ADV,Advantage Solutions Inc. Class A Common Stock,$39.24 ,-1.35,-3.33%,521706787,United States,2019,62523,Consumer Discretionary,Business Services
AEHR,Aehr Test Systems Common Stock,$79.98 ,3.11,4.05%,2608983591,United States,1997,2120690,Industrials,Electrical Products
AEI,Alset Inc. Common Stock (TX),$1.02 ,-0.04,-3.77%,39673747,United States,2020,8026,Finance,Real Estate
AEIS,Advanced Energy Industries Inc. Common Stock,$289.52 ,15.26,5.56%,11010635815,United States,1995,992045,Technology,Industrial Machinery/Components
AEMD,Aethlon Medical Inc. Common Stock,$0.66 ,0.0968,17.10%,1745524,United States,,1274281,Health Care,Medical/Dental Instruments
AENT,Alliance Entertainment Holding Corporation Class A Common Stock,$5.41 ,-0.12,-2.17%,275799798,United States,,46987,Consumer Discretionary,Durable Goods
AENTW,Alliance Entertainment Holding Corporation Warrant,$0.36 ,-0.015,-4.00%,18352667,United States,,200,Consumer Discretionary,Durable Goods
AEP,American Electric Power Company Inc. Common Stock,$127.85 ,0.07,0.06%,69563828341,United States,,5721452,Utilities,Electric Utilities: Central
AERT,Aeries Technology Inc. Class A Ordinary Share,$6.25 ,-0.17,-2.65%,35870931,United States,2021,2617,Consumer Discretionary,Professional Services
AERTW,Aeries Technology Inc. Warrant,$0.02 ,0.0019,10.50%,114787,United States,2021,262223,Consumer Discretionary,Professional Services
AESP,Aeon Acquisition I Corp. Class A Ordinary Shares,$9.92 ,0,0.00%,0,United States,2026,13121,Finance,Blank Checks
AESPR,Aeon Acquisition I Corp. Rights,$0.18 ,0.01,5.88%,0,United States,2026,5493,Finance,Blank Checks
AESPU,Aeon Acquisition I Corp. Units,$10.13 ,0.03,0.30%,0,United States,2026,149,,
AESPW,Aeon Acquisition I Corp. Warrants,$0.06 ,0.005,9.09%,0,United States,2026,19387,Finance,Blank Checks
AEVA,Aeva Technologies Inc. Common Stock,$17.54 ,1.08,6.56%,1105736000,United States,,1764536,Consumer Discretionary,Auto Parts:O.E.M.
AEYE,AudioEye Inc. Common Stock,$5.79 ,-0.04,-0.69%,72336873,United States,,55464,Technology,Computer Software: Prepackaged Software
AFBI,Affinity Bancshares Inc. Common Stock (MD),$23.00 ,0,0.00%,140182355,United States,2017,11222,Finance,Banks
AFCG,Advanced Flower Capital Inc. Common Stock,$2.69 ,0.01,0.37%,63292590,United States,2021,53892,Finance,Real Estate
AFJK,Aimei Health Technology Co. Ltd Ordinary Share,$12.04 ,0.04,0.33%,0,United States,2024,39569,,
AFJKR,Aimei Health Technology Co. Ltd Right,$0.10 ,0.01,11.10%,0,United States,2024,109952,,
AFJKU,Aimei Health Technology Co. Ltd Unit,$12.00 ,0.29,2.48%,0,United States,2023,1204,,
AFRM,Affirm Holdings Inc. Class A Common Stock,$71.51 ,-1.74,-2.38%,23948596383,United States,2021,2524846,Finance,Finance: Consumer Services
AGEN,Agenus Inc. Common Stock,$7.50 ,-0.41,-5.18%,335642160,United States,2000,1573075,Health Care,Biotechnology: Biological Products (No Diagnostic Substances)
AGIO,Agios Pharmaceuticals Inc. Common Stock,$30.02 ,-2.73,-8.34%,1785337702,United States,2013,2102056,Health Care,Biotechnology: Pharmaceutical Preparations
AGNC,AGNC Investment Corp. Common Stock,$10.66 ,-0.14,-1.30%,12236926040,United States,2008,19243098,Real Estate,Real Estate Investment Trusts
AGNCL,AGNC Investment Corp. Depositary Shares Each Representing a 1/1000th Interest in a Share of 7.75% Series G Fixed-Rate Reset Cumulative Redeemable Preferred Stock,$24.99 ,0.01,0.04%,28686752507,United States,,16232,Real Estate,Real Estate Investment Trusts
AGNCM,AGNC Investment Corp. Depositary Shares rep 6.875% Series D Fixed-to-Floating Cumulative Redeemable Preferred Stock,$25.04 ,0.08,0.32%,28744148971,United States,,18840,Real Estate,Real Estate Investment Trusts
AGNCN,AGNC Investment Corp. Depositary Shares Each Representing a 1/1000th Interest in a Share of 7.00% Series C Fixed-To-Floating Rate Cumulative Redeemable Preferred Stock,$25.83 ,0.13,0.51%,29651013096,United States,,47645,Real Estate,Real Estate Investment Trusts
AGNCO,AGNC Investment Corp. Depositary Shares each representing a 1/1000th interest in a share of 6.50% Series E Fixed-to-Floating Cumulative Redeemable Preferred Stock,$25.52 ,0.1199,0.47%,29295155021,United States,,64380,Real Estate,Real Estate Investment Trusts
AGNCP,AGNC Investment Corp. Depositary Shares Each Representing a 1/1000th Interest in a Share of 6.125% Series F Fixed-to-Floating Rate Cumulative Redeemable Preferred Stock,$25.07 ,0.03,0.12%,28778586849,United States,,108312,Real Estate,Real Estate Investment Trusts
AGNCZ,AGNC Investment Corp. Depositary Shares Each Representing a 1/1000th Interest in a Share of 8.75% Series H Fixed-Rate Cumulative Redeemable Preferred Stock,$25.44 ,0.1,0.40%,29203320680,United States,,28232,Real Estate,Real Estate Investment Trusts
AGNT,AGNT Inc. Common Stock,$4.05 ,0.15,3.85%,665511892,United States,,1827876,Finance,Real Estate
AGPU,Axe Compute Inc. Common Stock,$8.38 ,-0.12,-1.41%,96324647,United States,,202115,Health Care,Industrial Specialties
AGYS,Agilysys Inc. Common Stock (DE),$105.16 ,-2.49,-2.31%,2966120666,United States,,217154,Technology,EDP Services
AHCO,AdaptHealth Corp. Common Stock,$10.80 ,0.12,1.12%,1469384842,United States,2018,746022,Health Care,Medical/Nursing Services
AIAI,AIAI Holdings Corporation Class A Common Stock,$4.99 ,-0.03,-0.60%,350866810,United States,,137774,Technology,EDP Services
AIDX,20/20 Biolabs Inc. Common Stock,$0.43 ,0.024,5.98%,5207984,United States,,63777,Health Care,Precision Instruments
AIFA,All In FutureTech Alliance Inc. Common Stock,$1.62 ,0.09,5.88%,10331584,United States,2017,27475,Consumer Discretionary,Services-Misc. Amusement & Recreation
AIFC,AI Financial Corporation Common Stock,$0.41 ,0.0391,10.49%,57584675,United States,,734027,Finance,Finance: Consumer Services
AIFF,Firefly Neuroscience Inc. Common Stock,$1.07 ,0.06,5.94%,16698228,United States,,66276,Technology,Computer Software: Prepackaged Software
AIMD,Ainos Inc. Common Stock,$1.33 ,-0.03,-2.21%,11363617,United States,,19354,Technology,Computer peripheral equipment
AIMDW,Ainos Inc. Warrants,$0.12 ,0,0.00%,988549,United States,,1,Technology,Computer peripheral equipment
AIOT,PowerFleet Inc. Common Stock,$3.92 ,0.01,0.26%,526165599,United States,,792422,Telecommunications,Telecommunications Equipment
AIP,Arteris Inc. Common Stock,$29.88 ,0.58,1.98%,1379618822,United States,2021,573433,Technology,Semiconductors
AIRE,reAlpha Tech Corp. Common Stock,$1.37 ,-0.03,-2.14%,7349710,United States,,41281,Finance,Real Estate
AIRG,Airgain Inc. Common Stock,$5.79 ,0.05,0.87%,73392766,United States,2016,25859,Technology,Radio And Television Broadcasting And Communications Equipment
AIRJ,AirJoule Technologies Corporation Class A Common Stock,$4.23 ,-0.16,-3.65%,306254487,United States,2022,784873,Industrials,Industrial Machinery/Components
AIRJW,AirJoule Technologies Corporation Warrant,$1.12 ,0,0.00%,81088659,United States,2022,198,Industrials,Industrial Machinery/Components
AIRO,AIRO Group Holdings Inc. Common Stock,$6.74 ,0.19,2.90%,211943641,United States,2025,399648,Industrials,Aerospace
AIRS,AirSculpt Technologies Inc. Common Stock,$4.81 ,-0.04,-0.83%,339324726,United States,2021,357540,Health Care,Medical/Nursing Services
AIRT,Air T Inc. Common Stock,$28.06 ,0.06,0.21%,75664043,United States,,6957,Consumer Discretionary,Air Freight/Delivery Services
AIRTP,Air T Inc. Air T Funding Alpha Income Trust Preferred Securities,$19.00 ,-0.049,-0.26%,51233671,United States,,4588,Consumer Discretionary,Air Freight/Delivery Services
AISP,Airship AI Holdings Inc. Class A Common Stock,$1.75 ,-0.01,-0.57%,60221112,United States,2021,354295,Technology,Computer Software: Prepackaged Software
AISPW,Airship AI Holdings Inc. Warrants,$0.41 ,0.01,2.50%,14108946,United States,2021,3938,Technology,Computer Software: Prepackaged Software
AIXC,AIxCrypto Holdings Inc. Common Stock,$0.66 ,-0.0084,-1.25%,13391518,United States,2015,10982,Health Care,Biotechnology: Pharmaceutical Preparations
AKAM,Akamai Technologies Inc. Common Stock,$115.18 ,1.43,1.26%,16745496246,United States,1999,2893029,Consumer Discretionary,Business Services
AKBA,Akebia Therapeutics Inc. Common Stock,$1.32 ,-0.03,-2.22%,354100881,United States,2014,2057601,Health Care,Biotechnology: Pharmaceutical Preparations
AKTS,Aktis Oncology Inc. Common stock,$22.07 ,-0.93,-4.04%,1219973255,United States,2026,278458,Health Care,Biotechnology: Pharmaceutical Preparations
ALAB,Astera Labs Inc. Common Stock,$311.23 ,11.54,3.85%,53347292855,United States,2024,5317818,Technology,Semiconductors
ALCO,Alico Inc. Common Stock,$37.76 ,-0.42,-1.10%,280040508,United States,,22235,,
ALDF,Aldel Financial II Inc. Class A Ordinary Shares,$10.73 ,-0.045,-0.42%,0,United States,2024,246,,
ALDFU,Aldel Financial II Inc. Units,$10.82 ,0,0.00%,0,United States,2024,123,Finance,Blank Checks
ALDFW,Aldel Financial II Inc. Warrants,$0.33 ,0,0.00%,0,United States,2024,177,Finance,Blank Checks
ALDX,Aldeyra Therapeutics Inc. Common Stock,$1.54 ,-0.06,-3.75%,92894445,United States,2014,576780,Health Care,Biotechnology: Pharmaceutical Preparations
ALEC,Alector Inc. Common Stock,$1.51 ,-0.11,-6.79%,167648032,United States,2019,548303,Health Care,Biotechnology: Biological Products (No Diagnostic Substances)
ALF,Centurion Acquisition Corp. Class A Ordinary Shares,$10.75 ,0,0.00%,0,United States,2024,31,,
ALFUW,Centurion Acquisition Corp. Warrant,$0.24 ,0,0.00%,0,United States,2024,57,Finance,Blank Checks
ALGM,Allegro MicroSystems Inc. Common Stock,$41.50 ,0.05,0.12%,7731826156,United States,2020,3762959,Technology,Semiconductors
ALGN,Align Technology Inc. Common Stock,$169.16 ,-4.25,-2.45%,12114922363,United States,2001,1607960,Health Care,Industrial Specialties
ALGS,Aligos Therapeutics Inc. Common Stock,$4.23 ,-0.09,-2.08%,26176183,United States,2020,49047,Health Care,Biotechnology: Biological Products (No Diagnostic Substances)
ALGT,Allegiant Travel Company Common Stock,$98.08 ,-0.93,-0.94%,1808329403,United States,2006,366963,Consumer Discretionary,Air Freight/Delivery Services
ALHC,Alignment Healthcare Inc. Common Stock,$14.85 ,-3.76,-20.20%,3069997272,United States,2021,17475897,Health Care,Medical Specialities
ALIS,Calisa Acquisition Corp Ordinary shares,$10.17 ,0,0.00%,0,United States,2025,107,,
ALISR,Calisa Acquisition Corp Right,$0.61 ,-0.0255,-4.01%,0,United States,2025,1200,Finance,Blank Checks
ALISU,Calisa Acquisition Corp Units,$10.79 ,0,0.00%,0,United States,2025,1,,
ALKT,Alkami Technology Inc. Common Stock,$18.17 ,0.36,2.02%,1944538392,United States,2021,1398870,Technology,Computer Software: Prepackaged Software
ALLO,Allogene Therapeutics Inc. Common Stock,$1.88 ,-0.09,-4.57%,648890575,United States,2018,5521451,Health Care,Biotechnology: Biological Products (No Diagnostic Substances)
ALLR,Allarity Therapeutics Inc. Common Stock,$1.21 ,-0.02,-1.63%,18707476,United States,,39373,Health Care,Biotechnology: Pharmaceutical Preparations
ALMR,Alamar Biosciences Inc. Common Stock,$25.36 ,0.29,1.16%,1757731677,United States,2026,154369,Industrials,Biotechnology: Laboratory Analytical Instruments
ALMS,Alumis Inc. Common Stock,$28.25 ,-0.7,-2.42%,3601648435,United States,2024,1320996,Health Care,Biotechnology: Pharmaceutical Preparations
ALMU,Aeluma Inc. Common Stock,$16.20 ,0.87,5.68%,296546427,United States,,545244,Technology,Semiconductors
ALNT,Allient Inc. Common Stock,$87.46 ,1.25,1.45%,1486514940,United States,,166000,Industrials,Electrical Products
ALNY,Alnylam Pharmaceuticals Inc. Common Stock,$205.52 ,0.04,0.02%,27439504003,United States,2004,4477284,Health Care,Biotechnology: Pharmaceutical Preparations
ALOT,AstroNova Inc. Common Stock,$28.95 ,0.11,0.38%,224297999,United States,1983,87235,Technology,Computer peripheral equipment
ALOV,Aldabra 4 Liquidity Opportunity Vehicle Inc. Class A Ordinary Shares,$9.95 ,0.01,0.10%,0,United States,2026,308,,
ALOVU,Aldabra 4 Liquidity Opportunity Vehicle Inc. Units,$10.01 ,0,0.00%,0,United States,2026,1,Finance,Blank Checks
ALOVW,Aldabra 4 Liquidity Opportunity Vehicle Inc. Warrants,$0.40 ,0.0421,11.69%,0,United States,2026,36052,,
ALOY,REalloys Inc. Common Stock,$8.78 ,-0.035,-0.40%,603906671,United States,,4298480,Technology,EDP Services
ALPX,Alpex Acquisition Corporation Class A Ordinary Shares,$9.88 ,0,0.00%,0,United States,2026,26,Finance,Blank Checks
ALPXR,Alpex Acquisition Corporation Rights,$0.18 ,-0.005,-2.78%,0,United States,2026,68701,Finance,Blank Checks
ALPXU,Alpex Acquisition Corporation Unit,$10.13 ,0.03,0.30%,0,United States,2026,1072,Finance,Blank Checks
ALPXW,Alpex Acquisition Corporation Warrants,$0.07 ,0.0034,5.22%,0,United States,2026,497600,Finance,Blank Checks
ALRM,Alarm.com Holdings Inc. Common Stock,$54.75 ,0.53,0.98%,2707966919,United States,2015,362566,Technology,Computer Software: Prepackaged Software
ALRS,Alerus Financial Corporation Common Stock,$33.27 ,-0.29,-0.86%,836030052,United States,2019,220900,Finance,Major Banks
ALT,Altimmune Inc. Common Stock,$2.84 ,-0.14,-4.70%,552306597,United States,,3884287,Health Care,Biotechnology: Pharmaceutical Preparations
ALTI,AlTi Global Inc. Class A Common Stock,$3.60 ,0,0.00%,545824224,United States,2021,67706,Finance,Investment Managers
ALTO,Alto Ingredients Inc. Common Stock,$4.76 ,0.14,3.03%,368829328,United States,,1718924,Industrials,Major Chemicals
ALXO,ALX Oncology Holdings Inc. Common Stock,$1.94 ,-0.01,-0.51%,261052059,United States,2020,702609,Health Care,Biotechnology: Pharmaceutical Preparations
ALZN,Alzamend Neuro Inc. Common Stock,$1.31 ,-0.04,-2.96%,6276898,United States,2021,24822,Health Care,Biotechnology: Pharmaceutical Preparations
AMAL,Amalgamated Financial Corp. Common Stock (DE),$49.38 ,-0.01,-0.02%,1474849595,United States,2018,119684,Finance,Major Banks
AMAN,Amanat Acquisition Corp Class A Ordinary Shares,$10.21 ,-0.03,-0.29%,0,United States,2026,22154,Finance,Blank Checks
AMAT,Applied Materials Inc. Common Stock,$507.67 ,5.9,1.18%,4.03069E+11,United States,1972,7404225,Technology,Semiconductors
AMBA,Ambarella Inc. Ordinary Shares,$86.00 ,11.91,16.08%,3772663910,United States,2012,9177295,Technology,Semiconductors
AMCI,AMC Robotics Corporation Common Stock,$4.27 ,-0.8,-15.78%,96503550,United States,2023,138615,Consumer Discretionary,Home Furnishings
AMCX,AMC Global Media Inc. Class A Common Stock,$11.20 ,1.49,15.35%,491990374,United States,,3207762,Telecommunications,Cable & Other Pay Television Services
AMD,Advanced Micro Devices Inc. Common Stock,$476.15 ,-9.24,-1.90%,7.7641E+11,United States,,26515403,Technology,Semiconductors
AMGN,Amgen Inc. Common Stock,$385.16 ,-2.48,-0.64%,2.07874E+11,United States,1983,1953564,Health Care,Biotechnology: Biological Products (No Diagnostic Substances)
AMIX,Autonomix Medical Inc. Common Stock,$3.44 ,-0.15,-4.18%,3340388,United States,2024,496321,Health Care,Medical/Dental Instruments
AMKR,Amkor Technology Inc. Common Stock,$49.87 ,1.61,3.34%,12390324779,United States,1998,6930222,Technology,Semiconductors
AMLX,Amylyx Pharmaceuticals Inc. Common Stock,$20.31 ,-0.44,-2.12%,2258194098,United States,2022,1832565,Health Care,Biotechnology: Pharmaceutical Preparations
AMOD,Alpha Modus Holdings Inc. Class A Common Stock,$3.94 ,0.2,5.35%,19213776,United States,,16190,Miscellaneous,Multi-Sector Companies
AMODW,Alpha Modus Holdings Inc. Warrant,$0.02 ,-0.0038,-13.82%,115575,United States,,1123,Miscellaneous,Multi-Sector Companies
AMPG,Amplitech Group Inc. Common Stock,$4.65 ,-0.26,-5.30%,117825415,United States,,1040884,Telecommunications,Telecommunications Equipment
AMPGZ,Amplitech Group Inc. Series B Right,$0.69 ,-0.0644,-8.58%,17379882,United States,,40615,Telecommunications,Telecommunications Equipment
AMPH,Amphastar Pharmaceuticals Inc. Common Stock,$19.94 ,-0.44,-2.16%,879212805,United States,2014,367657,Health Care,Biotechnology: Pharmaceutical Preparations
AMPL,Amplitude Inc. Class A Common Stock,$8.88 ,0.27,3.14%,1177658904,United States,,1299008,Technology,Computer Software: Prepackaged Software
AMRX,Amneal Pharmaceuticals Inc. Class A Common Stock,$18.32 ,-0.18,-0.97%,5844497549,United States,,2011799,Health Care,Biotechnology: Pharmaceutical Preparations
AMSC,American Superconductor Corporation Common Stock,$29.37 ,-0.08,-0.27%,1400785850,United States,1991,660976,Consumer Discretionary,Metal Fabrications
AMSF,AMERISAFE Inc. Common Stock,$29.04 ,-0.31,-1.06%,538287124,United States,2005,372079,Finance,Property-Casualty Insurers
AMSS,AMASS Brands Inc. Common Stock,$1.21 ,-0.03,-2.42%,14030048,United States,,68464,Consumer Staples,Beverages (Production/Distribution)
AMST,Amesite Inc. Common Stock,$0.99 ,0.0145,1.49%,6484352,United States,2020,17151,Technology,Computer Software: Prepackaged Software
AMTX,Aemetis Inc. (DE) Common Stock,$1.51 ,-0.05,-3.21%,106253380,United States,,577215,Industrials,Major Chemicals
AMZN,Amazon.com Inc. Common Stock,$271.58 ,36.08,15.32%,2.92142E+12,United States,1997,128879391,Consumer Discretionary,Catalog/Specialty Distribution
ANAB,AnaptysBio Inc. Common Stock,$53.36 ,-1.68,-3.05%,1579908546,United States,2017,451375,Health Care,Biotechnology: Pharmaceutical Preparations
ANDE,Andersons Inc. (The) Common Stock,$70.78 ,-0.74,-1.04%,2410346084,United States,,177397,Industrials,Farming/Seeds/Milling
ANGI,Angi Inc. Class A Common Stock,$5.67 ,0.01,0.18%,229765109,United States,,694848,Consumer Discretionary,Advertising
ANGO,AngioDynamics Inc. Common Stock,$14.79 ,0.02,0.14%,611306033,United States,2004,467498,Health Care,Medical/Dental Instruments
ANIK,Anika Therapeutics Inc. Common Stock,$19.28 ,1.21,6.70%,258023584,United States,,170287,Health Care,Medical/Dental Instruments
ANIP,ANI Pharmaceuticals Inc.,$79.24 ,-1.19,-1.48%,1779585232,United States,,205212,Health Care,Biotechnology: Pharmaceutical Preparations
ANIX,Anixa Biosciences Inc. Common Stock,$3.42 ,-0.14,-3.93%,116358875,United States,,175762,Health Care,Biotechnology: Pharmaceutical Preparations
ANNA,AleAnna Inc. Class A Common Stock,$2.81 ,0.01,0.36%,188085664,United States,,180450,Energy,Oil & Gas Production
ANNAW,AleAnna Inc. Warrant,$0.22 ,0.031,16.76%,14457830,United States,,155971,Energy,Oil & Gas Production
ANNX,Annexon Inc. Common Stock,$5.10 ,-0.175,-3.32%,834777731,United States,2020,2798348,Health Care,Biotechnology: Pharmaceutical Preparations
ANSC,Agriculture & Natural Solutions Acquisition Corporation Class A Ordinary Shares,$11.46 ,-0.01,-0.09%,0,United States,2024,9469,,
ANSCU,Agriculture & Natural Solutions Acquisition Corporation Unit,$11.69 ,0,0.00%,0,United States,2023,2,,
ANSCW,Agriculture & Natural Solutions Acquisition Corporation Warrant,$0.17 ,0.0299,21.33%,0,United States,2024,17590,,
ANTX,AN2 Therapeutics Inc. Common Stock,$5.35 ,0.02,0.38%,192686461,United States,2022,250521,Health Care,Biotechnology: Pharmaceutical Preparations
AOUT,American Outdoor Brands Inc. Common Stock ,$12.36 ,-0.29,-2.29%,154588003,United States,,51181,Consumer Discretionary,Recreational Games/Products/Toys
APA,APA Corporation Common Stock,$37.32 ,0.99,2.73%,13191508872,United States,,7944471,Energy,Oil & Gas Production
APAC,StoneBridge Acquisition II Corporation Class A Ordinary Shares,$10.20 ,0.0101,0.10%,0,United States,2025,2323,Finance,Blank Checks
APACR,StoneBridge Acquisition II Corporation Rights,$0.12 ,0,0.00%,0,United States,2025,38,,
APACU,StoneBridge Acquisition II Corporation Units,$10.35 ,0,0.00%,0,United States,2025,5,Finance,Blank Checks
APC,ARKO Petroleum Corp. Class A Common Stock,$20.30 ,0.12,0.60%,255175527,United States,2026,90310,Energy,Oil Refining/Marketing
APEI,American Public Education Inc. Common Stock,$48.51 ,-1.12,-2.26%,889842603,United States,2007,203806,Real Estate,Other Consumer Services
APGE,Apogee Therapeutics Inc. Common Stock,$134.09 ,-0.21,-0.16%,10108961294,United States,2023,1744291,Health Care,Biotechnology: Biological Products (No Diagnostic Substances)
APLD,Applied Digital Corporation Common Stock,$27.39 ,-0.58,-2.07%,7983338978,United States,2022,21952251,Health Care,Medical/Dental Instruments
APLM,Apollomics Inc. Class A Ordinary Shares,$17.25 ,-0.105,-0.61%,37870917,United States,,5280,Health Care,Biotechnology: Pharmaceutical Preparations
APLMW,Apollomics Inc. Warrant,$0.01 ,-0.0019,-12.03%,30525,United States,,139683,Health Care,Biotechnology: Pharmaceutical Preparations
APMC,AmperCap Acquisition Company Ordinary Shares,$9.91 ,0.01,0.10%,0,United States,2026,102861,Finance,Blank Checks
APMCR,AmperCap Acquisition Company Right,$0.13 ,0,0.00%,0,United States,2026,10937,Finance,Blank Checks
APMCU,AmperCap Acquisition Company Unit,$9.99 ,0.01,0.10%,0,United States,2026,17406,Finance,Blank Checks
APMD,Apnimed Inc. Common Stock,$25.00 ,9,56.25%,0,United States,,3440987,Health Care,Biotechnology: Pharmaceutical Preparations
APOG,Apogee Enterprises Inc. Common Stock,$39.60 ,-0.26,-0.65%,826384442,United States,,150299,Consumer Discretionary,Auto Parts:O.E.M.
APP,Applovin Corporation Class A Common Stock,$395.90 ,-7.97,-1.97%,1.32999E+11,United States,2021,15449843,Technology,Computer Software: Programming Data Processing
APPF,AppFolio Inc. Class A Common Stock,$180.19 ,4.17,2.37%,6381787788,United States,2015,282204,Technology,Computer Software: Prepackaged Software
APPN,Appian Corporation Class A Common Stock,$26.96 ,0.48,1.81%,1979190755,United States,2017,621613,Technology,Computer Software: Prepackaged Software
APPS,Digital Turbine Inc. Common Stock,$8.06 ,-0.13,-1.59%,974744466,United States,,2364732,Miscellaneous,Multi-Sector Companies
APRE,Aprea Therapeutics Inc. Common stock,$0.62 ,-0.015,-2.36%,7677321,United States,2019,50900,Health Care,Biotechnology: Pharmaceutical Preparations
APUR,Aperture AC Class A Ordinary Shares,$9.96 ,0,0.00%,0,United States,2026,17,Finance,Blank Checks
APURR,Aperture AC Rights,$0.21 ,0.0115,5.77%,0,United States,2026,649,Finance,Blank Checks
APVO,Aptevo Therapeutics Inc. Common Stock,$4.11 ,-0.02,-0.48%,5121492,United States,,2954,Health Care,Biotechnology: Pharmaceutical Preparations
APXT,Apex Treasury Corporation Class A Ordinary Share,$10.10 ,-0.02,-0.20%,0,United States,2025,820006,Technology,Computer Software: Prepackaged Software
APXTU,Apex Treasury Corporation Units,$10.26 ,-0.09,-0.87%,0,United States,2025,1391,Finance,Blank Checks
APXTW,Apex Treasury Corporation Warrants,$0.35 ,-0.05,-12.50%,0,United States,2025,45745,Finance,Blank Checks
APYX,Apyx Medical Corporation Common Stock,$4.10 ,-0.02,-0.49%,171839364,United States,,83050,Health Care,Medical/Dental Instruments
AQB,AquaBounty Technologies Inc. Common Stock,$0.91 ,-0.0044,-0.48%,4661308,United States,,4298,Consumer Staples,Meat/Poultry/Fish
AQMS,Aqua Metals Inc. Common Stock,$2.53 ,-0.33,-11.54%,8993948,United States,2015,70475,Industrials,Metal Fabrications
AQST,Aquestive Therapeutics Inc. Common Stock,$3.70 ,-0.025,-0.67%,463600521,United States,2018,1785654,Health Care,Biotechnology: Pharmaceutical Preparations
ARAI,Arrive AI Inc. Common Stock,$0.24 ,-0.0054,-2.25%,12186947,United States,,2132222,Consumer Discretionary,Diversified Commercial Services
ARAY,Accuray Incorporated Common Stock,$0.27 ,-0.0169,-5.93%,31894167,United States,2007,1884923,Health Care,Medical/Dental Instruments
ARCB,ArcBest Corporation Common Stock,$144.35 ,2.285,1.61%,3213776643,United States,,589996,Industrials,Trucking Freight/Courier Services
ARCC,Ares Capital Corporation Common Stock,$18.76 ,-0.07,-0.37%,13470108572,United States,2004,3931679,Finance,Finance: Consumer Services
ARCI,Archimedes Tech SPAC Partners III Co. Ordinary Share,$10.14 ,0.04,0.40%,0,United States,2026,385,,
ARCIU,Archimedes Tech SPAC Partners III Co. Units,$10.38 ,0.03,0.29%,0,United States,2026,300,Finance,Blank Checks
ARCL,ARC Group Acquisition I Corp Class A Ordinary Shares,$9.95 ,0,0.00%,0,United States,2026,100334,Finance,Blank Checks
ARDX,Ardelyx Inc. Common Stock,$4.95 ,-0.09,-1.79%,1222795466,United States,2014,2762718,Health Care,Biotechnology: Pharmaceutical Preparations
AREC,American Resources Corporation Class A Common Stock,$1.79 ,-0.04,-2.19%,191478577,United States,,1490890,Energy,Coal Mining
ARHS,Arhaus Inc. Class A Common Stock,$7.41 ,0.07,0.95%,1048811874,United States,2021,1015080,Consumer Discretionary,Other Specialty Stores
ARKO,ARKO Corp. Common Stock,$7.99 ,-0.06,-0.75%,896363911,United States,,535076,Consumer Staples,Food Chains
ARKR,Ark Restaurants Corp. Common Stock,$5.65 ,0,0.00%,20374787,United States,,104,Consumer Discretionary,Restaurants
ARLP,Alliance Resource Partners L.P. Common Units representing Limited Partners Interests,$25.95 ,-0.24,-0.92%,3338695886,United States,1999,206892,Energy,Coal Mining
AROW,Arrow Financial Corporation Common Stock,$39.84 ,-0.1,-0.25%,658516117,United States,,74761,Finance,Major Banks
ARQ,Arq Inc. Common Stock,$1.97 ,-0.09,-4.37%,84564728,United States,,183908,Industrials,Major Chemicals
ARQT,Arcutis Biotherapeutics Inc. Common Stock,$26.86 ,-1.13,-4.04%,3359739426,United States,2020,1548551,Health Care,Biotechnology: Pharmaceutical Preparations
ARRY,Array Technologies Inc. Common Stock,$5.22 ,0.14,2.76%,802973693,United States,2020,6611882,Consumer Discretionary,Miscellaneous manufacturing industries
ARTC,Art Technology Acquisition Corp. Class A Ordinary Shares,$9.97 ,0,0.00%,0,United States,2026,16,Finance,Blank Checks
ARTCU,Art Technology Acquisition Corp. Units,$10.15 ,0,0.00%,0,United States,2026,2415,,
ARTCW,Art Technology Acquisition Corp. Warrants,$0.34 ,-0.0154,-4.33%,0,United States,2026,5819,,
ARTL,Artelo Biosciences Inc. Common Stock,$0.77 ,0.0148,1.96%,2683866,United States,,127855,Health Care,Biotechnology: Pharmaceutical Preparations
ARTNA,Artesian Resources Corporation Class A Common Stock,$34.35 ,-0.07,-0.20%,354644445,United States,,16538,Utilities,Water Supply
ARTV,Artiva Biotherapeutics Inc. Common Stock,$10.10 ,-0.33,-3.16%,249638387,United States,2024,360737,Health Care,Biotechnology: Biological Products (No Diagnostic Substances)
ARTW,Art's-Way Manufacturing Co. Inc. Common Stock,$2.16 ,-0.01,-0.46%,11234994,United States,,26660,Industrials,Industrial Machinery/Components
ARVN,Arvinas Inc. Common Stock,$8.03 ,-0.27,-3.25%,518105220,United States,2018,687931,Health Care,Biotechnology: Pharmaceutical Preparations
ARWR,Arrowhead Pharmaceuticals Inc. Common Stock,$84.65 ,-2.67,-3.06%,11923546828,United States,,1657535,Health Care,Biotechnology: Pharmaceutical Preparations
ARXS,Arxis Inc. Class A Common Stock,$54.30 ,5.32,10.86%,22281176002,United States,2026,1491429,Industrials,Military/Government/Technical
ASBP,Aspire Biopharma Holdings Inc. Common Stock,$6.52 ,-0.2,-2.98%,8444926,United States,2022,9435,Health Care,Biotechnology: Pharmaceutical Preparations
ASLE,AerSale Corporation Common Stock,$6.20 ,0.05,0.81%,292967540,United States,2019,215357,Consumer Discretionary,Industrial Specialties
ASMB,Assembly Biosciences Inc. Common Stock,$25.11 ,-0.95,-3.65%,399063387,United States,2010,101359,Health Care,Biotechnology: Pharmaceutical Preparations
ASO,Academy Sports and Outdoors Inc. Common Stock,$47.45 ,-0.9,-1.86%,2942771704,United States,2020,938370,Consumer Discretionary,Other Specialty Stores
ASPI,ASP Isotopes Inc. Common Stock,$4.00 ,0.02,0.50%,613237520,United States,2022,2331578,Industrials,Major Chemicals
ASRV,AmeriServ Financial Inc. Common Stock,$4.57 ,0,0.00%,77526700,United States,,4753,Finance,Major Banks
ASST,Strive Inc. Class A Common Stock,$11.11 ,-0.83,-6.95%,929573400,United States,2023,3347960,Technology,Computer Software: Prepackaged Software
ASTC,Astrotech Corporation (DE) Common Stock,$6.54 ,0.27,4.31%,13139187,United States,,43972,Industrials,Biotechnology: Laboratory Analytical Instruments
ASTE,Astec Industries Inc. Common Stock,$50.66 ,-0.74,-1.44%,1164806636,United States,1986,279515,Industrials,Construction/Ag Equipment/Trucks
ASTH,Astrana Health Inc. Common Stock,$35.56 ,-1.12,-3.05%,1981268783,United States,,632359,Consumer Discretionary,Professional Services
ASTI,Ascent Solar Technologies Inc. Common Stock,$2.91 ,-0.15,-4.90%,28565814,United States,,304189,Technology,Semiconductors
ASTS,AST SpaceMobile Inc. Class A Common Stock,$58.98 ,0.54,0.92%,22891587257,United States,2019,9719913,Consumer Discretionary,Telecommunications Equipment
ASUR,Asure Software Inc Common Stock,$8.03 ,-0.34,-4.06%,230313513,United States,,186206,Technology,EDP Services
ASYS,Amtech Systems Inc. Common Stock,$15.34 ,0.55,3.72%,223308552,United States,,260760,Technology,Industrial Machinery/Components
ATEC,Alphatec Holdings Inc. Common Stock,$9.52 ,-0.14,-1.45%,1464074184,United States,2006,1669228,Health Care,Medical/Dental Instruments
ATER,Aterian Inc. Common Stock,$0.41 ,0.0201,5.15%,4461646,United States,2019,262114,Consumer Discretionary,Home Furnishings
ATEX,Anterix Inc. Common Stock,$93.02 ,-0.56,-0.60%,1813747958,United States,2015,252281,Telecommunications,Telecommunications Equipment
ATHR,Aether Holdings Inc. Common Stock,$3.27 ,-0.08,-2.39%,39983389,United States,2025,25015,Technology,Computer Software: Prepackaged Software
ATII,Archimedes Tech SPAC Partners II Co. Ordinary Shares,$10.65 ,0,0.00%,0,United States,2025,89524,,
ATIIW,Archimedes Tech SPAC Partners II Co. Warrant,$1.60 ,0.02,1.27%,0,United States,2025,11566,Finance,Blank Checks
ATLC,Atlanticus Holdings Corporation Common Stock,$105.49 ,-0.56,-0.53%,1594797504,United States,1995,127067,Finance,Finance: Consumer Services
ATLCL,Atlanticus Holdings Corporation 6.125% Senior Notes due 2026,$25.23 ,0.172,0.69%,381615078,United States,,10571,Finance,Finance: Consumer Services
ATLCP,Atlanticus Holdings Corporation 7.625% Series B Cumulative Perpetual Preferred Stock no par value per share,$24.45 ,0.0216,0.09%,369635027,United States,,943,Finance,Finance: Consumer Services
ATLCZ,Atlanticus Holdings Corporation 9.25% Senior Notes due 2029,$25.38 ,-0.04,-0.16%,383883896,United States,,21457,Finance,Finance: Consumer Services
ATLO,Ames National Corporation Common Stock,$30.59 ,0.2,0.66%,270942360,United States,,22320,Finance,Major Banks
ATLX,Atlas Lithium Corporation Common Stock,$2.74 ,0.02,0.74%,80805030,United States,,129413,Industrials,Mining & Quarrying of Nonmetallic Minerals (No Fuels)
ATNI,ATN International Inc. Common Stock,$23.81 ,0.31,1.32%,366218110,United States,,76366,Telecommunications,Telecommunications Equipment
ATOM,Atomera Incorporated Common Stock,$5.16 ,0.07,1.38%,199777140,United States,2016,554587,Technology,Semiconductors
ATOS,Atossa Therapeutics Inc. Common Stock,$2.07 ,-0.12,-5.48%,17825517,United States,2012,79050,Health Care,Biotechnology: Pharmaceutical Preparations
ATRA,Atara Biotherapeutics Inc. Common Stock,$8.38 ,0.21,2.57%,75505241,United States,2014,34499,Health Care,Biotechnology: Biological Products (No Diagnostic Substances)
ATRC,AtriCure Inc. Common Stock,$37.76 ,-2.39,-5.95%,1920711261,United States,2005,1311533,Health Care,Medical/Dental Instruments
ATRO,Astronics Corporation Common Stock,$69.49 ,1.08,1.58%,2988656704,United States,,295460,Industrials,Military/Government/Technical
ATYR,aTyr Pharma Inc. Common Stock,$0.49 ,0.0057,1.19%,47623474,United States,2015,396660,Health Care,Biotechnology: Biological Products (No Diagnostic Substances)
AUBN,Auburn National Bancorporation Inc. Common Stock,$26.15 ,0.04,0.15%,91348644,United States,,1672,Finance,Major Banks
AUC,ATIF Holdings Limited Ordinary Shares,$7.19 ,-0.1101,-1.51%,74152121,United States,2019,15439,Consumer Discretionary,Professional Services
AUGO,Aura Minerals Inc. Common Shares,$54.57 ,-2.38,-4.18%,4572377899,United States,,887649,,
AUID,authID Inc. Common Stock,$0.73 ,0.0673,10.23%,12122246,United States,,92335,Technology,Computer Software: Prepackaged Software
AUR,Aurora Innovation Inc. Class A Common Stock,$6.45 ,0.21,3.37%,12926801479,United States,2021,27718140,Technology,EDP Services
AURA,Aura Biosciences Inc. Common Stock,$7.01 ,-0.1,-1.41%,725089276,United States,2021,294071,Health Care,Biotechnology: Biological Products (No Diagnostic Substances)
AUROW,Aurora Innovation Inc. Warrant,$0.20 ,0.01,5.26%,400831054,United States,2021,35819,Technology,EDP Services
AUUD,Auddia Inc. Common Stock,$1.02 ,-0.03,-2.86%,5471331,United States,2021,91899,Technology,EDP Services
AVAH,Aveanna Healthcare Holdings Inc. Common Stock,$9.39 ,-0.3,-3.10%,2044721356,United States,2021,1733270,Health Care,Medical/Nursing Services
AVAT,Avalanche Treasury Corporation Class A Common Stock,$0.30 ,-0.0117,-3.77%,13550813,United States,,286901,Finance,Finance: Consumer Services
AVAV,AeroVironment Inc. Common Stock,$149.37 ,2.8,1.91%,7559321441,United States,2007,942471,Industrials,Aerospace
AVBH,Avidbank Holdings Inc. Common stock,$32.61 ,-0.25,-0.76%,357247996,United States,,141088,Finance,Commercial Banks
AVBP,ArriVent BioPharma Inc. Common Stock,$29.82 ,-0.84,-2.74%,1388864353,United States,2024,427793,Health Care,Biotechnology: Pharmaceutical Preparations
AVGO,Broadcom Inc. Common Stock,$389.28 ,1.44,0.37%,1.85203E+12,United States,2009,20362690,Technology,Semiconductors
AVIR,Atea Pharmaceuticals Inc. Common Stock,$4.70 ,-0.04,-0.84%,376127365,United States,2020,471936,Health Care,Biotechnology: Pharmaceutical Preparations
AVLN,Avalyn Pharma Inc. Common Stock,$28.79 ,-0.52,-1.77%,1276349805,United States,2026,126791,Health Care,Biotechnology: Pharmaceutical Preparations
AVNW,Aviat Networks Inc. Common Stock,$20.48 ,-0.47,-2.24%,265000202,United States,,188183,Technology,Radio And Television Broadcasting And Communications Equipment
AVO,Mission Produce Inc. Common Stock,$12.61 ,-0.14,-1.10%,1113712766,United States,2020,476358,Consumer Staples,Farming/Seeds/Milling
AVPT,AvePoint Inc. Class A Common Stock,$13.03 ,0.21,1.64%,2762584064,United States,2019,1755691,Technology,Computer Software: Prepackaged Software
AVR,Anteris Technologies Global Corp. Common Stock,$7.84 ,-0.4,-4.85%,763162872,United States,2024,1034895,Health Care,Industrial Specialties
AVT,Avnet Inc. Common Stock,$88.84 ,2.04,2.35%,7287019356,United States,,1181832,Technology,Electronic Components
AVTX,Avalo Therapeutics Inc. Common Stock,$18.25 ,-1.14,-5.88%,965479549,United States,2015,895957,Health Care,Biotechnology: Pharmaceutical Preparations
AVXL,Anavex Life Sciences Corp. Common Stock,$2.75 ,0.05,1.85%,254847335,United States,,1198659,Health Care,Biotechnology: Biological Products (No Diagnostic Substances)
AWRE,Aware Inc. Common Stock,$1.20 ,0.05,4.35%,25975292,United States,1996,106855,Technology,Computer Software: Prepackaged Software
AXGN,Axogen Inc. Common Stock,$42.21 ,0.86,2.08%,2269273464,United States,,1223566,Health Care,Biotechnology: Electromedical & Electrotherapeutic Apparatus
AXON,Axon Enterprise Inc. Common Stock,$527.76 ,2.46,0.47%,42538552158,United States,2001,491216,Industrials,Ordnance And Accessories
AXSM,Axsome Therapeutics Inc. Common Stock,$217.99 ,-16.65,-7.10%,11217714390,United States,2015,782072,Health Care,Biotechnology: Pharmaceutical Preparations
AXTI,AXT Inc Common Stock,$60.43 ,13.49,28.74%,3953523009,United States,1998,29560252,Technology,Semiconductors
AYTU,Aytu BioPharma Inc.  Common Stock,$2.23 ,0.08,3.72%,23935054,United States,,73167,Health Care,Biotechnology: Pharmaceutical Preparations
AZIO,Azio AI Holdings Inc. Common Stock,$1.43 ,-0.24,-14.37%,18490928,United States,,3779519,Consumer Discretionary,Auto Parts:O.E.M.
AZTA,Azenta Inc.,$28.13 ,-0.67,-2.33%,1296590577,United States,,456593,Technology,Industrial Machinery/Components
BACC,Blue Acquisition Corp. Class A Ordinary Shares,$10.48 ,-0.01,-0.10%,0,United States,2025,24113,Finance,Blank Checks
BACCR,Blue Acquisition Corp. Right ,$0.52 ,0,0.00%,0,United States,2025,54,Finance,Blank Checks
BAER,Bridger Aerospace Group Holdings Inc. Common Stock,$1.94 ,-0.04,-2.02%,111817024,United States,,330774,Industrials,Aerospace
BAERW,Bridger Aerospace Group Holdings Inc. Warrant,$0.27 ,0.0223,9.14%,15348904,United States,,10621,Industrials,Aerospace
BAFN,BayFirst Financial Corp. Common Stock,$6.63 ,0.45,7.28%,27228780,United States,,20205,Finance,Major Banks
BAND,Bandwidth Inc. Class A Common Stock,$39.14 ,0.31,0.80%,1259556042,United States,2017,1028026,Technology,Computer Software: Prepackaged Software
BANF,BancFirst Corporation Common Stock,$112.82 ,0.66,0.59%,3789216181,United States,1993,174785,Finance,Major Banks
BANFP,BancFirst Corporation - BFC Capital Trust II Cumulative Trust Preferred Securities,$26.64 ,0.3264,1.24%,894620439,United States,,3292,Finance,Major Banks
BANR,Banner Corporation Common Stock,$70.41 ,0.57,0.82%,2391682867,United States,,265872,Finance,Major Banks
BANX,ArrowMark Financial Corp. Common Stock,$20.40 ,0.13,0.64%,144893570,United States,,81037,Finance,Trusts Except Educational Religious and Charitable
BATRA,Atlanta Braves Holdings Inc. Series A Common Stock,$54.41 ,0.05,0.09%,3490065301,United States,,65163,Consumer Discretionary,Services-Misc. Amusement & Recreation
BATRK,Atlanta Braves Holdings Inc. Series C Common Stock,$50.83 ,0.03,0.06%,3260430421,United States,,512013,Consumer Discretionary,Services-Misc. Amusement & Recreation
BBCP,Concrete Pumping Holdings Inc. Common Stock,$9.73 ,-0.11,-1.12%,490327977,United States,2017,154253,Consumer Discretionary,Engineering & Construction
BBCQ,Bleichroeder Acquisition Corp. II Class A Ordinary Shares,$10.20 ,-0.03,-0.29%,0,United States,2026,7178,,
BBCQU,Bleichroeder Acquisition Corp. II Units,$10.43 ,0.199,1.95%,0,United States,2026,110,,
BBCQW,Bleichroeder Acquisition Corp. II Warrants,$1.89 ,0.03,1.61%,0,United States,2026,12021,,
BBGI,Beasley Broadcast Group Inc. Class A Common Stock,$20.89 ,0.8,3.98%,37777831,United States,2000,9594,Consumer Discretionary,Broadcasting
BBIO,BridgeBio Pharma Inc. Common Stock,$80.09 ,-2.05,-2.50%,15674229853,United States,2019,2132706,Health Care,Biotechnology: Pharmaceutical Preparations
BBLG,Bone Biologics Corp Common Stock,$0.85 ,-0.0144,-1.67%,1531038,United States,,19309,Health Care,Industrial Specialties
BBLGW,Bone Biologics Corp Warrants,$10.00 ,0,0.00%,18103800,United States,,2,Health Care,Industrial Specialties
BBNX,Beta Bionics Inc. Common Stock,$12.83 ,-1.44,-10.09%,577217697,United States,2025,2004610,Health Care,Medical/Dental Instruments
BBOT,BridgeBio Oncology Therapeutics Inc. Common Stock  ,$8.09 ,-0.41,-4.82%,648066471,United States,2024,368252,Health Care,Biotechnology: Pharmaceutical Preparations
BBSI,Barrett Business Services Inc. Common Stock,$39.04 ,-0.93,-2.33%,958808697,United States,1993,363422,Consumer Discretionary,Professional Services
BCAB,BioAtla Inc. Common Stock,$3.29 ,-0.09,-2.66%,5459933,United States,2020,13657,Health Care,Biotechnology: Biological Products (No Diagnostic Substances)
BCAL,California BanCorp Common Stock,$21.30 ,0.14,0.66%,685110751,United States,,235817,Finance,Major Banks
BCAR,D. Boral ARC Acquisition I Corp. Class A Ordinary Shares,$5.08 ,0.21,4.31%,0,United States,2025,76239,Finance,Blank Checks
BCARU,D. Boral ARC Acquisition I Corp. Units,$4.89 ,-3.11,-38.88%,0,United States,2025,2124,Finance,Blank Checks
BCARW,D. Boral ARC Acquisition I Corp. Warrant,$0.69 ,-0.03,-4.17%,0,United States,2025,131459,Finance,Blank Checks
BCAX,Bicara Therapeutics Inc. Common Stock,$27.10 ,0.83,3.16%,1780574769,United States,2024,690021,Health Care,Biotechnology: Pharmaceutical Preparations
BCBP,BCB Bancorp Inc. (NJ) Common Stock,$9.99 ,-0.22,-2.16%,173457938,United States,2005,357751,Finance,Savings Institutions
BCCQU,Bleichroeder Acquisition Corp. III Units,$10.10 ,0,0.00%,0,United States,2026,110,Finance,Blank Checks
BCDA,BioCardia Inc. Common Stock,$0.82 ,0.0531,6.89%,9375048,United States,,125629,Health Care,Biotechnology: Biological Products (No Diagnostic Substances)
BCG,Binah Capital Group Inc. Common Stock,$1.45 ,0,0.00%,24374690,United States,,17267,Finance,Finance: Consumer Services
BCGWW,Binah Capital Group Inc. Warrants,$0.11 ,0,0.00%,1931484,United States,,375,Finance,Finance: Consumer Services
BCIC,BCP Investment Corporation Common Stock,$7.20 ,-0.04,-0.55%,89117863,United States,2006,42419,Finance,Finance: Consumer Services
BCML,BayCom Corp Common Stock,$30.18 ,-0.03,-0.10%,329243187,United States,2018,52658,Finance,Major Banks
BCPC,Balchem Corporation Common Stock,$167.56 ,4.825,2.97%,5383514671,United States,,346188,Industrials,Major Chemicals
BCRX,BioCryst Pharmaceuticals Inc. Common Stock,$8.98 ,-0.26,-2.81%,2282380687,United States,1994,2928998,Health Care,Biotechnology: Biological Products (No Diagnostic Substances)
BDCI,BTC Development Corp. Class A Ordinary Shares,$10.08 ,0,0.00%,0,United States,2025,292619,Finance,Blank Checks
BDCIU,BTC Development Corp. Unit,$10.20 ,0,0.00%,0,United States,2025,100,Finance,Blank Checks
BDSX,Biodesix Inc. Common Stock,$21.20 ,-0.135,-0.63%,219543151,United States,2020,42045,Health Care,Medical Specialities
BDTX,Black Diamond Therapeutics Inc. Common Stock,$1.69 ,-0.025,-1.46%,96839998,United States,2020,623025,Health Care,Biotechnology: Biological Products (No Diagnostic Substances)
BEAG,Bold Eagle Acquisition Corp. Class A Ordinary Shares,$10.67 ,0,0.00%,0,United States,2024,878,,
BEAGR,Bold Eagle Acquisition Corp. Right,$0.30 ,0,0.00%,0,United States,2024,15,,
BEAGU,Bold Eagle Acquisition Corp. Units,$11.03 ,0,0.00%,0,United States,2024,8,,
BEAM,Beam Therapeutics Inc. Common Stock,$25.52 ,-0.97,-3.66%,2625477541,United States,2020,1068211,Health Care,Biotechnology: Biological Products (No Diagnostic Substances)
BEAT,Heartbeam Inc. Common Stock,$0.50 ,-0.0166,-3.21%,27786722,United States,2021,363438,Health Care,Medical/Dental Instruments
BEATW,Heartbeam Inc. Warrant,$0.02 ,0,0.00%,888109,United States,2021,6,Health Care,Medical/Dental Instruments
BEEM,Beam Global Common Stock,$1.05 ,0.01,0.96%,22193832,United States,,147925,Technology,Semiconductors
BEEP,Mobile Infrastructure Corporation Common Stock,$1.83 ,0.07,3.98%,75396000,United States,,11187,Finance,Blank Checks
BELFA,Bel Fuse Inc. Class A Common Stock,$223.13 ,13.41,6.39%,2838817613,United States,,180402,,
BELFB,Bel Fuse Inc. Class B Common Stock,$271.97 ,18.56,7.32%,3460194623,United States,,421621,,
BENF,Beneficient Class A Common Stock,$3.20 ,0.15,4.92%,49337421,United States,,3650,Finance,Finance: Consumer Services
BENFW,Beneficient Warrant,$0.01 ,-0.0002,-1.72%,175765,United States,,25648,Finance,Finance: Consumer Services
BFC,Bank First Corporation Common Stock,$152.74 ,1.45,0.96%,1692549209,United States,,75952,Finance,Major Banks
BFRG,Bullfrog AI Holdings Inc. Common Stock,$0.56 ,-0.02,-3.48%,10290616,United States,2023,271226,Health Care,Biotechnology: Pharmaceutical Preparations
BFRI,Biofrontera Inc. Common Stock,$1.17 ,-0.06,-4.88%,14979912,United States,2021,433099,Health Care,Biotechnology: Pharmaceutical Preparations
BFRIW,Biofrontera Inc. Warrants,$0.03 ,0,0.00%,384100,United States,2021,6,Health Care,Biotechnology: Pharmaceutical Preparations
BFST,Business First Bancshares Inc. Common Stock,$31.82 ,-0.12,-0.38%,1039812942,United States,,232668,Finance,Major Banks
BGC,BGC Group Inc. Class A Common Stock,$11.52 ,-0.16,-1.37%,5518732458,United States,,2712604,Finance,Investment Bankers/Brokers/Service
BGMS,Bio Green Med Solution Inc. Common Stock,$0.89 ,-0.0229,-2.51%,4912316,United States,,8520,Health Care,Biotechnology: Pharmaceutical Preparations
BHAV,BHAV Acquisition Corp Class A Ordinary Shares,$9.99 ,0.01,0.10%,0,United States,2026,3022,Finance,Blank Checks
BHAVU,BHAV Acquisition Corp Units,$10.11 ,-0.01,-0.10%,0,United States,2026,145,Finance,Blank Checks
BHF,Brighthouse Financial Inc. Common Stock,$61.91 ,-1.54,-2.43%,3556468549,United States,,796192,Finance,Life Insurance
BHFAL,Brighthouse Financial Inc. 6.25% Junior Subordinated Debentures due 2058,$15.72 ,0.28,1.81%,903047740,United States,,41270,Finance,Life Insurance
BHFAM,Brighthouse Financial Inc. Depositary shares each representing a 1/1000th Interest in a Share of 4.625% Non-Cumulative Preferred Stock Series D,$10.05 ,0.1,1.01%,577330139,United States,,53227,Finance,Life Insurance
BHFAN,Brighthouse Financial Inc. Depositary shares each representing a 1/1000th interest in a share of 5.375% Non-Cumulative Preferred Stock Series C,$11.40 ,0.03,0.26%,654881949,United States,,107138,Finance,Life Insurance
BHFAO,Brighthouse Financial Inc. Depositary Shares 6.75% Non-Cumulative Preferred Stock Series B,$14.40 ,0.12,0.84%,827219304,United States,,62164,Finance,Life Insurance
BHFAP,Brighthouse Financial Inc. Depositary Shares 6.6% Non-Cumulative Preferred Stock Series A,$13.95 ,0.0399,0.29%,801368701,United States,,90464,Finance,Life Insurance
BHRB,Burke & Herbert Financial Services Corp. Common Stock,$73.25 ,0.23,0.32%,1477098776,United States,,135778,Finance,Major Banks
BIAF,bioAffinity Technologies Inc. Common Stock,$0.63 ,-0.017,-2.64%,4883092,United States,2022,110491,Health Care,Biotechnology: Commercial Physical & Biological Resarch
BIAFW,bioAffinity Technologies Inc. Warrant,$0.09 ,0.0065,7.43%,731608,United States,2022,1000,Health Care,Biotechnology: Commercial Physical & Biological Resarch
BID,Tribeca Strategic Acquisition Corp. Class A Ordinary Shares,$9.84 ,-0.005,-0.05%,0,United States,2026,1350,Finance,Blank Checks
BIDWR,Tribeca Strategic Acquisition Corp. Rights,$0.14 ,0,0.00%,0,United States,2026,71,Finance,Blank Checks
BIDWU,Tribeca Strategic Acquisition Corp. Unit,$9.96 ,0,0.00%,0,United States,2026,26,Finance,Blank Checks
BIIB,Biogen Inc. Common Stock,$202.95 ,-4.98,-2.40%,29986673894,United States,,1062023,Health Care,Biotechnology: Biological Products (No Diagnostic Substances)
BIOA,BioAge Labs Inc. Common Stock,$9.04 ,-15.81,-63.62%,401852715,United States,2024,9969593,Health Care,Biotechnology: Pharmaceutical Preparations
BIRD,Smartbird Inc. Class A Common Stock,$2.22 ,-0.08,-3.48%,19549433,United States,2021,203844,Consumer Discretionary,Apparel
BIVI,BioVie Inc. Class A Common Stock,$1.52 ,0.09,6.29%,11463595,United States,,203815,Health Care,Biotechnology: Pharmaceutical Preparations
BIVIW,BioVie Inc. Warrant,$0.39 ,0.01,2.63%,2941317,United States,,58134,Health Care,Biotechnology: Pharmaceutical Preparations
BIXI,Bitcoin Infrastructure Acquisition Corp Ltd. Class A Ordinary Shares,$10.02 ,-0.005,-0.05%,0,United States,2025,2900,,
BIXIU,Bitcoin Infrastructure Acquisition Corp Ltd. Unit ,$10.10 ,0,0.00%,0,United States,2025,4,Finance,Blank Checks
BIXIW,Bitcoin Infrastructure Acquisition Corp Ltd. Warrant,$0.25 ,0.0281,12.77%,0,United States,2025,2091,,
BJDX,Bluejay Diagnostics Inc. Common Stock,$0.86 ,-0.0693,-7.46%,889855,United States,2021,104357,Health Care,Medical/Dental Instruments
BJRI,BJ's Restaurants Inc. Common Stock,$67.61 ,-6.65,-8.96%,1420954232,United States,,964837,Consumer Discretionary,Restaurants
BKHA,Black Hawk Acquisition Corporation Class A Ordinary Shares,$11.78 ,0,0.00%,0,United States,2024,102,Health Care,Biotechnology: Biological Products (No Diagnostic Substances)
BKHAU,Black Hawk Acquisition Corporation Units,$12.01 ,-0.09,-0.74%,0,United States,2024,429,,
BKNG,Booking Holdings Inc. Common Stock,$192.90 ,-0.34,-0.18%,1.49474E+11,United States,,4598413,Consumer Discretionary,Transportation Services
BKR,Baker Hughes Company Class A Common Stock,$60.49 ,0.59,0.99%,60046854555,United States,,5758072,Consumer Discretionary,Oil and Gas Field Machinery
BKYI,BIO-key International Inc. Common Stock,$4.39 ,0.06,1.39%,4773510,United States,,41237,Technology,Computer Software: Prepackaged Software
BL,BlackLine Inc. Common Stock,$31.40 ,0.74,2.41%,1841952794,United States,2016,513980,Technology,Computer Software: Prepackaged Software
BLBD,Blue Bird Corporation Common Stock,$74.39 ,-0.21,-0.28%,2354189756,United States,2014,375150,Consumer Discretionary,Construction/Ag Equipment/Trucks
BLFS,BioLife Solutions Inc. Common Stock,$31.28 ,-0.36,-1.14%,1528259941,United States,,764475,Health Care,Biotechnology: Electromedical & Electrotherapeutic Apparatus
BLIN,Bridgeline Digital Inc. Common Stock,$1.16 ,-0.005,-0.43%,16509948,United States,2007,41696,Technology,Computer Software: Prepackaged Software
BLKB,Blackbaud Inc. Common Stock,$42.80 ,2.72,6.79%,1942696152,United States,2004,920038,Technology,Computer Software: Prepackaged Software
BLLN,BillionToOne Inc. Class A Common Stock,$138.60 ,-0.99,-0.71%,6374974082,United States,2025,531213,Health Care,Medical Specialities
BLMN,Bloomin' Brands Inc. Common Stock,$8.66 ,-0.2,-2.26%,741419725,United States,2012,1652177,Consumer Discretionary,Restaurants
BLNE,Beeline Holdings Inc. Common Stock,$0.88 ,-0.0353,-3.87%,28587108,United States,,266843,Finance,Finance: Consumer Services
BLNK,Blink Charging Co. Common Stock,$0.52 ,0.027,5.51%,74283728,United States,,1773800,Consumer Discretionary,Industrial Specialties
BLRK,Bluerock Acquisition Corp. Class A Ordinary Shares,$10.12 ,0.01,0.10%,0,United States,2026,125,,
BLRKU,Bluerock Acquisition Corp. Unit,$10.23 ,0,0.00%,0,United States,2025,96,,
BLRKW,Bluerock Acquisition Corp. Warrants,$0.70 ,0,0.00%,0,United States,2026,16,,
BLTE,Belite Bio Inc American Depositary Shares,$158.61 ,-1.31,-0.82%,6239711056,United States,2022,159293,Health Care,Biotechnology: Pharmaceutical Preparations
BLUW,Blue Water Acquisition Corp. III Class A Ordinary Shares,$10.36 ,0,0.00%,75058200,United States,2025,2042,,
BLUWU,Blue Water Acquisition Corp. III Unit.,$10.50 ,0,0.00%,0,United States,2025,2,Health Care,Biotechnology: Biological Products (No Diagnostic Substances)
BLUWW,Blue Water Acquisition Corp. III Warrant.,$0.36 ,0,0.00%,0,United States,2025,9,,
BLZE,Backblaze Inc. Class A Common Stock,$13.72 ,1.09,8.63%,823200000,United States,2021,2413707,Technology,Computer Software: Prepackaged Software
BLZR,Trailblazer Acquisition Corp. Class A Ordinary Shares,$10.16 ,0.02,0.20%,0,United States,2025,52420,Finance,Blank Checks
BLZRU,Trailblazer Acquisition Corp. Unit,$10.24 ,0,0.00%,0,United States,2025,2,,
BLZRW,Trailblazer Acquisition Corp. Warrant,$0.39 ,0.0527,15.83%,0,United States,2025,1670,Finance,Blank Checks
BMBL,Bumble Inc. Class A Common Stock,$2.85 ,-0.06,-2.06%,371728829,United States,2021,1867392,Technology,Computer Software: Programming Data Processing
BMEA,Biomea Fusion Inc. Common Stock,$1.17 ,-0.05,-4.10%,84590345,United States,2021,473042,Health Care,Biotechnology: Pharmaceutical Preparations
BMRA,Biomerica Inc. Common Stock,$1.49 ,-0.0999,-6.28%,4604501,United States,,11463,Health Care,Biotechnology: In Vitro & In Vivo Diagnostic Substances
BMRC,Bank of Marin Bancorp Common Stock,$29.16 ,0.46,1.60%,472091856,United States,,146054,Finance,Major Banks
BMRN,BioMarin Pharmaceutical Inc. Common Stock,$60.02 ,-0.56,-0.92%,11600931969,United States,1999,2377157,Health Care,Biotechnology: Pharmaceutical Preparations
BNAI,Brand Engagement Network Inc. Common Stock,$11.71 ,-0.24,-2.01%,76205015,United States,2021,98239,Technology,EDP Services
BNAIW,Brand Engagement Network Inc. Warrant,$0.12 ,0.0098,8.90%,780272,United States,2021,4477,Technology,EDP Services
BNC,CEA Industries Inc. Common Stock,$2.66 ,-0.01,-0.38%,109761841,United States,,507587,Industrials,Industrial Machinery/Components
BNCWW,CEA Industries Inc. Warrant,$0.02 ,0,0.00%,817024,United States,,6,Industrials,Industrial Machinery/Components
BNCWZ,CEA Industries Inc. Warrant,$0.07 ,-0.0021,-2.92%,2884343,United States,,303,Industrials,Industrial Machinery/Components
BNGO,Bionano Genomics Inc. Common Stock,$1.07 ,0.01,0.94%,12278250,United States,2018,237416,Industrials,Biotechnology: Laboratory Analytical Instruments
BNKK,Bonk Inc. Common Stock,$0.91 ,-0.0885,-8.89%,7253652,United States,2020,43289,Consumer Discretionary,Package Goods/Cosmetics
BNTC,Benitec Biopharma Inc. Common Stock,$11.71 ,-0.15,-1.27%,402289251,United States,2015,107530,Health Care,Biotechnology: Pharmaceutical Preparations
BNZI,Banzai International Inc. Class A Common Stock,$1.85 ,0.03,1.65%,6069019,United States,2021,72884,Technology,Computer Software: Prepackaged Software
BNZIW,Banzai International Inc. Warrant,$0.01 ,0.0016,16.33%,37398,United States,2021,109663,Technology,Computer Software: Prepackaged Software
BODI,The Beachbody Company Inc. Class A Common Stock,$9.75 ,-0.24,-2.40%,70607199,United States,,13088,Consumer Discretionary,Other Consumer Services
BOF,BranchOut Food Inc. Common Stock,$3.91 ,-0.04,-1.01%,59885677,United States,2023,25960,Consumer Staples,Packaged Foods
BOKF,BOK Financial Corporation Common Stock,$141.29 ,0.22,0.16%,8584930167,United States,,206459,Finance,Major Banks
BOLD,Boundless Bio Inc. Common Stock,$2.50 ,0,0.00%,56160278,United States,2024,105470,Health Care,Biotechnology: Pharmaceutical Preparations
BOLT,Bolt Biotherapeutics Inc. Common Stock,$3.99 ,0.1,2.57%,7667052,United States,2021,19505,Health Care,Biotechnology: Pharmaceutical Preparations
BOOM,DMC Global Inc. Common Stock,$6.74 ,0.48,7.67%,138445996,United States,,241081,Industrials,Industrial Specialties
BOTJ,Bank of the James Financial Group Inc. Common Stock,$27.04 ,-0.57,-2.06%,122851860,United States,,63712,Finance,Major Banks
BOXL,Boxlight Corporation Class A Common Stock,$3.04 ,0.21,7.42%,2027531,United States,2017,113624,Real Estate,Other Consumer Services
BPAC,Blueport Acquisition Ltd Class A Ordinary Shares,$10.16 ,0,0.00%,0,United States,2026,99717,,
BPOP,Popular Inc. Common Stock,$175.21 ,0.08,0.05%,11307651994,United States,,465413,Finance,Major Banks
BPOPM,Popular Inc. Popular Capital Trust II - 6.125% Cumulative Monthly Income Trust Preferred Securities,$25.11 ,-0.06,-0.24%,1620541873,United States,,911,Finance,Major Banks
BPRN,Princeton Bancorp Inc. Common Stock (PA),$41.24 ,0.07,0.17%,280891826,United States,,49369,Finance,Major Banks
BRCB,Black Rock Coffee Bar Inc. Class A Common Stock,$8.06 ,0.09,1.13%,403449804,United States,2025,276691,Consumer Discretionary,Restaurants
BREZ,Breeze Acquisition Corp. II Ordinary Shares,$9.96 ,-0.01,-0.10%,0,United States,2026,75036,Finance,Blank Checks
BRFH,Barfresh Food Group Inc. Common Stock,$1.66 ,-0.05,-2.92%,26798212,United States,,7690,Consumer Staples,Packaged Foods
BRID,Bridgford Foods Corporation Common Stock,$6.35 ,-0.04,-0.63%,57637883,United States,,1902,Consumer Staples,Specialty Foods
BRKH,Burtech Acquisition Corp II Class A Ordinary Shares,$9.94 ,0,0.00%,0,United States,2026,125435,Finance,Blank Checks
BRKHU,Burtech Acquisition Corp II Unit,$10.08 ,0.02,0.20%,0,United States,2026,3139,Finance,Blank Checks
BRKHW,Burtech Acquisition Corp II Warrants,$0.16 ,0.01,6.67%,0,United States,2026,6338,Finance,Blank Checks
BRKR,Bruker Corporation Common Stock,$62.84 ,-1.5,-2.33%,9739296612,United States,,1731505,Industrials,Biotechnology: Laboratory Analytical Instruments
BRKRP,Bruker Corporation 6.375% Mandatory Convertible Preferred Stock Series A,$466.90 ,-8.09,-1.70%,72362787846,United States,,6563,Industrials,Biotechnology: Laboratory Analytical Instruments
BRLT,Brilliant Earth Group Inc. Class A Common Stock,$1.05 ,-0.06,-5.41%,106261260,United States,2021,43707,Consumer Discretionary,Consumer Specialties
BRR,ProCap Financial Inc. Common Stock,$1.70 ,-0.01,-0.59%,153974991,United States,2025,264406,Finance,Finance: Consumer Services
BRRWW,ProCap Financial Inc. Warrant,$0.21 ,0.0084,4.20%,18884580,United States,2025,2578,Finance,Finance: Consumer Services
BRTMU,B&R Technology Merger Corp. Units,$9.94 ,-0.01,-0.10%,0,United States,2026,12493,,
BRTX,BioRestorative Therapies Inc. Common Stock (NV),$0.20 ,-0.0208,-9.22%,5215381,United States,,926867,Health Care,Managed Health Care
BRUN,Boost Run Inc. Class A Common Stock,$20.04 ,0.19,0.96%,1231030627,United States,,1598069,Technology,EDP Services
BRUNW,Boost Run Inc. Warrant,$8.71 ,0.21,2.47%,535043751,United States,,13356,Technology,EDP Services
BRZE,Braze Inc. Class A Common Stock,$24.92 ,-0.14,-0.56%,3054688591,United States,2021,3906168,Technology,Computer Software: Prepackaged Software
BSBK,Bogota Financial Corp. Common Stock,$9.05 ,0.01,0.11%,116332320,United States,2020,2239,Finance,Banks
BSET,Bassett Furniture Industries Incorporated Common Stock,$18.97 ,-0.4,-2.07%,164247363,United States,,31231,Consumer Discretionary,Home Furnishings
BSIN,Big Sky Industrial Inc. Common Stock,$1.14 ,0.02,1.79%,59645289,United States,,1232383,Energy,Oil & Gas Production
BSRR,Sierra Bancorp Common Stock,$40.76 ,0.1,0.25%,533107540,United States,,56731,Finance,Major Banks
BSVN,Bank7 Corp. Common stock,$50.28 ,0.28,0.56%,478632164,United States,2018,38767,Finance,Major Banks
BSY,Bentley Systems Incorporated Class B Common Stock,$35.44 ,0.23,0.65%,10766554127,United States,2020,2539305,Technology,Computer Software: Prepackaged Software
BTAI,BioXcel Therapeutics Inc. Common Stock,$0.81 ,0.0152,1.92%,24949105,United States,2018,499504,Health Care,Biotechnology: Pharmaceutical Preparations
BTBD,BT Brands Inc. Common Stock,$1.18 ,0.01,0.86%,7297974,United States,2021,28513,Consumer Discretionary,Restaurants
BTBDW,BT Brands Inc. Warrant,$0.06 ,0.0201,50.50%,370465,United States,2021,106,Consumer Discretionary,Restaurants
BTBT,Bit Digital Inc. Ordinary Shares,$1.31 ,-0.11,-7.75%,457439450,United States,2018,25016489,Finance,Finance: Consumer Services
BTCS,BTCS Inc. Common Stock,$1.03 ,-0.02,-1.91%,51268632,United States,,417746,Finance,Finance: Consumer Services
BTMD,Biote Corp. Class A Common Stock,$2.25 ,0.03,1.35%,84557934,United States,,78567,Health Care, Medicinal Chemicals and Botanical Products 
BTOC,Armlogi Holding Corp. Common Stock,$0.25 ,0.0246,10.91%,11365314,United States,2024,348700,Consumer Discretionary,Office Equipment/Supplies/Services
BTOG,Bit Origin Limited Class A Ordinary Shares,$0.71 ,-0.1068,-13.13%,2939301,United States,2019,7277560,Finance,Finance: Consumer Services
BTSG,BrightSpring Health Services Inc. Common Stock,$59.71 ,-13.17,-18.07%,11779880006,United States,2024,7734879,Health Care,Medical/Nursing Services
BTSGU,BrightSpring Health Services Inc. Tangible Equity Unit,$199.48 ,-41.22,-17.13%,39354387264,United States,2024,172544,Health Care,Medical/Nursing Services
BULL,Webull Corporation Class A Ordinary Shares,$7.06 ,-0.09,-1.26%,3754639775,United States,,6054889,Finance,Investment Bankers/Brokers/Service
BULLW,Webull Corporation Warrants,$2.24 ,-0.07,-3.03%,1191273810,United States,,18141,Finance,Investment Bankers/Brokers/Service
BUSE,First Busey Corporation Class A Common Stock,$30.86 ,-0.42,-1.34%,2610051158,United States,,908565,Finance,Major Banks
BUSEP,First Busey Corporation Depositary Shares Each Representing a 1/40thInterest in a Share of 8.25% Fixed-Rate Series B Non-Cumulative Perpetual Preferred Stock $0.001 par value,$26.28 ,0.16,0.61%,2222687765,United States,,19456,Finance,Major Banks
BVFL,BV Financial Inc. Common Stock,$20.54 ,-0.2,-0.96%,177453913,United States,2023,10737,Finance,Savings Institutions
BVS,Bioventus Inc. Class A Common Stock,$13.17 ,-0.01,-0.08%,1100153118,United States,2021,773955,Health Care,Medical/Dental Instruments
BWB,Bridgewater Bancshares Inc. Common Stock,$20.48 ,-0.02,-0.10%,571051356,United States,2018,169064,Finance,Major Banks
BWBBP,Bridgewater Bancshares Inc. Depositary Shares Each Representing a 1/100th Interest in a Share of 5.875% Non-Cumulative Perpetual Preferred Stock Series A,$20.00 ,0,0.00%,557667340,United States,,134,Finance,Major Banks
BWEN,Broadwind Inc. Common Stock,$4.00 ,0.1,2.56%,93616464,United States,,689702,Telecommunications,Metal Fabrications
BWFG,Bankwell Financial Group Inc. Common Stock,$68.15 ,0.44,0.65%,543372217,United States,2014,51280,Finance,Major Banks
BWIN,The Baldwin Insurance Group Inc. Class A Common Stock,$27.74 ,1.05,3.93%,3954825918,United States,2019,1253571,Finance,Specialty Insurers
BWMN,Bowman Consulting Group Ltd. Common Stock,$26.85 ,1,3.87%,470082658,United States,2021,142932,Consumer Discretionary,Professional Services
BXBL,BOXABL Inc. Common stock,$4.58 ,-0.09,-1.93%,1102755601,United States,2025,138296,Consumer Discretionary,Homebuilding
BYFC,Broadway Financial Corporation Class A Common Stock,$10.11 ,0.01,0.10%,94012374,United States,,7352,Finance,Savings Institutions
BYND,Beyond Meat Inc. Common Stock,$0.57 ,0.0103,1.85%,291683794,United States,2019,26119932,Consumer Staples,Packaged Foods
BYRN,Byrna Technologies Inc. Common Stock,$4.55 ,-0.01,-0.22%,103254770,United States,,710777,Miscellaneous,Industrial Machinery/Components
BYSI,BeyondSpring Inc. Ordinary Shares,$1.15 ,0.02,1.77%,47287793,United States,2017,8671,Health Care,Biotechnology: Pharmaceutical Preparations
BZAI,Blaize Holdings Inc. Common Stock,$0.79 ,-0.0189,-2.34%,114039864,United States,2025,2392859,Finance,Blank Checks
BZAIW,Blaize Holdings Inc. Warrants,$0.20 ,-0.0126,-5.99%,28556863,United States,2025,57275,Finance,Blank Checks
BZFD,BuzzFeed Inc. Class A Common Stock,$1.19 ,-0.01,-0.83%,96873795,United States,2021,325509,Consumer Discretionary,Telecommunications Equipment
BZFDW,BuzzFeed Inc. Warrant,$0.02 ,-0.0001,-0.46%,1766522,United States,2021,13063,Consumer Discretionary,Telecommunications Equipment
CABA,Cabaletta Bio Inc. Common Stock,$2.68 ,-0.04,-1.47%,436986853,United States,2019,1907678,Health Care,Biotechnology: Biological Products (No Diagnostic Substances)
CABR,Caring Brands Inc. Common Stock,$1.59 ,0.03,1.92%,14455495,United States,,6906,Consumer Discretionary,Package Goods/Cosmetics
CAC,Camden National Corporation Common Stock,$57.89 ,0.04,0.07%,979190825,United States,,109044,Finance,Major Banks
CACC,Credit Acceptance Corporation Common Stock,$568.91 ,13.24,2.38%,5950838993,United States,1992,87102,Finance,Finance: Consumer Services
CADL,Candel Therapeutics Inc. Common Stock,$10.01 ,0.14,1.42%,733435092,United States,2021,1117483,Health Care,Biotechnology: Biological Products (No Diagnostic Substances)
CAES,Cantor Equity Partners VII Inc. Class A Ordinary Shares,$10.08 ,0.02,0.20%,0,United States,2026,297,Finance,Blank Checks
CAI,Caris Life Sciences Inc. Common Stock,$15.67 ,-0.42,-2.61%,4429606491,United States,2025,3511235,Health Care,Medical Specialities
CAII,Collective Acquisition Corp. II Class A Ordinary Shares,$9.94 ,0,0.00%,0,United States,2026,6,Finance,Blank Checks
CAIIU,Collective Acquisition Corp. II Units,$10.03 ,0,0.00%,0,United States,2026,92500,Finance,Blank Checks
CAIIW,Collective Acquisition Corp. II Warrants,$0.23 ,0.029,14.50%,0,United States,2026,1327,Finance,Blank Checks
CAKE,Cheesecake Factory Incorporated (The) Common Stock,$101.42 ,0.11,0.11%,5039089515,United States,1992,1975063,Consumer Discretionary,Restaurants
CALC,CalciMedica Inc. Common Stock,$1.00 ,0.16,19.05%,30736401,United States,2023,511261,Health Care,Biotechnology: Pharmaceutical Preparations
CALM,Cal-Maine Foods Inc. Common Stock,$87.78 ,0.7,0.80%,4118381282,United States,1996,884166,Consumer Staples,Farming/Seeds/Milling
CAMP,CAMP4 Therapeutics Corporation Common Stock,$3.45 ,-0.02,-0.58%,179144010,United States,2024,91219,,
CAPN,Cayson Acquisition Corp Ordinary shares,$11.10 ,0,0.00%,0,United States,2024,24914,,
CAPNR,Cayson Acquisition Corp Right,$0.19 ,-0.01,-5.00%,0,United States,2024,101,Finance,Blank Checks
CAPR,Capricor Therapeutics Inc. Common Stock,$3.85 ,-0.34,-8.12%,222960788,United States,,7270696,Health Care,Biotechnology: Pharmaceutical Preparations
CAPS,Capstone Holding Corp. Common Stock,$0.25 ,0.0129,5.37%,3846403,United States,,87405,Health Care,Biotechnology: Pharmaceutical Preparations
CAQ,Cambridge Acquisition Corp. Class A Ordinary Shares,$9.92 ,-0.02,-0.20%,0,United States,2026,25006,,
CAQUU,Cambridge Acquisition Corp. Unit,$10.00 ,0,0.00%,0,United States,2026,24,,
CAR,Avis Budget Group Inc. Common Stock,$137.44 ,-14.56,-9.58%,4855171630,United States,,621969,Consumer Discretionary,Rental/Leasing Companies
CARE,Carter Bankshares Inc. Common Stock,$34.58 ,0.45,1.32%,768437106,United States,,478190,Finance,Major Banks
CARG,CarGurus Inc. Class A Common Stock ,$36.24 ,0.24,0.67%,3268380432,United States,2017,650073,Technology,EDP Services
CARL,Carlsmed Inc. Common Stock,$12.59 ,-0.07,-0.55%,342258306,United States,2025,79675,Health Care,Medical/Dental Instruments
CART,Maplebear Inc. Common Stock,$44.60 ,-0.15,-0.34%,10482329704,United States,2023,1911720,Consumer Discretionary,Business Services
CASH,Pathward Financial Inc. Common Stock,$88.24 ,0.54,0.62%,1862749400,United States,1993,202965,Finance,Major Banks
CASS,Cass Information Systems Inc Common Stock,$55.92 ,0.16,0.29%,719754652,United States,,146883,Consumer Discretionary,Business Services
CAST,FreeCast Inc. Class A Common Stock,$1.23 ,-0.09,-6.82%,58524706,United States,,391729,Technology,EDP Services
CASY,Casey's General Stores Inc. Common Stock,$871.00 ,4.15,0.48%,32231280094,United States,1983,219264,Consumer Discretionary,Retail-Auto Dealers and Gas Stations
CATLU,Catalyst Acquisition Corp. Units,$10.00 ,0.01,0.10%,0,United States,2026,745530,,
CATY,Cathay General Bancorp Common Stock,$63.19 ,0.16,0.25%,4235971665,United States,,563255,Finance,Major Banks
CBC,Central Bancompany Inc. Class A Common Stock,$32.80 ,-0.03,-0.09%,7864395714,United States,,443833,,
CBFV,CB Financial Services Inc. Common Stock,$36.63 ,-0.99,-2.63%,185809741,United States,,5667,Finance,Major Banks
CBIO,Crescent Biopharma Inc. Common Stock,$14.47 ,-0.55,-3.66%,516097554,United States,2014,292372,Health Care,Biotechnology: Pharmaceutical Preparations
CBK,Commercial Bancgroup Inc. Common Stock,$34.24 ,0.11,0.32%,469131451,United States,2025,61386,Finance,Major Banks
CBLL,CeriBell Inc. Common Stock,$17.69 ,0.05,0.28%,671206363,United States,2024,410790,Health Care,Biotechnology: Electromedical & Electrotherapeutic Apparatus
CBNK,Capital Bancorp Inc. Common Stock,$37.33 ,0.3,0.81%,608825049,United States,2018,38549,Finance,Major Banks
CBRL,Cracker Barrel Old Country Store Inc Common Stock,$56.39 ,-0.69,-1.21%,1260398829,United States,1981,562540,Consumer Discretionary,Restaurants
CBRS,Cerebras Systems Inc. Class A Common Stock,$198.71 ,-4.36,-2.15%,44282636169,United States,2026,3784731,Technology,Semiconductors
CBSH,Commerce Bancshares Inc. Common Stock,$59.27 ,-0.17,-0.29%,8640212155,United States,,1301222,Finance,Major Banks
CBUS,Cibus Inc. Class A Common Stock,$1.93 ,0,0.00%,147320054,United States,2017,141638,Industrials,Agricultural Chemicals
CCAP,Crescent Capital BDC Inc. Common stock,$10.93 ,0.08,0.74%,402726255,United States,,171151,Finance,Finance: Consumer Services
CCAQ,Collective Acquisition Corp. Class A Ordinary Shares,$10.48 ,0,0.00%,0,United States,2025,2260,Finance,Blank Checks
CCAQW,Collective Acquisition Corp. Warrants,$0.36 ,0.0259,7.80%,0,United States,2025,3102,Finance,Blank Checks
CCB,Coastal Financial Corporation Common Stock,$40.99 ,1.08,2.71%,625048640,United States,2018,1510174,Finance,Major Banks
CCBG,Capital City Bank Group Common Stock,$51.87 ,0.29,0.56%,887666715,United States,,48751,Finance,Major Banks
CCC,CCC Intelligent Solutions Holdings Inc. Common Stock,$6.09 ,0.03,0.50%,3574467864,United States,,15945092,Technology,Computer Software: Prepackaged Software
CCCC,C4 Therapeutics Inc. Common Stock,$3.48 ,-0.18,-4.92%,384773933,United States,2020,1949015,Health Care,Biotechnology: Biological Products (No Diagnostic Substances)
CCCT,Columbus Circle Capital Corp III Class A Ordinary Shares,$9.81 ,9.81,,0,United States,,17009,,
CCCTU,Columbus Circle Capital Corp III Units,$9.99 ,-0.01,-0.10%,0,United States,2026,10258,,
CCCTW,Columbus Circle Capital Corp III Warrants,$0.32 ,0.3249,,0,United States,,14782,,
CCD,Calamos Dynamic Convertible & Income Fund Common Stock,$24.74 ,0.305,1.25%,0,United States,,46002,Finance,Trusts Except Educational Religious and Charitable
CCII,Cohen Circle Acquisition Corp. II Class A Ordinary Shares,$10.34 ,0,0.00%,0,United States,2025,5129,,
CCIIW,Cohen Circle Acquisition Corp. II Warrant,$0.72 ,0.0005,0.07%,0,United States,2025,200,,
CCLD,CareCloud Inc. Common Stock,$2.44 ,0.03,1.25%,103682796,United States,2014,267720,Technology,Computer Software: Prepackaged Software
CCNE,CNB Financial Corporation Common Stock,$35.10 ,0.11,0.31%,1039978356,United States,,164098,Finance,Major Banks
CCNEP,CNB Financial Corporation Depositary Shares each representing a 1/40th ownership interest in a share of 7.125% Series A Fixed-Rate Non-Cumulative Perpetual Preferred Stock,$25.11 ,0.08,0.32%,743984516,United States,,2325,Finance,Major Banks
CCOI,Cogent Communications Holdings Inc.,$13.50 ,0.26,1.96%,676048451,United States,,962632,Consumer Discretionary,Telecommunications Equipment
CCSI,Consensus Cloud Solutions Inc. Common Stock,$36.40 ,0.67,1.88%,669685380,United States,,111322,Technology,Computer Software: Prepackaged Software
CCXI,Churchill Capital Corp XI Class A Ordinary Shares,$13.86 ,-0.14,-1.00%,0,United States,2026,997682,Finance,Blank Checks
CCXIU,Churchill Capital Corp XI Units,$14.00 ,-0.92,-6.17%,0,United States,2025,2781,Finance,Blank Checks
CCXIW,Churchill Capital Corp XI Warrants,$6.77 ,0.17,2.58%,0,United States,2026,37365,,
CDIO,Cardio Diagnostics Holdings Inc. Common stock,$1.56 ,-0.01,-0.64%,4616772,United States,2022,12730,Health Care,Biotechnology: In Vitro & In Vivo Diagnostic Substances
CDIOW,Cardio Diagnostics Holdings Inc. Warrant,$0.01 ,0,0.00%,41433,United States,2022,2700,Health Care,Biotechnology: In Vitro & In Vivo Diagnostic Substances
CDLX,Cardlytics Inc. Common Stock,$3.74 ,-0.06,-1.58%,21721408,United States,2018,16527,Technology,Computer Software: Programming Data Processing
CDNA,CareDx Inc. Common Stock,$43.71 ,5.61,14.72%,2258035915,United States,2014,2780257,Health Care,Medical Specialities
CDNL,Cardinal Infrastructure Group Inc. Class A Common Stock,$61.89 ,-1.07,-1.70%,2653029904,United States,2025,347051,Industrials,Military/Government/Technical
CDNS,Cadence Design Systems Inc. Common Stock,$340.02 ,7.2,2.16%,93639127860,United States,,2088213,Technology,Computer Software: Prepackaged Software
CDT,CDT Equity Inc. Common Stock,$2.93 ,0.25,9.33%,1849059,United States,2022,108905,Health Care,Biotechnology: Pharmaceutical Preparations
CDTTW,CDT Equity Inc. Warrant,$0.01 ,-0.0026,-18.71%,7131,United States,2022,2816,Health Care,Biotechnology: Pharmaceutical Preparations
CDW,CDW Corporation Common Stock,$147.81 ,2.25,1.55%,18883237592,United States,2013,1113022,Technology,Retail: Computer Software & Peripheral Equipment
CDXS,Codexis Inc. Common Stock,$1.40 ,-0.08,-5.41%,127255194,United States,2010,1134803,Industrials,Major Chemicals
CDZI,CADIZ Inc. Common Stock,$2.99 ,-0.15,-4.78%,251417995,United States,,750779,Utilities,Water Supply
CDZIP,Cadiz Inc. Depositary Shares,$22.37 ,0.0566,0.25%,1880724324,United States,,2250,Utilities,Water Supply
CECO,CECO Environmental Corp. Common Stock,$65.89 ,0.35,0.53%,3850934395,United States,1998,671754,Industrials,Pollution Control Equipment
CEG,Constellation Energy Corporation Common Stock ,$262.75 ,-0.81,-0.31%,94902689053,United States,,1850594,Utilities,Electric Utilities: Central
CELC,Celcuity Inc. Common Stock,$86.38 ,-1.26,-1.44%,4212431957,United States,2017,677980,Health Care,Medical Specialities
CELH,Celsius Holdings Inc. Common Stock,$29.21 ,-0.14,-0.48%,7467254916,United States,,5418323,Consumer Staples,Beverages (Production/Distribution)
CELU,Celularity Inc. Class A Common Stock,$0.64 ,-0.0447,-6.57%,18389369,United States,2019,80005,Health Care,Biotechnology: Pharmaceutical Preparations
CELZ,Creative Medical Technology Holdings Inc. Common Stock,$0.66 ,-0.1003,-13.12%,4377458,United States,,224178,Finance,Finance: Consumer Services
CENT,Central Garden & Pet Company Common Stock,$43.05 ,-0.23,-0.53%,2693672036,United States,1993,76178,Consumer Discretionary,Consumer Specialties
CENTA,Central Garden & Pet Company Class A Common Stock Nonvoting,$37.91 ,-0.17,-0.45%,2372058232,United States,,316340,Consumer Discretionary,Consumer Specialties
CENX,Century Aluminum Company Common Stock,$44.77 ,-0.11,-0.25%,4431068084,United States,1996,1928111,Industrials,Aluminum
CEPF,Cantor Equity Partners IV Inc. Class A Ordinary Shares,$10.41 ,0,0.00%,0,United States,2025,3736,Finance,Blank Checks
CEPL,Capstone Energy Plus Inc. Common Stock,$7.73 ,-0.15,-1.90%,249160819,United States,,196141,Industrials,Industrial Machinery/Components
CEPO,Cantor Equity Partners I Inc. Class A Ordinary Shares,$10.66 ,-0.01,-0.09%,0,United States,2025,24584,Finance,Blank Checks
CEPS,Cantor Equity Partners VI Inc. Class A Ordinary Shares,$10.40 ,0,0.00%,0,United States,2026,6,Finance,Blank Checks
CEPV,Cantor Equity Partners V Inc. Class A Ordinary Shares,$10.40 ,0,0.00%,0,United States,2025,7,,
CERS,Cerus Corporation Common Stock,$2.15 ,-0.74,-25.61%,430793294,United States,1997,8326524,Technology,EDP Services
CERT,Certara Inc. Common Stock,$8.10 ,0.32,4.11%,1260073325,United States,2020,4442137,Technology,Computer Software: Prepackaged Software
CETX,Cemtrex Inc. Common Stock,$2.47 ,-0.03,-1.20%,4251218,United States,,66202,Technology,Electrical Products
CETY,Clean Energy Technologies Inc. Common Stock,$0.91 ,0.015,1.68%,11071156,United States,,14717,Consumer Discretionary,Metal Fabrications
CEVA,CEVA Inc. Common Stock,$32.65 ,-0.24,-0.73%,909608398,United States,,935929,Technology,Computer Software: Programming Data Processing
CFBK,CF Bankshares Inc. Common Stock,$35.56 ,-0.255,-0.71%,228345482,United States,,61662,Finance,Major Banks
CFFI,C&F Financial Corporation Common Stock,$82.59 ,-1.07,-1.28%,268777758,United States,,5695,Finance,Major Banks
CFFN,Capitol Federal Financial Inc. Common Stock,$8.84 ,-0.02,-0.23%,1120645271,United States,,1137769,Finance,Savings Institutions
CG,The Carlyle Group Inc. Common Stock,$46.02 ,0.66,1.46%,16566023131,United States,2012,2327800,Finance,Investment Managers
CGABL,The Carlyle Group Inc. 4.625% Subordinated Notes due 2061,$16.22 ,0.0241,0.15%,5866853592,United States,,56094,Finance,Investment Managers
CGBD,Carlyle Secured Lending Inc. Common Stock,$9.99 ,-0.11,-1.09%,700558171,United States,2017,566918,Finance,Finance: Consumer Services
CGCFU,Cartesian Growth Corporation IV Unit,$9.98 ,0.01,0.10%,0,United States,2026,1582,,
CGEM,Cullinan Therapeutics Inc. Common Stock,$16.50 ,-1.02,-5.82%,1014057759,United States,2021,839679,Health Care,Biotechnology: Biological Products (No Diagnostic Substances)
CGNX,Cognex Corporation Common Stock,$65.24 ,2.62,4.18%,10857204983,United States,1989,1830237,Industrials,Industrial Machinery/Components
CGO,Calamos Global Total Return Fund Common Stock,$12.68 ,0.04,0.32%,0,United States,2005,24280,Finance,Investment Managers
CGON,CG Oncology Inc. Common stock,$71.19 ,-1.84,-2.52%,6279134053,United States,2024,561023,Health Care,Biotechnology: Biological Products (No Diagnostic Substances)
CGTX,Cognition Therapeutics Inc. Common Stock,$0.89 ,-0.0264,-2.88%,79617434,United States,2021,403652,Health Care,Biotechnology: Biological Products (No Diagnostic Substances)
CHAR,Charlton Aria Acquisition Corporation Class A Ordinary Shares,$10.90 ,0,0.00%,0,United States,2024,7,,
CHARR,Charlton Aria Acquisition Corporation Rights,$0.08 ,-0.0018,-2.18%,0,United States,2024,510,,
CHCI,Comstock Holding Companies Inc. Class A Common Stock,$14.10 ,-0.6,-4.08%,144655115,United States,2004,41552,Finance,Real Estate
CHCO,City Holding Company Common Stock,$145.11 ,0.61,0.42%,2047671298,United States,,133748,Finance,Major Banks
CHDN,Churchill Downs Incorporated Common Stock,$84.30 ,1.61,1.95%,5875730485,United States,,1598821,Consumer Discretionary,Services-Misc. Amusement & Recreation
CHEF,The Chefs' Warehouse Inc. Common Stock,$115.35 ,3.13,2.79%,4705828174,United States,2011,1118180,Consumer Discretionary,Food Distributors
CHGA,Change Agents Corporation Common Stock,$0.19 ,-0.0017,-0.88%,2852411,United States,,282855,Technology,EDP Services
CHI,Calamos Convertible Opportunities and Income Fund Common Stock,$12.53 ,0.15,1.21%,0,United States,2002,232775,Finance,Investment Managers
CHMG,Chemung Financial Corp Common Stock,$81.49 ,0.38,0.47%,392767132,United States,,57210,Finance,Major Banks
CHPG,ChampionsGate Acquisition Corporation Class A Ordinary Share,$10.42 ,0,0.00%,0,United States,2025,6,,
CHPGR,ChampionsGate Acquisition Corporation Rights,$0.15 ,0,0.00%,0,United States,2025,17,,
CHRD,Chord Energy Corporation Common Stock,$140.38 ,2.13,1.54%,7903279310,United States,,840196,Energy,Oil & Gas Production
CHRN,ChronoScale Holdings Corporation Common Stock,$22.03 ,0.97,4.61%,3199082595,United States,,113896,Industrials,Industrial Machinery/Components
CHRS,Coherus Oncology Inc. Common Stock,$1.41 ,-0.06,-4.08%,217492359,United States,2014,436929,Health Care,Biotechnology: Biological Products (No Diagnostic Substances)
CHRW,C.H. Robinson Worldwide Inc. Common Stock,$147.73 ,0.81,0.55%,17413384495,United States,1997,4180960,Industrials,Integrated Freight & Logistics
CHSCL,CHS Inc Class B Cumulative Redeemable Preferred Stock Series 4,$25.43 ,0.12,0.47%,312077036,United States,,70240,Industrials,Farming/Seeds/Milling
CHSCM,CHS Inc Class B Reset Rate Cumulative Redeemable Preferred Stock Series 3,$24.59 ,0.26,1.07%,301768554,United States,,55889,Industrials,Farming/Seeds/Milling
CHSCN,CHS Inc Preferred Class B Series 2 Reset Rate,$25.18 ,0.19,0.76%,309009036,United States,,47818,Industrials,Farming/Seeds/Milling
CHSCO,CHS Inc. Class B Cumulative Redeemable Preferred Stock,$25.72 ,0.08,0.31%,315635917,United States,,48319,Industrials,Farming/Seeds/Milling
CHSCP,CHS Inc. 8%  Cumulative Redeemable Preferred Stock,$26.69 ,0.05,0.19%,327539760,United States,,50804,Industrials,Farming/Seeds/Milling
CHTR,Charter Communications Inc. Class A Common Stock New,$144.98 ,2.98,2.10%,17292850790,United States,,2826893,Telecommunications,Cable & Other Pay Television Services
CHW,Calamos Global Dynamic Income Fund Common Stock,$8.30 ,0.11,1.34%,0,United States,2007,207636,Finance,Investment Managers
CHY,Calamos Convertible and High Income Fund Common Stock,$12.55 ,0.12,0.97%,0,United States,2003,251907,Finance,Investment Managers
CHYM,Chime Financial Inc. Class A Common Stock,$22.99 ,0.39,1.73%,8759630006,United States,2025,7554627,Finance,Finance: Consumer Services
CIFR,Cipher Digital Inc. Common Stock,$22.32 ,-0.335,-1.48%,9129978077,United States,2020,27759960,Finance,Finance: Consumer Services
CINF,Cincinnati Financial Corporation Common Stock,$177.68 ,2.95,1.69%,27269979036,United States,,944838,Finance,Property-Casualty Insurers
CING,Cingulate Inc. Common Stock,$4.79 ,0.03,0.63%,64516682,United States,2021,60610,Health Care,Biotechnology: Pharmaceutical Preparations
CINGW,Cingulate Inc. Warrants,$0.01 ,0.0007,5.60%,177791,United States,2021,5587,Health Care,Biotechnology: Pharmaceutical Preparations
CIRC,Circle8 Group Inc. Common Stock,$0.72 ,0.0009,0.13%,64503596,United States,2024,703419,Industrials,Biotechnology: Laboratory Analytical Instruments
CISO,CISO Global Inc. Common Stock,$0.26 ,0.0041,1.63%,11577558,United States,,58347,Consumer Discretionary,Professional Services
CIVB,Civista Bancshares Inc. Common Stock,$29.06 ,0.16,0.55%,603964093,United States,,111331,Finance,Major Banks
CJMB,Callan JMB Inc. Common Stock,$1.35 ,-0.13,-8.78%,7622259,United States,2025,136720,Consumer Discretionary,Business Services
CLAR,Clarus Corporation Common Stock,$3.21 ,0,0.00%,123397170,United States,,67664,Consumer Discretionary,Recreational Games/Products/Toys
CLBK,Columbia Financial Inc. Common Stock,$10.81 ,-0.14,-1.28%,1124753140,United States,2018,5069844,Finance,Savings Institutions
CLDX,Celldex Therapeutics Inc.,$38.06 ,-0.425,-1.10%,2987408260,United States,,875754,Health Care,Biotechnology: In Vitro & In Vivo Diagnostic Substances
CLFD,Clearfield Inc. Common Stock,$30.26 ,-0.63,-2.04%,411217060,United States,,197827,Utilities,Telecommunications Equipment
CLIR,ClearSign Technologies Corporation Common Stock (DE),$3.86 ,-0.04,-1.03%,26276776,United States,2012,1212,Industrials,Industrial Machinery/Components
CLMB,Climb Global Solutions Inc. Common Stock,$26.81 ,0.07,0.26%,498590932,United States,,121634,Technology,Retail: Computer Software & Peripheral Equipment
CLMT,Calumet Inc. Common Stock,$44.19 ,0.44,1.01%,3851032426,United States,2006,742255,Energy,Integrated oil Companies
CLNE,Clean Energy Fuels Corp. Common Stock,$1.94 ,0.01,0.52%,427235790,United States,2007,1197659,Utilities,Natural Gas Distribution
CLNN,Clene Inc. Common Stock,$5.02 ,-0.025,-0.50%,64083210,United States,,33756,Health Care,Biotechnology: Pharmaceutical Preparations
CLOV,Clover Health Investments Corp. Class A Common Stock,$4.17 ,-0.17,-3.92%,2196273631,United States,,3540449,Health Care,Medical Specialities
CLPT,ClearPoint Neuro Inc. Common Stock,$14.94 ,0.36,2.47%,448044071,United States,,605362,Health Care,Medical/Dental Instruments
CLRB,Cellectar Biosciences Inc.  Common Stock,$2.57 ,0.04,1.58%,20538957,United States,,129228,Health Care,Biotechnology: Pharmaceutical Preparations
CLRO,ClearOne Inc. Common Stock,$4.08 ,-0.23,-5.34%,10915681,United States,,54542,Utilities,Telecommunications Equipment
CLSK,CleanSpark Inc. Common Stock,$13.76 ,-0.78,-5.37%,3530934419,United States,,19427893,Finance,Finance: Consumer Services
CLSKW,CleanSpark Inc. Warrant,$0.33 ,0.009,2.81%,84424231,United States,,50889,Finance,Finance: Consumer Services
CLST,Catalyst Bancorp Inc. Common Stock,$17.06 ,0.31,1.85%,69125346,United States,2021,1894,Finance,Savings Institutions
CLYM,Climb Bio Inc. Common Stock,$11.90 ,-0.18,-1.49%,681429974,United States,2021,631796,Health Care,Biotechnology: Pharmaceutical Preparations
CMCO,Columbus McKinnon Corporation Common Stock,$19.17 ,-1.51,-7.30%,552717089,United States,1996,2736096,Industrials,Construction/Ag Equipment/Trucks
CMCSA,Comcast Corporation Class A Common Stock,$23.96 ,0.29,1.23%,85025332289,United States,,28194896,Telecommunications,Cable & Other Pay Television Services
CMCT,Creative Media & Community Trust Corporation Common stock,$3.50 ,0.09,2.64%,9655923,United States,,6201,Real Estate,Real Estate Investment Trusts
CME,CME Group Inc. Class A Common Stock,$267.79 ,0.57,0.21%,96291730839,United States,2002,3268804,Finance,Investment Bankers/Brokers/Service
CMII,Columbus Circle Capital Corp II Class A Ordinary Shares,$10.01 ,0.01,0.10%,0,United States,2026,251661,Finance,Blank Checks
CMIIW,Columbus Circle Capital Corp II Warrant,$0.98 ,0,0.00%,0,United States,2026,10149,Finance,Blank Checks
CMPX,Compass Therapeutics Inc. Common Stock,$1.91 ,-0.03,-1.55%,343967918,United States,,2639570,Health Care,Biotechnology: Biological Products (No Diagnostic Substances)
CMRC,Commerce.com Inc. Series 1 Common Stock,$3.13 ,-0.03,-0.95%,258263324,United States,2020,368147,Technology,Computer Software: Prepackaged Software
CMTL,Comtech Telecommunications Corp. Common Stock,$1.68 ,-0.02,-1.18%,50335204,United States,,315590,Technology,Radio And Television Broadcasting And Communications Equipment
CMTV,Community Bancorp. Common Stock,$40.45 ,0.85,2.15%,226166184,United States,,29621,Finance,Major Banks
CNDT,Conduent Incorporated Common Stock ,$1.57 ,-0.01,-0.63%,243501998,United States,,548094,Consumer Discretionary,Business Services
CNOB,ConnectOne Bancorp Inc. Common Stock,$32.94 ,-0.01,-0.03%,1656502992,United States,,432317,Finance,Major Banks
CNOBP,ConnectOne Bancorp Inc. Depositary Shares each representing a 1/40th interest in a share of 5.25% Fixed-Rate Reset Non-Cumulative Perpetual Preferred Stock Series A,$25.28 ,0.0784,0.31%,1271293128,United States,,17607,Finance,Major Banks
CNSP,CNS Pharmaceuticals Inc. Common Stock,$5.82 ,0.967,19.94%,8501249,United States,2019,11747,Health Care,Biotechnology: Pharmaceutical Preparations
CNTN,Canton Strategic Holdings Inc. Common Stock,$1.93 ,0.08,4.32%,148846587,United States,2022,1174638,Health Care,Biotechnology: Pharmaceutical Preparations
CNTX,Context Therapeutics Inc. Common Stock,$0.60 ,-0.0079,-1.30%,55072379,United States,2021,961670,Health Care,Biotechnology: Pharmaceutical Preparations
CNTY,Century Casinos Inc. Common Stock,$1.21 ,0.03,2.54%,34041581,United States,,37781,Consumer Discretionary,Hotels/Resorts
CNVS,Cineverse Corp. Class A Common Stock,$2.40 ,0.01,0.42%,56200850,United States,,88468,Consumer Discretionary,Consumer Electronics/Video Chains
CNXC,Concentrix Corporation Common Stock,$24.60 ,-0.3,-1.21%,1501051410,United States,,980697,Technology,Computer Software: Prepackaged Software
CNXN,PC Connection Inc. Common Stock,$83.72 ,1.23,1.49%,2112933648,United States,,271712,Consumer Discretionary,Catalog/Specialty Distribution
CNXU,Conexeu Sciences Inc. Common Stock,$8.31 ,-0.52,-5.89%,222361722,United States,,165310,Health Care,Industrial Specialties
COAG,Hemab Therapeutics Holdings Inc. Common Stock,$47.55 ,0.08,0.17%,2220842246,United States,2026,447295,Health Care,Biotechnology: Biological Products (No Diagnostic Substances)
COCH,Envoy Medical Inc. Class A Common Stock,$0.67 ,0.0041,0.62%,51556472,United States,2021,86763,Health Care,Industrial Specialties
COCHW,Envoy Medical Inc Warrant,$0.03 ,-0.006,-16.67%,2306433,United States,2021,15031,Health Care,Industrial Specialties
COCO,The Vita Coco Company Inc. Common Stock,$65.94 ,-1.01,-1.51%,3870295416,United States,2021,859749,Consumer Staples,Beverages (Production/Distribution)
COCP,Cocrystal Pharma Inc. Common Stock,$0.82 ,-0.0477,-5.50%,11305711,United States,,34129,Health Care,Biotechnology: Pharmaceutical Preparations
CODA,Coda Octopus Group Inc. Common stock,$10.14 ,-0.05,-0.49%,114386846,United States,,66262,Industrials,Industrial Machinery/Components
CODX,Co-Diagnostics Inc. Common Stock,$1.44 ,-0.12,-7.69%,7601698,United States,2026,371719,Health Care,Medical/Dental Instruments
COFS,ChoiceOne Financial Services Inc. Common Stock,$34.03 ,0.2,0.59%,509600441,United States,,75656,Finance,Major Banks
COGT,Cogent Biosciences Inc. Common Stock,$38.93 ,-2.43,-5.88%,6651891396,United States,2018,1547375,Health Care,Biotechnology: Pharmaceutical Preparations
COHU,Cohu Inc. Common Stock,$47.99 ,1.54,3.32%,2263944903,United States,,2613077,Industrials,Electrical Products
COIN,Coinbase Global Inc. Class A Common Stock,$146.26 ,-17.32,-10.59%,38526509534,United States,,20830555,Finance,Finance: Consumer Services
COKE,Coca-Cola Consolidated Inc. Common Stock,$187.90 ,-1.93,-1.02%,12507430843,United States,1972,305682,Consumer Staples,Beverages (Production/Distribution)
COLB,Columbia Banking System Inc. Common Stock,$31.27 ,0.02,0.06%,9052363745,United States,1992,2966160,Finance,Major Banks
COLL,Collegium Pharmaceutical Inc. Common Stock,$35.39 ,-0.59,-1.64%,1147831439,United States,2015,288520,Health Care,Biotechnology: Pharmaceutical Preparations
COLM,Columbia Sportswear Company Common Stock,$59.38 ,-3.41,-5.43%,3036740229,United States,1998,1320541,Consumer Discretionary,Apparel
COO,The Cooper Companies Inc. Common Stock,$72.32 ,-0.33,-0.45%,14104615162,United States,,2518586,Health Care,Ophthalmic Goods
CORT,Corcept Therapeutics Incorporated Common Stock,$114.49 ,-3.83,-3.24%,12376185473,United States,2004,1841109,Health Care,Biotechnology: Pharmaceutical Preparations
CORZ,Core Scientific Inc. Common Stock,$20.72 ,-1.09,-5.00%,6658173938,United States,,11974428,Finance,Finance: Consumer Services
CORZW,Core Scientific Inc. Tranche 1 Warrants,$14.00 ,-1.06,-7.04%,4498766174,United States,,63577,Finance,Finance: Consumer Services
CORZZ,Core Scientific Inc. Tranche 2 Warrants,$21.16 ,-0.72,-3.29%,6799563732,United States,,1431,Finance,Finance: Consumer Services
COSM,Cosmos Health Inc. Common Stock,$0.22 ,0.0155,7.75%,13384102,United States,,4981375,Health Care,Other Pharmaceuticals
COST,Costco Wholesale Corporation Common Stock,$951.89 ,-2.28,-0.24%,4.22143E+11,United States,,1758907,Consumer Discretionary,Department/Specialty Retail Stores
COYA,Coya Therapeutics Inc. Common Stock,$4.19 ,0.11,2.70%,98285597,United States,2022,179955,Health Care,Biotechnology: Pharmaceutical Preparations
CPB,The Campbell's Company Common Stock,$21.98 ,-0.1,-0.45%,6554573221,United States,,4788354,Consumer Staples,Packaged Foods
CPBI,Central Plains Bancshares Inc. Common Stock,$20.05 ,0.1383,0.70%,83864679,United States,2023,230,Finance,Savings Institutions
CPHC,Canterbury Park Holding Corporation 'New' Common Stock,$15.30 ,0.05,0.33%,78800110,United States,,1540,Consumer Discretionary,Services-Misc. Amusement & Recreation
CPIX,Cumberland Pharmaceuticals Inc. Common Stock,$6.68 ,-0.05,-0.74%,100087155,United States,2009,110143,Health Care,Biotechnology: Pharmaceutical Preparations
CPRT,Copart Inc. (DE) Common Stock,$29.12 ,-0.445,-1.51%,26959630356,United States,1994,8532614,Consumer Discretionary,Retail-Auto Dealers and Gas Stations
CPSH,CPS Technologies Corp. Common Stock,$3.92 ,-0.09,-2.24%,70828316,United States,,226006,Consumer Discretionary,Building Materials
CPSS,Consumer Portfolio Services Inc. Common Stock,$9.32 ,-0.25,-2.61%,202230626,United States,1992,23726,Finance,Finance: Consumer Services
CPZ,Calamos Long/Short Equity & Dynamic Income Trust Common Stock,$13.19 ,0.06,0.46%,258948639,United States,2019,56547,Finance,Trusts Except Educational Religious and Charitable
CRAI,CRA International Inc. Common Stock,$179.03 ,-4.92,-2.68%,1157226825,United States,1998,166286,Consumer Discretionary,Other Consumer Services
CRAN,Crane Harbor Acquisition Corp. II Class A Ordinary Shares,$10.14 ,0,0.00%,0,United States,2026,6,Finance,Blank Checks
CRANR,Crane Harbor Acquisition Corp. II Rights,$0.23 ,-0.01,-4.17%,0,United States,2026,100,Finance,Blank Checks
CRANU,Crane Harbor Acquisition Corp. II Units,$10.34 ,0,0.00%,0,United States,2025,50,,
CRAQ,Cal Redwood Acquisition Corp. Class A Ordinary Shares,$10.35 ,0,0.00%,0,United States,2025,6,Finance,Blank Checks
CRAQR,Cal Redwood Acquisition Corp. Right,$0.21 ,0,0.00%,0,United States,2025,5,Finance,Blank Checks
CRAQU,Cal Redwood Acquisition Corp. Units,$10.53 ,0,0.00%,0,United States,2025,2,Finance,Blank Checks
CRBP,Corbus Pharmaceuticals Holdings Inc. Common Stock,$8.97 ,-0.08,-0.88%,166194321,United States,,351718,Health Care,Biotechnology: Pharmaceutical Preparations
CRBU,Caribou Biosciences Inc. Common Stock,$1.46 ,-0.05,-3.31%,144803640,United States,2021,1127928,Health Care,Biotechnology: Biological Products (No Diagnostic Substances)
CRCT,Cricut Inc. Class A Common Stock,$4.69 ,0.04,0.86%,984424593,United States,2021,327068,Technology,Industrial Machinery/Components
CRDF,Cardiff Oncology Inc. Common Stock,$0.86 ,0.0044,0.52%,66546055,United States,,581356,Health Care,Biotechnology: Biological Products (No Diagnostic Substances)
CRDO,Credo Technology Group Holding Ltd Ordinary Shares,$206.99 ,5.91,2.94%,38599060107,United States,2022,6421541,Technology,Semiconductors
CREX,Creative Realities Inc. Common Stock,$3.14 ,0.12,3.97%,41127381,United States,,22650,Technology,EDP Services
CRIS,Curis Inc. Common Stock,$5.02 ,0.06,1.21%,9783654,United States,,14205,Health Care,Biotechnology: Biological Products (No Diagnostic Substances)
CRMD,CorMedix Inc. Common Stock,$7.53 ,0.04,0.53%,590742739,United States,,637884,Health Care,Biotechnology: Pharmaceutical Preparations
CRMT,America's Car-Mart Inc Common Stock,$3.19 ,-0.02,-0.62%,26564180,United States,,194796,Consumer Discretionary,Retail-Auto Dealers and Gas Stations
CRNC,Cerence Inc. Common Stock,$8.52 ,0.23,2.77%,385000133,United States,,632131,Technology,Computer Software: Prepackaged Software
CRNX,Crinetics Pharmaceuticals Inc. Common Stock,$83.52 ,-0.11,-0.13%,8806366172,United States,2018,1861676,Health Care,Biotechnology: Pharmaceutical Preparations
CROX,Crocs Inc. Common Stock,$128.01 ,4.35,3.52%,6360771840,United States,2006,1673971,Consumer Discretionary,Shoe Manufacturing
CRSR,Corsair Gaming Inc. Common Stock,$10.61 ,-0.02,-0.19%,1134020259,United States,2020,1208965,Technology,Computer peripheral equipment
CRUS,Cirrus Logic Inc. Common Stock,$129.35 ,-2.51,-1.90%,6526059073,United States,1989,886805,Technology,Semiconductors
CRVL,CorVel Corp. Common Stock,$60.06 ,0.57,0.96%,3063604084,United States,,181371,Finance,Specialty Insurers
CRVO,CervoMed Inc. Common Stock,$2.58 ,0.06,2.38%,34897681,United States,,238241,Health Care,Biotechnology: Pharmaceutical Preparations
CRVS,Corvus Pharmaceuticals Inc. Common Stock,$13.26 ,0.07,0.53%,1115039022,United States,2016,775890,Health Care,Biotechnology: Pharmaceutical Preparations
CRWD,CrowdStrike Holdings Inc. Class A Common Stock,$190.86 ,5.64,3.05%,1.94345E+11,United States,2019,7879472,Technology,Computer Software: Prepackaged Software
CRWS,Crown Crafts Inc Common Stock,$2.95 ,0,0.00%,31742847,United States,,84174,Consumer Discretionary,Textiles
CRWV,CoreWeave Inc. Class A Common Stock,$71.77 ,-2.13,-2.88%,39155583732,United States,2025,26346733,Technology,Computer Software: Prepackaged Software
CSAI,Cloudastructure Inc. Class A Common Stock,$5.80 ,-0.1431,-2.41%,144987704,United States,,83192,Technology,Computer Software: Programming Data Processing
CSBR,Champions Oncology Inc. Common Stock,$5.36 ,0.1,1.90%,74469530,United States,,2008,Health Care,Biotechnology: Biological Products (No Diagnostic Substances)
CSCO,Cisco Systems Inc. Common Stock (DE),$115.99 ,2.43,2.14%,4.57167E+11,United States,1990,18801425,Telecommunications,Computer Communications Equipment
CSGP,CoStar Group Inc. Common Stock,$28.76 ,-0.7,-2.38%,11653482631,United States,1998,8229871,Finance,Real Estate
CSPI,CSP Inc. Common Stock,$7.91 ,0.05,0.64%,79668310,United States,1982,15437,Technology,EDP Services
CSQ,Calamos Strategic Total Return Common Stock,$20.14 ,0.14,0.70%,3199996707,United States,2004,148987,Finance,Finance Companies
CSTL,Castle Biosciences Inc. Common Stock,$28.00 ,1.21,4.52%,849238656,United States,2019,1757938,Health Care,Medical Specialities
CSWC,Capital Southwest Corporation Common Stock,$23.59 ,0,0.00%,1465899726,United States,,582787,Consumer Discretionary,Textiles
CSX,CSX Corporation Common Stock,$50.40 ,0.21,0.42%,93364735817,United States,,17240586,Industrials,Railroads
CTAA,ClearThink 1 Acquisition Corp. Class A Ordinary Shares,$9.92 ,-0.02,-0.20%,0,United States,2026,134,Finance,Blank Checks
CTAAR,ClearThink 1 Acquisition Corp. Rights,$0.22 ,0.0148,7.04%,0,United States,2026,510,Finance,Blank Checks
CTAAU,ClearThink 1 Acquisition Corp. Units,$10.07 ,0,0.00%,0,United States,2026,130,Finance,Blank Checks
CTAS,Cintas Corporation Common Stock,$204.63 ,-2.16,-1.05%,81886697267,United States,1983,2233134,Industrials,Garments and Clothing
CTBI,Community Trust Bancorp Inc. Common Stock,$78.45 ,0.38,0.49%,1424943912,United States,,98637,Finance,Major Banks
CTKB,Cytek Biosciences Inc. Common Stock,$4.22 ,-0.09,-2.09%,544981717,United States,2021,608906,Industrials,Biotechnology: Laboratory Analytical Instruments
CTMX,CytomX Therapeutics Inc. Common Stock,$3.10 ,-0.18,-5.49%,674879049,United States,2015,3502201,Health Care,Biotechnology: Pharmaceutical Preparations
CTNM,Contineum Therapeutics Inc. Class A Common Stock,$15.49 ,-0.26,-1.65%,579114980,United States,2024,449581,Health Care,Biotechnology: Pharmaceutical Preparations
CTNT,Cheetah Net Supply Chain Service Inc Class A Common Stock,$1.80 ,-0.07,-3.74%,5686904,United States,2023,197905,Consumer Discretionary,Motor Vehicles
CTOR,Citius Oncology Inc. Common Stock,$0.59 ,0.0185,3.22%,55072767,United States,2022,39594,Health Care,Biotechnology: Pharmaceutical Preparations
CTRN,Citi Trends Inc. Common Stock,$66.67 ,-1.13,-1.67%,555350966,United States,2005,63192,Consumer Discretionary,Clothing/Shoe/Accessory Stores
CTSH,Cognizant Technology Solutions Corporation Class A Common Stock,$55.35 ,1.455,2.70%,24932086968,United States,1998,8124378,Technology,EDP Services
CTSO,Cytosorbents Corporation Common Stock,$0.36 ,0.0108,3.09%,22679948,United States,,88335,Health Care,Medical/Dental Instruments
CTXR,Citius Pharmaceuticals Inc. Common Stock,$0.57 ,-0.062,-9.81%,15647965,United States,,248485,Health Care,Biotechnology: Pharmaceutical Preparations
CUB,Lionheart Holdings Class A Ordinary Shares,$10.81 ,-0.01,-0.09%,343418307,United States,2024,31885,Finance,Blank Checks
CUBWW,Lionheart Holdings Warrant,$0.43 ,0.0198,4.83%,0,United States,2024,714,Finance,Blank Checks
CUE,Cue Biopharma Inc. Common Stock,$26.84 ,-3.56,-11.71%,112737206,United States,2018,474967,Health Care,Biotechnology: Pharmaceutical Preparations
CULP,Culp Inc. Common Stock,$3.48 ,-0.06,-1.70%,44066488,United States,,13941,Consumer Discretionary,Textiles
CURI,CuriosityStream Inc. Class A Common Stock,$2.44 ,0.02,0.83%,144661744,United States,2020,197234,Consumer Discretionary,Movies/Entertainment
CURX,Curanex Pharmaceuticals Inc Common Stock,$0.21 ,0.0142,7.44%,5820459,United States,2025,137537,Health Care,Biotechnology: Pharmaceutical Preparations
CV,CapsoVision Inc. Common Stock,$6.58 ,-0.12,-1.79%,328760396,United States,2025,66291,Health Care,Biotechnology: Electromedical & Electrotherapeutic Apparatus
CVBF,CVB Financial Corporation Common Stock,$22.37 ,-0.3,-1.32%,3947302735,United States,,1467668,Finance,Major Banks
CVCO,Cavco Industries Inc. Common Stock When Issued,$547.03 ,-15.37,-2.73%,4216250683,United States,,268557,Consumer Discretionary,Homebuilding
CVGI,Commercial Vehicle Group Inc. Common Stock,$4.53 ,0.19,4.38%,165443274,United States,2004,534102,Consumer Discretionary,Auto Parts:O.E.M.
CVKD,Cadrenal Therapeutics Inc. Common Stock,$2.01 ,-0.08,-3.83%,6867350,United States,2023,14932,Health Care,Biotechnology: Pharmaceutical Preparations
CVLT,Commvault Systems Inc. Common Stock,$117.80 ,1.38,1.19%,4882169639,United States,2006,845351,Technology,Computer Software: Prepackaged Software
CVRX,CVRx Inc. Common Stock,$5.18 ,-0.205,-3.81%,137323510,United States,2021,95419,Health Care,Medical/Dental Instruments
CVV,CVD Equipment Corporation Common Stock,$7.21 ,0.7,10.75%,50041070,United States,,160352,Technology,Industrial Machinery/Components
CWBC,Community West Bancshares Common Stock,$25.03 ,-0.12,-0.48%,679169176,United States,,224007,Finance,Major Banks
CWD,CaliberCos Inc. Class A Common Stock,$0.48 ,-0.0348,-6.79%,4222091,United States,2023,127005,Finance,Real Estate
CWST,Casella Waste Systems Inc. Class A Common Stock,$89.71 ,0.21,0.24%,5706447807,United States,1997,626800,Utilities,Environmental Services
CXAI,CXApp Inc. Class A Common Stock,$0.12 ,-0.0019,-1.53%,8592945,United States,2021,2093999,Technology,EDP Services
CXAIW,CXApp Inc. Warrant,$0.05 ,0.0024,5.06%,3490446,United States,2021,48127,Technology,EDP Services
CXDO,Crexendo Inc. Common Stock,$6.88 ,0.07,1.03%,223017766,United States,,230427,Telecommunications,Telecommunications Equipment
CXII,Churchill Capital Corp XII Class A Ordinary Shares,$10.60 ,0.025,0.24%,0,United States,2026,103243,Finance,Blank Checks
CXIIU,Churchill Capital Corp XII Units,$10.92 ,0,0.00%,0,United States,2026,1,Finance,Blank Checks
CXIIW,Churchill Capital Corp XII Warrants,$1.67 ,0,0.00%,0,United States,2026,7,Finance,Blank Checks
CYCN,Cyclerion Therapeutics Inc. Common Stock,$3.44 ,-0.06,-1.71%,14896280,United States,,15710,Health Care,Biotechnology: Pharmaceutical Preparations
CYCU,Cycurion Inc. Common Stock,$0.89 ,-0.7219,-44.84%,10188805,United States,2025,160004716,Technology,EDP Services
CYCUW,Cycurion Inc. Warrant,$0.02 ,-0.018,-43.69%,266164,United States,2025,1390335,Technology,EDP Services
CYN,Cyngn Inc. Common Stock,$1.06 ,-0.03,-2.75%,15288678,United States,2021,103341,Technology,EDP Services
CYPH,Cypherpunk Technologies Inc. Common Stock,$0.59 ,-0.035,-5.60%,62877923,United States,,1059986,Health Care,Biotechnology: Pharmaceutical Preparations
CYRX,CryoPort Inc. Common Stock,$15.09 ,-0.24,-1.57%,760570903,United States,,392012,Health Care,Biotechnology: Pharmaceutical Preparations
CYTK,Cytokinetics Incorporated Common Stock,$77.13 ,-3.29,-4.09%,9597483738,United States,2004,1579291,Health Care,Biotechnology: Pharmaceutical Preparations
CZFS,Citizens Financial Services Inc. Common Stock,$77.52 ,1.14,1.49%,372478639,United States,,28828,Finance,Major Banks
CZNC,Citizens & Northern Corp Common Stock,$25.39 ,-0.04,-0.16%,454902119,United States,,73133,Finance,Major Banks
CZR,Caesars Entertainment Inc. Common Stock,$29.75 ,0.14,0.47%,6060681067,United States,,3091039,Consumer Discretionary,Hotels/Resorts
CZWI,Citizens Community Bancorp Inc. Common Stock,$22.00 ,0.17,0.78%,212305082,United States,2006,49553,Finance,Savings Institutions
DAAQ,Digital Asset Acquisition Corp. Class A Ordinary shares,$8.41 ,0.0098,0.12%,0,United States,2025,3192,Finance,Blank Checks
DAAQU,Digital Asset Acquisition Corp. Units,$9.50 ,0,0.00%,0,United States,2025,18,Finance,Blank Checks
DAAQW,Digital Asset Acquisition Corp. Warrant,$0.30 ,-0.0101,-3.26%,0,United States,2025,1479,Finance,Blank Checks
DAIC,CID HoldCo Inc. Common Stock,$0.66 ,-0.0226,-3.31%,798853,United States,,70228,Technology,EDP Services
DAICW,CID HoldCo Inc. Warrants,$0.01 ,-0.0011,-12.94%,8957,United States,,4985,Technology,EDP Services
DAIO,Data I/O Corporation Common Stock,$2.84 ,-0.08,-2.74%,29150504,United States,1981,49670,Industrials,Electrical Products
DAKT,Daktronics Inc. Common Stock,$19.77 ,0.29,1.49%,955006180,United States,1994,299088,Consumer Discretionary,Miscellaneous manufacturing industries
DARE,Dare Bioscience Inc. Common Stock,$1.22 ,-0.02,-1.61%,18274992,United States,2014,72221,Health Care,Biotechnology: Pharmaceutical Preparations
DASH,DoorDash Inc. Class A Common Stock,$196.16 ,-1.37,-0.69%,85470584508,United States,,3101745,Technology,EDP Services
DAVE,Dave Inc. Class A Common Stock,$372.69 ,-4.95,-1.31%,4775414120,United States,,334522,Finance,Finance: Consumer Services
DAVEW,Dave Inc. Warrants,$2.23 ,-0.08,-3.46%,28573811,United States,,2958,Finance,Finance: Consumer Services
DBCA,D. Boral Acquisition I Corp. Class A Ordinary Shares,$9.98 ,-0.0101,-0.10%,0,United States,2026,21034,Finance,Blank Checks
DBCAW,D. Boral Acquisition I Corp. Warrants,$0.35 ,-0.046,-11.62%,0,United States,2026,300,Finance,Blank Checks
DBGI,Digital Brands Group Inc. Common Stock,$15.45 ,1.26,8.88%,8883750,United States,2025,88206,Consumer Discretionary,Clothing/Shoe/Accessory Stores
DBX,Dropbox Inc. Class A Common Stock,$32.56 ,0.45,1.40%,7596269131,United States,2018,3748573,Technology,Computer Software: Prepackaged Software
DCGO,DocGo Inc. Common Stock,$0.65 ,-0.0163,-2.44%,64265235,United States,2020,134003,Health Care,Medical/Nursing Services
DCOY,Decoy Therapeutics Inc. Common Stock,$4.11 ,0.19,4.85%,2425660,United States,2015,16237,Health Care,Biotechnology: Pharmaceutical Preparations
DCTH,Delcath Systems Inc. Common Stock,$12.22 ,0.18,1.50%,421854526,United States,,371168,Health Care,Medical/Dental Instruments
DDOG,Datadog Inc. Class A Common Stock,$267.97 ,-0.59,-0.22%,95386651846,United States,2019,5271982,Technology,Computer Software: Prepackaged Software
DERM,Journey Medical Corporation Common Stock,$6.37 ,-0.08,-1.24%,175395064,United States,2021,47043,Health Care,Biotechnology: Pharmaceutical Preparations
DETX,Liberty Defense Holdings Ltd. Common Shares,$3.04 ,-0.07,-2.25%,17200141,United States,,13844,Telecommunications,Telecommunications Equipment
DFDV,DeFi Development Corp. Common Stock,$2.56 ,-0.1,-3.76%,77102605,United States,2023,575608,Finance,Finance: Consumer Services
DFDVW,DeFi Development Corp. Warrant,$0.28 ,-0.0001,-0.04%,8433097,United States,,680,Finance,Finance: Consumer Services
DFLI,Dragonfly Energy Holdings Corp. Common Stock (NV),$1.17 ,-0.12,-9.30%,14993948,United States,2021,966032,Miscellaneous,Industrial Machinery/Components
DFLIW,Dragonfly Energy Holdings Corp. Warrant,$0.04 ,0.0096,30.97%,520303,United States,2021,400,Miscellaneous,Industrial Machinery/Components
DFNS,T3 Defense Inc. Common Stock,$27.68 ,-57.3,-67.43%,69926268,United States,2020,4279769,Consumer Discretionary,Professional Services
DFNSW,T3 Defense Inc. Warrants,$0.12 ,-0.1222,-51.13%,295065,United States,2020,899570,Consumer Discretionary,Professional Services
DFTX,Definium Therapeutics Inc. Common Shares,$43.52 ,-0.97,-2.18%,4746586396,United States,,1966075,Health Care, Medicinal Chemicals and Botanical Products 
DGICA,Donegal Group Inc. Class A Common Stock,$19.74 ,0.1725,0.88%,731359163,United States,,162530,Finance,Property-Casualty Insurers
DGICB,Donegal Group Inc. Class B Common Stock,$22.40 ,0.675,3.11%,829911107,United States,1986,798,Finance,Property-Casualty Insurers
DGII,Digi International Inc. Common Stock,$69.72 ,1.53,2.24%,2628597314,United States,1989,279840,Telecommunications,Computer Communications Equipment
DH,Definitive Healthcare Corp. Class A Common Stock,$0.68 ,-0.0348,-4.85%,98080332,United States,2021,279978,Technology,Computer Software: Prepackaged Software
DHC,Diversified Healthcare Trust Common Shares of Beneficial Interest,$8.90 ,-0.07,-0.78%,2154751641,United States,,1170016,Real Estate,Real Estate Investment Trusts
DHCNI,Diversified Healthcare Trust 5.625% Senior Notes due 2042,$17.63 ,0.38,2.20%,4256135114,United States,,27970,Real Estate,Real Estate Investment Trusts
DHCNL,Diversified Healthcare Trust 6.25% Senior Notes Due 2046,$18.05 ,0.12,0.67%,4357529144,United States,,41432,Real Estate,Real Estate Investment Trusts
DIBS,1stdibs.com Inc. Common Stock,$4.23 ,0.06,1.44%,149460752,United States,2021,77664,Consumer Discretionary,Catalog/Specialty Distribution
DIOD,Diodes Incorporated Common Stock,$82.32 ,0.32,0.39%,3782170503,United States,,592000,Technology,Semiconductors
DJCO,Daily Journal Corp. (S.C.) Common Stock,$587.10 ,-7.5,-1.26%,808878199,United States,,35132,Consumer Discretionary,Newspapers/Magazines
DJT,Trump Media & Technology Group Corp. Common Stock,$9.86 ,-0.52,-5.01%,2730764744,United States,2024,5608262,Technology,Computer Software: Programming Data Processing
DJTWW,Trump Media & Technology Group Corp. Warrants,$3.63 ,-0.21,-5.47%,1005342396,United States,2021,28490,Technology,Computer Software: Programming Data Processing
DKNG,DraftKings Inc. Class A Common Stock,$23.48 ,-0.24,-1.01%,11649104623,United States,2019,8436963,Consumer Discretionary,Services-Misc. Amusement & Recreation
DLHC,DLH Holdings Corp.,$4.88 ,-0.02,-0.41%,70726011,United States,,4256,Consumer Discretionary,Professional Services
DLPN,Dolphin Entertainment Inc. Common Stock,$1.02 ,-0.035,-3.32%,13277616,United States,,1452,Consumer Discretionary,Other Consumer Services
DLTH,Duluth Holdings Inc. Class B Common Stock,$4.08 ,0.02,0.49%,155048450,United States,2015,25098,Consumer Discretionary,Clothing/Shoe/Accessory Stores
DLTR,Dollar Tree Inc. Common Stock,$127.21 ,-1.36,-1.06%,24446529339,United States,1995,1536955,Consumer Discretionary,Department/Specialty Retail Stores
DMAA,Drugs Made In America Acquisition Corp. Ordinary Shares,$10.71 ,0,0.00%,0,United States,2025,8533,,
DMAAR,Drugs Made In America Acquisition Corp. Rights,$0.16 ,0.0005,0.31%,0,United States,2025,8040,Finance,Blank Checks
DMAAU,Drugs Made In America Acquisition Corp. Units,$10.99 ,0,0.00%,0,United States,2025,5,Finance,Blank Checks
DMAC,DiaMedica Therapeutics Inc. Common Stock,$6.34 ,-0.17,-2.61%,341620407,United States,2018,99030,Health Care,Biotechnology: Pharmaceutical Preparations
DMII,Drugs Made In America Acquisition II Corp. Ordinary Shares,$10.11 ,-0.01,-0.10%,0,United States,2025,154934,Finance,Blank Checks
DMIIR,Drugs Made In America Acquisition II Corp. Right,$0.08 ,0,0.00%,0,United States,2025,2,Finance,Blank Checks
DMIIU,Drugs Made In America Acquisition II Corp. Unit,$10.16 ,0,0.00%,0,United States,2025,3,,
DMLP,Dorchester Minerals L.P. Common Units Representing Limited Partnership Interests,$27.61 ,0.66,2.45%,1332332975,United States,,326951,Energy,Oil & Gas Production
DMRC,Digimarc Corporation Common Stock,$6.56 ,0.04,0.61%,146989441,United States,,72970,Technology,EDP Services
DNLI,Denali Therapeutics Inc. Common Stock,$23.02 ,-1.33,-5.46%,3653498146,United States,2017,1232222,Health Care,Biotechnology: Biological Products (No Diagnostic Substances)
DNMX,Dynamix Corporation III Class A Ordinary Shares,$10.04 ,0.015,0.15%,0,United States,2025,12442,Finance,Blank Checks
DNMXU,Dynamix Corporation III Unit,$10.13 ,0.0001,0.00%,0,United States,2025,2217,Finance,Blank Checks
DNMXW,Dynamix Corporation III Warrants,$0.25 ,0.01,4.17%,0,United States,2025,300,Finance,Blank Checks
DNTH,Dianthus Therapeutics Inc. Common Stock,$106.92 ,-5.72,-5.08%,5844913632,United States,2018,1052527,Health Care,Biotechnology: Pharmaceutical Preparations
DNUT,Krispy Kreme Inc. Common Stock,$3.18 ,-0.03,-0.94%,548232000,United States,2021,1943733,Consumer Staples,Food Chains
DOCU,DocuSign Inc. Common Stock,$54.83 ,0.54,1.00%,10469492857,United States,1989,2994072,Technology,Computer Software: Prepackaged Software
DOMH,Dominari Holdings Inc. Common Stock,$2.54 ,0.11,4.53%,57439004,United States,,36616,Health Care,Biotechnology: Pharmaceutical Preparations
DOMO,Domo Inc. Class B Common Stock,$3.69 ,-0.01,-0.27%,166605577,United States,2018,482938,Technology,Computer Software: Prepackaged Software
DORM,Dorman Products Inc. Common Stock,$133.16 ,-0.02,-0.02%,3979192183,United States,,261869,Consumer Discretionary,Auto Parts:O.E.M.
DPZ,Domino's Pizza Inc Common Stock,$347.44 ,-4.81,-1.37%,11493918008,United States,2004,652383,Consumer Discretionary,Food Distributors
DRCT,Direct Digital Holdings Inc. Class A Common Stock,$2.55 ,0.06,2.41%,1993312,United States,2022,6107,Consumer Discretionary,Advertising
DRDB,Roman DBDR Acquisition Corp. II Ordinary shares,$10.62 ,0.01,0.09%,0,United States,2025,154,,
DRDBW,Roman DBDR Acquisition Corp. II Warrants,$0.19 ,-0.001,-0.52%,0,United States,2025,144,,
DRH,Diamondrock Hospitality Company Common Stock,$13.24 ,0.33,2.56%,2707455425,United States,2005,4582539,Real Estate,Real Estate Investment Trusts
DRMA,Dermata Therapeutics Inc. Common Stock,$1.17 ,-0.01,-0.85%,4705907,United States,2021,83154,Health Care,Biotechnology: Pharmaceutical Preparations
DRMAW,Dermata Therapeutics Inc. Warrant,$0.01 ,-0.003,-28.57%,30166,United States,2021,11717,Health Care,Biotechnology: Pharmaceutical Preparations
DRVN,Driven Brands Holdings Inc. Common Stock,$14.27 ,-0.08,-0.56%,2353921606,United States,2021,535839,Consumer Discretionary,Automotive Aftermarket
DSGN,Design Therapeutics Inc. Common Stock,$12.18 ,-0.44,-3.49%,760725943,United States,2021,628270,Health Care,Biotechnology: Pharmaceutical Preparations
DSGR,Distribution Solutions Group Inc. Common Stock,$34.57 ,0.01,0.03%,1596966854,United States,,187895,Consumer Discretionary,Industrial Specialties
DSP,Viant Technology Inc. Class A Common Stock,$11.77 ,0.35,3.07%,771334262,United States,2021,228147,Technology,Computer Software: Programming Data Processing
DTCX,Datacentrex Inc. Common Stock,$1.76 ,-0.04,-2.22%,68417582,United States,,56558,Technology,EDP Services
DTI,Drilling Tools International Corporation Common Stock,$2.35 ,0.03,1.29%,82576871,United States,2021,168180,Consumer Discretionary,Oil and Gas Field Machinery
DTIL,Precision BioSciences Inc. Common Stock,$6.99 ,-0.01,-0.14%,180357707,United States,2019,211115,Health Care,Biotechnology: Biological Products (No Diagnostic Substances)
DTSQ,DT Cloud Star Acquisition Corporation Ordinary Shares,$11.32 ,0,0.00%,0,United States,2024,130,,
DTSQR,DT Cloud Star Acquisition Corporation Right,$0.13 ,0,0.00%,0,United States,2024,1,,
DTST,Data Storage Corporation Common Stock,$3.05 ,0.145,4.99%,7130101,United States,,9935,Technology,EDP Services
DUOL,Duolingo Inc. Class A Common Stock,$134.81 ,1.21,0.91%,6281218103,United States,2021,1025873,Technology,Computer Software: Prepackaged Software
DUOT,Duos Technologies Group Inc. Common Stock,$8.61 ,0.47,5.77%,253247618,United States,,1656915,Technology,Computer Software: Prepackaged Software
DVLT,Datavault AI Inc. Common Stock,$0.34 ,-0.0079,-2.27%,291062191,United States,2018,8782011,Technology,Semiconductors
DWSN,Dawson Geophysical Company Common Stock,$4.66 ,0.05,1.09%,144706234,United States,,71862,Energy,Oil & Gas Production
DWTX,Dogwood Therapeutics Inc. Common Stock,$1.64 ,0.06,3.80%,55152467,United States,2020,50179,Health Care,Biotechnology: Pharmaceutical Preparations
DXCM,DexCom Inc. Common Stock,$83.45 ,8.91,11.95%,32201099931,United States,2005,11980776,Health Care,Medical/Dental Instruments
DXLG,Destination XL Group Inc. Common Stock,$0.56 ,0.0333,6.28%,31157442,United States,,113734,Consumer Discretionary,Clothing/Shoe/Accessory Stores
DXPE,DXP Enterprises Inc. Common Stock,$157.02 ,2.24,1.45%,2434644090,United States,,198273,Industrials,Industrial Machinery/Components
DXR,Daxor Corporation Common Stock,$10.50 ,-0.0299,-0.28%,61301936,United States,,870,Health Care,Medical/Dental Instruments
DYAI,Dyadic International Inc. Common Stock,$1.05 ,-0.02,-1.87%,38260638,United States,,122814,Health Care,Biotechnology: Biological Products (No Diagnostic Substances)
DYN,Dyne Therapeutics Inc. Common Stock,$25.18 ,-0.55,-2.14%,4702275133,United States,2020,1825269,Health Care,Biotechnology: Pharmaceutical Preparations
DYNC,Dynamix Corporation Class A Ordinary Shares,$10.85 ,0,0.00%,0,United States,2024,5144,,
DYNCU,Dynamix Corporation Unit,$10.85 ,0,0.00%,0,United States,2024,107,,
DYOR,Insight Digital Partners II Class A Ordinary Shares,$10.07 ,-0.01,-0.10%,0,United States,2025,45737,Finance,Blank Checks
DYORW,Insight Digital Partners II Warrants,$0.20 ,0,0.00%,0,United States,2025,42,Finance,Blank Checks
EA,Electronic Arts Inc. Common Stock,$209.86 ,0.27,0.13%,52622706432,United States,,4851315,Consumer Discretionary,Services-Misc. Amusement & Recreation
EBAY,eBay Inc. Common Stock,$114.01 ,0.49,0.43%,50735724746,United States,1998,3675382,Consumer Discretionary,Business Services
EBC,Eastern Bankshares Inc. Common Stock,$22.96 ,-0.15,-0.65%,5307045553,United States,2020,4364303,Finance,Savings Institutions
EBMT,Eagle Bancorp Montana Inc. Common Stock,$23.43 ,-0.21,-0.89%,186630048,United States,2010,34823,Finance,Major Banks
ECBK,ECB Bancorp Inc. Common Stock,$20.55 ,0.26,1.28%,179894084,United States,2022,19204,Finance,Banks
ECHO,EchoStar  Corporation Common Stock,$84.09 ,-2.04,-2.37%,24370416206,United States,,4126726,Consumer Discretionary,Telecommunications Equipment
ECOR,electroCore Inc. Common Stock,$6.09 ,-0.205,-3.26%,54861660,United States,2018,37064,Health Care,Biotechnology: Electromedical & Electrotherapeutic Apparatus
ECPG,Encore Capital Group Inc Common Stock,$94.08 ,-0.01,-0.01%,2017113961,United States,,223331,Finance,Finance Companies
EDBL,Edible Garden AG Incorporated Common Stock,$2.33 ,-0.17,-6.80%,707926,United States,2022,208734,Consumer Staples,Farming/Seeds/Milling
EDBLW,Edible Garden AG Incorporated Warrant,$0.05 ,0,0.00%,14310,United States,2022,100,Consumer Staples,Farming/Seeds/Milling
EDIT,Editas Medicine Inc. Common Stock,$2.58 ,-0.11,-4.09%,252598208,United States,2016,1180328,Health Care,Biotechnology: Biological Products (No Diagnostic Substances)
EDSA,Edesa Biotech Inc. Common Shares,$5.11 ,-0.14,-2.67%,45437870,United States,,58609,Health Care,Biotechnology: Pharmaceutical Preparations
EDUC,Educational Development Corporation Common Stock,$1.38 ,-0.01,-0.72%,11764450,United States,,273597,Consumer Discretionary,Consumer Specialties
EEFT,Euronet Worldwide Inc. Common Stock,$71.33 ,-5.34,-6.97%,2715896455,United States,1997,1151795,Finance,Investment Bankers/Brokers/Service
EEIQ,EpicQuest Education Group International Limited Common Stock,$2.06 ,0.02,0.98%,3392043,United States,2021,10132,Real Estate,Other Consumer Services
EFOI,Energy Focus Inc. Common Stock,$3.05 ,-0.06,-1.93%,19225471,United States,,3650,Consumer Discretionary,Building Products
EFSC,Enterprise Financial Services Corporation Common Stock,$66.31 ,0.36,0.55%,2426004730,United States,,199748,Finance,Major Banks
EFSCP,Enterprise Financial Services Corporation Depositary Shares Each Representing a 1/40th Interest in a Share of 5% Fixed Rate Non-Cumulative Perpetual Preferred Stock Series A,$20.16 ,0.24,1.21%,737569829,United States,,840,Finance,Major Banks
EFSI,Eagle Financial Services Inc Common Stock,$40.55 ,-0.47,-1.15%,219471847,United States,,31643,Finance,Major Banks
EGAN,eGain Corporation Common Stock,$6.68 ,-0.09,-1.33%,183366541,United States,1999,85230,Technology,Computer Software: Prepackaged Software
EGBN,Eagle Bancorp Inc. Common Stock,$27.49 ,-0.4,-1.43%,838324484,United States,,309534,Finance,Major Banks
EGHA,EGH Acquisition Corp. Class A Ordinary Shares,$10.34 ,0.0088,0.09%,0,United States,2025,233,Finance,Finance/Investors Services
EGHAR,EGH Acquisition Corp. Rights,$0.39 ,0.035,10.00%,0,United States,2025,2436,Finance,Finance/Investors Services
EGHT,8x8 Inc Common Stock,$1.85 ,-0.12,-6.09%,262297301,United States,,1612086,Technology,EDP Services
EHTH,eHealth Inc. Common Stock,$1.33 ,-0.05,-3.62%,42215554,United States,2006,99628,Finance,Specialty Insurers
EIKN,Eikon Therapeutics Inc. Common Stock,$9.21 ,-0.41,-4.26%,498616764,United States,2026,223182,Health Care,Biotechnology: Biological Products (No Diagnostic Substances)
ELAB,PMGC Holdings Inc. Common Stock,$0.92 ,-0.0264,-2.78%,4193428,United States,2023,210419,Health Care,Biotechnology: Pharmaceutical Preparations
ELDN,Eledon Pharmaceuticals Inc. Common Stock,$3.38 ,-0.03,-0.88%,260894842,United States,2014,642189,Health Care,Biotechnology: Pharmaceutical Preparations
ELMT,The Elmet Group Co. Common Stock,$13.91 ,0.29,2.13%,417019894,United States,2026,235121,Industrials,Metal Fabrications
ELOX,Eloxx Pharmaceuticals Inc. Common Stock,$17.43 ,4.13,31.05%,70352953,United States,,53029,,
ELSE,Electro-Sensors Inc. Common Stock,$7.74 ,0.0001,0.00%,27341307,United States,,3711,Industrials,Industrial Machinery/Components
ELTX,Elicio Therapeutics Inc. Common Stock,$2.80 ,-0.11,-3.78%,64456582,United States,2021,406930,Health Care,Biotechnology: Pharmaceutical Preparations
ELUT,Elutia Inc. Class A Common Stock,$0.86 ,-0.0482,-5.33%,37877617,United States,2020,160340,Health Care,Biotechnology: Biological Products (No Diagnostic Substances)
ELVN,Enliven Therapeutics Inc. Common Stock,$54.81 ,0.86,1.59%,3338200090,United States,2020,660450,Health Care,Biotechnology: Pharmaceutical Preparations
ELWT,Elauwit Connection Inc. Common Stock,$8.15 ,-0.59,-6.75%,53951337,United States,2025,24637,Consumer Discretionary,Telecommunications Equipment
EMAT,Evolution Metals & Technologies Corp. Common Stock,$3.66 ,-0.76,-17.20%,2275753764,United States,,182958,Miscellaneous,Industrial Machinery/Components
EMBC,Embecta Corp. Common Stock,$3.64 ,-0.02,-0.55%,215952744,United States,,1252905,Health Care,Medical/Dental Instruments
EMIS,Emmis Acquisition Corp. Class A Ordinary Shares,$10.21 ,0,0.00%,0,United States,2025,6,Health Care,Biotechnology: Pharmaceutical Preparations
EML,Eastern Company (The) Common Stock,$23.72 ,-0.36,-1.50%,143053280,United States,,4603,Consumer Discretionary,Industrial Machinery/Components
EMPD,Empery Digital Inc. Common stock,$2.84 ,-0.24,-7.79%,79832715,United States,2021,434684,Industrials,Auto Manufacturing
ENPH,Enphase Energy Inc. Common Stock,$37.54 ,0.16,0.43%,4960710086,United States,2012,6362957,Technology,Semiconductors
ENSC,Ensysce Biosciences Inc. Common Stock,$0.25 ,-0.004,-1.56%,3887479,United States,,278953,Health Care,Biotechnology: Pharmaceutical Preparations
ENSG,The Ensign Group Inc. Common Stock,$178.16 ,-0.67,-0.38%,10383598441,United States,2007,420605,Health Care,Hospital/Nursing Management
ENTA,Enanta Pharmaceuticals Inc. Common Stock,$12.60 ,-0.4,-3.08%,366387588,United States,2013,143726,Health Care,Biotechnology: Pharmaceutical Preparations
ENTG,Entegris Inc. Common Stock,$119.05 ,1.94,1.66%,18155125000,United States,2000,2547907,Industrials,Plastic Products
ENVB,Enveric Biosciences Inc. Common Stock,$1.57 ,0.14,9.79%,6324709,United States,,77516,Health Care,Biotechnology: Pharmaceutical Preparations
ENVX,Enovix Corporation Common Stock,$4.09 ,-0.09,-2.15%,892247570,United States,2021,4627834,Miscellaneous,Industrial Machinery/Components
EOLS,Evolus Inc. Common Stock,$5.84 ,-0.17,-2.83%,384591746,United States,2018,608890,Health Care,Biotechnology: Pharmaceutical Preparations
EOSE,Eos Energy Enterprises Inc. Class A Common Stock,$3.38 ,-0.23,-6.37%,1193808094,United States,,24992574,Miscellaneous,Industrial Machinery/Components
EPSN,Epsilon Energy Ltd. Common Share,$5.60 ,0.1,1.82%,169392255,United States,,163024,Energy,Oil & Gas Production
EQ,Equillium Inc. Common Stock,$2.20 ,-0.12,-5.17%,139098423,United States,2018,729060,Health Care,Biotechnology: Pharmaceutical Preparations
EQIX,Equinix Inc. Common Stock REIT,"$1,019.28 ",-28.25,-2.70%,1.00574E+11,United States,2000,727986,Real Estate,Real Estate Investment Trusts
EQPT,EquipmentShare.com Inc Class A Common Stock,$18.75 ,-0.06,-0.32%,4732033069,United States,2026,2195936,Consumer Discretionary,Diversified Commercial Services
ERAS,Erasca Inc. Common Stock,$18.15 ,-0.53,-2.84%,6211573599,United States,2021,2696783,Health Care,Biotechnology: Pharmaceutical Preparations
ERIE,Erie Indemnity Company Class A Common Stock,$242.04 ,8.37,3.58%,11180217284,United States,,635183,Finance,Specialty Insurers
ERII,Energy Recovery Inc. Common Stock,$8.65 ,0.22,2.61%,445866490,United States,2008,1452177,Technology,Industrial Machinery/Components
ERNA,Ernexa Therapeutics Inc. Common Stock,$3.28 ,-0.19,-5.48%,3825572,United States,,26608,Health Care,Biotechnology: Pharmaceutical Preparations
ERNAW,Ernexa Therapeutics Inc. Warrants,$0.04 ,-0.0001,-0.24%,47703,United States,,9970,Health Care,Biotechnology: Pharmaceutical Preparations
ESCA,Escalade Incorporated Common Stock,$19.86 ,-1.02,-4.89%,274168055,United States,,79814,Consumer Discretionary,Recreational Games/Products/Toys
ESLA,Estrella Immunopharma Inc. Common Stock,$0.71 ,-0.0064,-0.89%,30713529,United States,2021,6436,Health Care,Biotechnology: Biological Products (No Diagnostic Substances)
ESLAW,Estrella Immunopharma Inc. Warrant,$0.10 ,0.0348,57.81%,4088252,United States,2021,2000,Health Care,Biotechnology: Biological Products (No Diagnostic Substances)
ESOA,Energy Services of America Corporation Common Stock,$14.38 ,0.18,1.27%,268326184,United States,,225804,Industrials,Water Sewer Pipeline Comm & Power Line Construction
ESQ,Esquire Financial Holdings Inc. Common Stock,$129.22 ,-0.405,-0.31%,1116387274,United States,2017,152225,Finance,Commercial Banks
ETON,Eton Pharmaceuticals Inc. Common Stock,$46.42 ,-2.61,-5.32%,1271553258,United States,2018,484871,Health Care,Biotechnology: Pharmaceutical Preparations
ETS,Elite Express Holding Inc. Class A Common Stock,$1.06 ,-0.02,-1.85%,51639672,United States,2025,63302,Industrials,Trucking Freight/Courier Services
EU,enCore Energy Corp. Common Shares,$1.09 ,-0.04,-3.54%,211713974,United States,,2953840,Basic Materials,Other Metals and Minerals
EURK,Eureka Acquisition Corp Class A Ordinary Share,$11.99 ,0,0.00%,0,United States,2024,15,,
EURKR,Eureka Acquisition Corp Right,$0.34 ,0,0.00%,0,United States,2024,600,Consumer Discretionary,Marine Transportation
EVCM,EverCommerce Inc. Common Stock,$12.34 ,0.2,1.65%,2183571650,United States,2021,111585,Technology,Computer Software: Prepackaged Software
EVER,EverQuote Inc. Class A Common Stock,$25.22 ,0.17,0.68%,892114071,United States,2018,1331924,Technology,Computer Software: Programming Data Processing
EVGO,EVgo Inc. Class A Common Stock,$1.58 ,-0.09,-5.39%,495897797,United States,,2768624,Technology,EDP Services
EVLV,Evolv Technologies Holdings Inc. Class A Common Stock,$5.53 ,0.05,0.91%,994688897,United States,2020,1359540,Technology,Computer peripheral equipment
EVOX,Evolution Global Acquisition Corp Class A Ordinary Shares,$10.05 ,-0.01,-0.10%,0,United States,2025,171100,Finance,Blank Checks
EVOXU,Evolution Global Acquisition Corp Units,$10.25 ,0,0.00%,0,United States,2025,1861,Finance,Blank Checks
EVOXW,Evolution Global Acquisition Corp Warrants,$0.37 ,0,0.00%,0,United States,2025,100,Finance,Blank Checks
EVRG,Evergy Inc. Common Stock,$83.01 ,-0.24,-0.29%,19134886205,United States,,2840554,Utilities,Power Generation
EWAVU,East West Ave Acquisition Corp. Units,$9.91 ,9.91,,0,United States,,4325473,Finance,Blank Checks
EWBC,East West Bancorp Inc. Common Stock,$131.00 ,0.09,0.07%,17946510322,United States,,672449,Finance,Major Banks
EWTX,Edgewise Therapeutics Inc. Common Stock,$38.43 ,-2.69,-6.54%,4134799221,United States,2021,1150072,Health Care,Biotechnology: Pharmaceutical Preparations
EXC,Exelon Corporation Common Stock,$45.82 ,0.24,0.53%,46883397066,United States,,10046233,Utilities,Power Generation
EXE,Expand Energy Corporation Common Stock,$94.03 ,1.61,1.74%,21768301280,United States,,3072351,Energy,Oil & Gas Production
EXEL,Exelixis Inc. Common Stock,$53.03 ,-2.94,-5.25%,13329360051,United States,2000,3025651,Health Care,Biotechnology: Biological Products (No Diagnostic Substances)
EXFY,Expensify Inc. Class A Common Stock,$1.82 ,-0.03,-1.62%,175517377,United States,2021,438474,Technology,Computer Software: Prepackaged Software
EXLS,ExlService Holdings Inc. Common Stock,$33.93 ,-0.43,-1.25%,5144212091,United States,2006,3688235,Consumer Discretionary,Business Services
EXOZ,eXoZymes Inc. Common Stock,$4.65 ,0.05,1.09%,42827658,United States,2024,2280,Health Care,Biotechnology: Biological Products (No Diagnostic Substances)
EXPE,Expedia Group Inc. Common Stock,$294.74 ,1.81,0.62%,35375306975,United States,,1124630,Consumer Discretionary,Transportation Services
EXPO,Exponent Inc. Common Stock,$66.85 ,2.28,3.53%,3243002399,United States,,1269923,Consumer Discretionary,Professional Services
EXTR,Extreme Networks Inc. Common Stock,$30.14 ,0.3,1.01%,3941651572,United States,1999,1422512,Telecommunications,Computer Communications Equipment
EXYN,Exyn Technologies Inc. Common Stock,$2.34 ,0.14,6.36%,18612259,United States,2026,85540,Technology,Computer Software: Prepackaged Software
EXYNW,Exyn Technologies Inc. Warrant,$0.62 ,0.03,5.09%,4931453,United States,2026,2450,Technology,Computer Software: Prepackaged Software
EYE,National Vision Holdings Inc. Common Stock,$22.04 ,-0.36,-1.61%,1765771297,United States,2017,1594499,Health Care,Ophthalmic Goods
EYPT,EyePoint Inc. Common Stock,$12.25 ,-0.61,-4.74%,1027055901,United States,,1711486,Industrials,Biotechnology: Laboratory Analytical Instruments
EZPW,EZCORP Inc. Class A Non Voting Common Stock,$29.77 ,0.61,2.09%,1831926065,United States,1991,603256,Consumer Discretionary,Other Specialty Stores
EZRA,Reliance Global Group Inc. Common Stock,$1.82 ,-0.155,-7.85%,1011490,United States,,105757,Finance,Specialty Insurers
FA,First Advantage Corporation Common Stock,$19.84 ,-0.21,-1.05%,3403295012,United States,2021,2291102,Technology,EDP Services
FABC,Fabric.AI Inc. Common Stock,$2.50 ,-0.06,-2.34%,18301355,United States,,96724,Consumer Discretionary,Telecommunications Equipment
FAC,Factorial Energy Inc. Class A Common Stock,$5.50 ,0.19,3.58%,588627848,United States,2025,270418,Miscellaneous,Industrial Machinery/Components
FACT,FACT II Acquisition Corp. Class A Ordinary Shares,$10.66 ,0,0.00%,0,United States,2024,152409,,
FACTW,FACT II Acquisition Corp. Warrant,$0.20 ,0.0489,32.36%,0,United States,2024,626,Finance,Blank Checks
FACWW,Factorial Energy Inc. Warrant,$0.75 ,0.0497,7.10%,80267434,United States,2025,87830,Miscellaneous,Industrial Machinery/Components
FANG,Diamondback Energy Inc. Common Stock,$202.95 ,3.18,1.59%,57092533626,United States,2012,1650488,Energy,Oil & Gas Production
FAST,Fastenal Company Common Stock,$47.71 ,1.05,2.25%,54747109208,United States,1987,9647512,Consumer Discretionary,RETAIL: Building Materials
FATE,Fate Therapeutics Inc. Common Stock,$2.45 ,-0.06,-2.39%,285570006,United States,2013,1458736,Health Care,Biotechnology: Biological Products (No Diagnostic Substances)
FATN,FatPipe Inc. Common Stock,$6.08 ,0.96,18.75%,85274845,United States,2025,360222,Technology,Computer Software: Prepackaged Software
FBIO,Fortress Biotech Inc. Common Stock,$3.13 ,-0.16,-4.86%,103975695,United States,,642851,Health Care,Biotechnology: Pharmaceutical Preparations
FBIOP,Fortress Biotech Inc. 9.375% Series A Cumulative Redeemable Perpetual Preferred Stock,$18.88 ,0.08,0.43%,627176079,United States,,3919,Health Care,Biotechnology: Pharmaceutical Preparations
FBIZ,First Business Financial Services Inc. Common Stock,$70.21 ,2.95,4.39%,587107675,United States,,157150,Finance,Major Banks
FBLA,FB Bancorp Inc. Common Stock,$15.46 ,0.015,0.10%,249775812,United States,2024,82602,Finance,Banks
FBLG,FibroBiologics Inc. Common Stock,$0.70 ,-0.0192,-2.67%,4256392,United States,,105723,Health Care,Biotechnology: Pharmaceutical Preparations
FBNC,First Bancorp Common Stock,$62.87 ,-0.11,-0.18%,2601272215,United States,1987,193916,Finance,Major Banks
FBRX,Forte Biosciences Inc. Common Stock,$76.60 ,-0.38,-0.49%,1568677382,United States,2017,794145,Health Care,Biotechnology: Pharmaceutical Preparations
FBYD,Falcon's Beyond Global Inc. Class A Common Stock,$9.94 ,0.03,0.30%,1205147587,United States,,160186,Consumer Discretionary,Services-Misc. Amusement & Recreation
FBYDW,Falcon's Beyond Global Inc. Warrants,$1.22 ,-0.45,-26.95%,147915499,United States,,4705,Consumer Discretionary,Services-Misc. Amusement & Recreation
FCAP,First Capital Inc. Common Stock,$63.28 ,0.23,0.37%,211705202,United States,,13923,Finance,Savings Institutions
FCBC,First Community Bankshares Inc. (VA) Common Stock,$47.72 ,0.09,0.19%,900320308,United States,,91684,Finance,Major Banks
FCCO,First Community Corporation Common Stock,$34.16 ,0.05,0.15%,321034314,United States,,52016,Finance,Major Banks
FCEL,FuelCell Energy Inc. Common Stock,$21.61 ,-2.01,-8.51%,1727810176,United States,,7969482,Energy,Industrial Machinery/Components
FCFS,FirstCash Holdings Inc. Common Stock,$204.01 ,2.07,1.03%,8848280918,United States,1991,364429,Consumer Discretionary,Other Specialty Stores
FCNCA,First Citizens BancShares Inc. Class A Common Stock,"$2,186.65 ",30.42,1.41%,25336656697,United States,,69690,Finance,Major Banks
FCNCN,First Citizens BancShares Inc. Depositary Shares each representing a 1/40th interest in a share of 6.625% Non-Cumulative Perpetual Preferred Stock Series E,$24.82 ,-0.18,-0.72%,287588695,United States,,51112,Finance,Major Banks
FCNCO,First Citizens BancShares Inc. 5.625% Non-Cumulative Perpetual Preferred Stock Series C,$20.64 ,0.07,0.34%,239155143,United States,,17249,Finance,Major Banks
FCNCP,First Citizens BancShares Inc. Depositary Shares,$20.21 ,-0.1,-0.49%,234172745,United States,,37889,Finance,Major Banks
FCUV,Focus Universal Inc. Common Stock,$11.60 ,9.72,517.02%,8152608,United States,,100190645,Industrials,Industrial Machinery/Components
FDBC,Fidelity D & D Bancorp Inc. Common Stock,$52.60 ,0.14,0.27%,305352468,United States,,17128,Finance,Major Banks
FDMMU,Freedom Metals Acquisition Corp. Units,$9.96 ,0,0.00%,0,United States,2026,10,Finance,Blank Checks
FDMT,4D Molecular Therapeutics Inc. Common Stock,$10.18 ,0.11,1.09%,532172266,United States,2020,713497,Health Care,Biotechnology: Biological Products (No Diagnostic Substances)
FDSB,Fifth District Bancorp Inc. Common Stock,$17.61 ,0.01,0.06%,92714114,United States,2024,6879,Finance,Savings Institutions
FDUS,Fidus Investment Corporation Common Stock,$19.74 ,-0.16,-0.80%,749219145,United States,2011,217304,Finance,Finance/Investors Services
FEAM,5E Advanced Materials Inc. Common Stock,$1.10 ,-0.01,-0.90%,45666745,United States,,117071,Industrials,Mining & Quarrying of Nonmetallic Minerals (No Fuels)
FEED,ENvue Medical Inc. Common Stock,$0.32 ,-0.0039,-1.22%,2934028,United States,,236451,Health Care,Industrial Specialties
FEIM,Frequency Electronics Inc. Common Stock,$57.97 ,-1.92,-3.21%,572168364,United States,,330619,Industrials,Electrical Products
FELE,Franklin Electric Co. Inc. Common Stock,$104.72 ,1.25,1.21%,4629824510,United States,,326929,Consumer Discretionary,Metal Fabrications
FEMY,Femasys Inc. Common Stock,$2.86 ,-0.05,-1.72%,8635867,United States,2021,10823,Health Care,Medical/Dental Instruments
FENC,Fennec Pharmaceuticals Inc. Common Stock,$9.57 ,-0.34,-3.43%,333866188,United States,,86790,Health Care,Biotechnology: Biological Products (No Diagnostic Substances)
FFAI,Faraday Future Intelligent Electric Inc. Class A Common Stock,$5.93 ,0.58,10.84%,15201668,United States,2020,9719709,Industrials,Auto Manufacturing
FFBC,First Financial Bancorp. Common Stock,$33.83 ,0.04,0.12%,3549760722,United States,,945337,Finance,Major Banks
FFIN,First Financial Bankshares Inc. Common Stock,$35.14 ,0.22,0.63%,5034927020,United States,,812317,Finance,Major Banks
FFIV,F5 Inc. Common Stock,$402.57 ,13.82,3.56%,22712696265,United States,1999,754556,Telecommunications,Computer Communications Equipment
FGBI,First Guaranty Bancshares Inc. Common Stock,$9.59 ,0.03,0.31%,157892138,United States,,13470,Finance,Savings Institutions
FGBIP,First Guaranty Bancshares Inc. 6.75% Series A Fixed-Rate Non-Cumulative Perpetual Preferred Stock,$19.63 ,-0.17,-0.86%,323193188,United States,,1969,Finance,Savings Institutions
FGI,FGI Industries Ltd. Ordinary Shares,$4.28 ,0.08,1.91%,8265840,United States,2022,8252,Industrials,Industrial Specialties
FGII,FG Imperii Acquisition Corp. Class A Ordinary Shares,$9.96 ,0.01,0.10%,0,United States,2026,117,Finance,Blank Checks
FGIIU,FG Imperii Acquisition Corp. Units,$10.05 ,0,0.00%,0,United States,2026,27,Finance,Blank Checks
FGIWW,FGI Industries Ltd. Warrant,$0.08 ,-0.1152,-60.38%,146004,United States,2022,104,Industrials,Industrial Specialties
FGNX,FG Nexus Inc. Common Stock ,$7.25 ,-0.37,-4.86%,41589038,United States,2014,155487,Finance,Property-Casualty Insurers
FGNXP,FG Nexus Inc. 8.00% Cumulative Preferred Stock,$25.10 ,0,0.00%,143984117,United States,,12,Finance,Property-Casualty Insurers
FHB,First Hawaiian Inc. Common Stock,$27.79 ,-0.13,-0.47%,3380624960,United States,2016,1803714,Finance,Major Banks
FHTX,Foghorn Therapeutics Inc. Common Stock,$4.53 ,-0.21,-4.43%,265974067,United States,2020,157624,Health Care,Biotechnology: Pharmaceutical Preparations
FIBK,First Interstate BancSystem Inc. Common Stock (DE),$38.02 ,-0.44,-1.14%,3693372260,United States,2010,1015536,Finance,Major Banks
FIEE,FiEE Inc Common Stock,$2.99 ,-0.05,-1.65%,25500508,United States,,198266,Utilities,Telecommunications Equipment
FIGX,FIGX Capital Acquisition Corp. Class A Ordinary Share,$10.27 ,0.015,0.15%,0,United States,2025,50722,Finance,Blank Checks
FIGXW,FIGX Capital Acquisition Corp. Warrant,$0.25 ,0,0.00%,0,United States,2025,1,,
FINW,FinWise Bancorp Common Stock,$13.76 ,0.05,0.37%,188595097,United States,2021,32658,Finance,Major Banks
FIP,FTAI Infrastructure Inc. Common Stock ,$3.73 ,-0.27,-6.75%,440750060,United States,,1038565,Energy,Oil Refining/Marketing
FISI,Financial Institutions Inc. Common Stock,$41.46 ,0.2,0.49%,816196900,United States,1999,131714,Finance,Major Banks
FISN,Deep Fission Inc. Common Stock,$9.41 ,-0.21,-2.18%,554212517,United States,2026,53914,Utilities,Electric Utilities: Central
FISV,Fiserv Inc. Common Stock,$53.94 ,-0.13,-0.24%,28763720005,United States,1986,5723882,Consumer Discretionary,Business Services
FIVE,Five Below Inc. Common Stock,$217.13 ,-2.04,-0.93%,12006279563,United States,2012,987462,Consumer Discretionary,Department/Specialty Retail Stores
FIVN,Five9 Inc. Common Stock,$27.51 ,-0.15,-0.54%,2106275310,United States,2014,16109075,Technology,EDP Services
FIZZ,National Beverage Corp. Common Stock,$31.64 ,-0.42,-1.31%,2961886907,United States,,315949,Consumer Staples,Beverages (Production/Distribution)
FKWL,Franklin Wireless Corp. Common Stock,$2.28 ,-0.035,-1.51%,26868158,United States,,2384,Utilities,Telecommunications Equipment
FLD,Fold Holdings Inc. Class A Common Stock,$0.45 ,-0.0016,-0.35%,22852508,United States,2025,79128,Finance,Finance: Consumer Services
FLDDW,Fold Holdings Inc. Warrant,$0.10 ,-0.0001,-0.10%,4992003,United States,2025,6,Finance,Finance: Consumer Services
FLGT,Fulgent Genetics Inc. Common Stock,$16.55 ,-3.66,-18.11%,470030311,United States,2016,1319818,Health Care,Medical Specialities
FLL,Full House Resorts Inc. Common Stock,$2.21 ,0.02,0.91%,80146054,United States,,315457,Consumer Discretionary,Hotels/Resorts
FLNA,Filana Therapeutics Inc. Common Stock,$1.01 ,0.05,5.21%,48790975,United States,,334310,Health Care,Biotechnology: Pharmaceutical Preparations
FLNC,Fluence Energy Inc. Class A Common Stock,$13.93 ,0.46,3.42%,2567024398,United States,2021,7604930,Miscellaneous,Industrial Machinery/Components
FLNT,Fluent Inc. Common Stock,$3.41 ,-0.07,-2.01%,101671578,United States,,7768,Consumer Discretionary,Advertising
FLUX,Flux Power Holdings Inc. Common Stock,$0.52 ,-0.0139,-2.58%,11195501,United States,,47500,Miscellaneous,Industrial Machinery/Components
FLWS,1-800-FLOWERS.COM Inc. Common Stock,$3.90 ,0.06,1.56%,249984084,United States,1999,167515,Consumer Discretionary,Other Specialty Stores
FLXS,Flexsteel Industries Inc. Common Stock,$74.03 ,0.06,0.08%,396469960,United States,,68180,Consumer Discretionary,Home Furnishings
FLY,Firefly Aerospace Inc. Common Stock,$20.33 ,0.04,0.20%,3257581962,United States,2025,2720902,Industrials,Military/Government/Technical
FLYE,Fly-E Group Inc. Common Stock,$1.63 ,0,0.00%,2660789,United States,2024,15800,Industrials,Aerospace
FLYW,Flywire Corporation Voting Common Stock,$16.01 ,-0.26,-1.60%,1945928406,United States,2021,2591820,Consumer Discretionary,Business Services
FLZH,Flash Sports & Media Holdings Inc. Common Stock,$1.18 ,-0.03,-2.48%,63176160,United States,,84066,Consumer Discretionary,Services-Misc. Amusement & Recreation
FMAC,Future Money Acquisition Corporation Ordinary Shares,$10.03 ,0.01,0.10%,0,United States,2026,12828,Finance,Blank Checks
FMACR,Future Money Acquisition Corporation Rights,$0.17 ,0,0.00%,0,United States,2026,1,Finance,Blank Checks
FMACU,Future Money Acquisition Corporation Units,$10.16 ,0,0.00%,0,United States,2026,130,Finance,Blank Checks
FMAO,Farmers & Merchants Bancorp Inc. Common Stock,$33.36 ,0.02,0.06%,459472684,United States,,89842,Finance,Savings Institutions
FMBH,First Mid Bancshares Inc. Common Stock,$52.09 ,0.17,0.33%,1386416814,United States,,124654,Finance,Major Banks
FMNB,Farmers National Banc Corp. Common Stock,$15.86 ,-0.03,-0.19%,939150233,United States,,414801,Finance,Major Banks
FNGR,FingerMotion Inc. Common Stock,$0.27 ,0.033,13.92%,16553797,United States,,966609,Technology,Computer Software: Prepackaged Software
FNKO,Funko Inc. Class A Common Stock,$5.83 ,-0.22,-3.64%,326076914,United States,2017,1311652,Consumer Discretionary,Recreational Games/Products/Toys
FNLC,First Bancorp Inc  (ME) Common Stock,$35.10 ,0.16,0.46%,395779106,United States,,31527,Finance,Major Banks
FNRN,First Northern Community Bancorp Common stock,$18.40 ,0.16,0.88%,301888910,United States,,87712,Finance,Savings Institutions
FNWB,First Northwest Bancorp Common Stock,$11.46 ,-0.35,-2.96%,108861978,United States,2015,23820,Finance,Banks
FNWD,Finward Bancorp Common Stock,$44.46 ,0.1,0.23%,192510511,United States,,18615,Finance,Major Banks
FORM,FormFactor Inc. FormFactor Inc. Common Stock,$106.20 ,0.82,0.78%,8278796786,United States,2003,1617188,Technology,Semiconductors
FORR,Forrester Research Inc. Common Stock,$11.50 ,1.76,18.07%,223238000,United States,1996,233727,Industrials,Diversified Commercial Services
FOSL,Fossil Group Inc. Common Stock,$4.95 ,0.08,1.64%,292552910,United States,1993,874025,Consumer Discretionary,Consumer Specialties
FOX,Fox Corporation Class B Common Stock,$51.94 ,-0.4,-0.76%,21824477201,United States,,978680,Industrials,Broadcasting
FOXA,Fox Corporation Class A Common Stock,$58.23 ,-0.59,-1.00%,24467449122,United States,,3837870,Industrials,Broadcasting
FOXF,Fox Factory Holding Corp. Common Stock,$18.00 ,0.19,1.07%,754850394,United States,2013,791917,Consumer Discretionary,Motor Vehicles
FOXX,Foxx Development Holdings Inc. Common Stock,$2.65 ,0.08,3.11%,18659159,United States,,6661,Telecommunications,Computer Communications Equipment
FOXXW,Foxx Development Holdings Inc. Warrant,$0.08 ,-0.0085,-10.18%,528089,United States,,12644,Telecommunications,Computer Communications Equipment
FRAF,Franklin Financial Services Corporation Common Stock,$63.16 ,0.05,0.08%,283779901,United States,,28771,Finance,Major Banks
FRBA,First Bank Common Stock,$18.53 ,0.11,0.60%,465740488,United States,2013,95352,Finance,Commercial Banks
FRBT,Forbright Inc. Class A Common Stock,$19.78 ,0.15,0.76%,982820095,United States,2026,94773,Finance,Major Banks
FRD,Friedman Industries Inc. Common Stock,$33.25 ,-0.33,-0.98%,239825301,United States,,34138,Industrials,Steel/Iron Ore
FRGT,Freight Technologies Inc. Ordinary Shares,$2.94 ,0.19,6.91%,1682048,United States,2017,38932,Industrials,Integrated Freight & Logistics
FRME,First Merchants Corporation Common Stock,$43.14 ,-0.1,-0.23%,2718801047,United States,,332133,Finance,Major Banks
FRMEP,First Merchants Corporation Depository Shares,$25.15 ,-0.05,-0.20%,1585021936,United States,,13576,Finance,Major Banks
FRMI,Fermi Inc. Common Stock,$5.69 ,-1.04,-15.45%,3627797420,United States,2025,25779341,Real Estate,Real Estate Investment Trusts
FRMM,Forum Markets Incorporated Common Stock,$5.16 ,-0.21,-3.91%,69096549,United States,2017,87030,Health Care,Biotechnology: Pharmaceutical Preparations
FRNM,Freenome Inc. Common stock,$11.15 ,1.16,11.61%,1198031976,United States,,1264431,Health Care,Medical Specialities
FROG,JFrog Ltd. Ordinary Shares,$79.79 ,1.37,1.75%,9664142778,United States,2020,1901758,Technology,Computer Software: Prepackaged Software
FRPH,FRP Holdings Inc. Common Stock,$22.32 ,-0.29,-1.28%,427880538,United States,,82998,Finance,Real Estate
FRPT,Freshpet Inc. Common Stock,$59.54 ,-1.2,-1.98%,2925961776,United States,2014,727590,Consumer Staples,Packaged Foods
FRSH,Freshworks Inc. Class A Common Stock,$11.36 ,0.095,0.84%,3138909966,United States,2021,9360459,Technology,Computer Software: Prepackaged Software
FRST,Primis Financial Corp. Common Stock,$16.02 ,0.12,0.76%,398555508,United States,2006,159315,Finance,Major Banks
FRVO,Fervo Energy Company Class A common stock,$22.54 ,0.24,1.08%,6641297714,United States,2026,2893305,Utilities,Electric Utilities: Central
FSBC,Five Star Bancorp Common Stock,$47.19 ,-0.05,-0.11%,1137333410,United States,2021,128690,Finance,Major Banks
FSBW,FS Bancorp Inc. Common Stock,$42.91 ,0.06,0.14%,318554057,United States,2012,15891,Finance,Banks
FSEA,First Seacoast Bancorp Inc. Common Stock,$16.97 ,0.0201,0.12%,79617708,United States,2019,3403,Finance,Savings Institutions
FSHP,Flag Ship Acquisition Corp. Ordinary Shares,$11.19 ,0,0.00%,0,United States,2024,101,,
FSHPR,Flag Ship Acquisition Corp. Right,$0.08 ,0.0038,4.99%,0,United States,2024,2923,,
FSHPU,Flag Ship Acquisition Corp. Unit,$11.19 ,0,0.00%,0,United States,2024,1,,
FSLR,First Solar Inc. Common Stock,$211.03 ,5.02,2.44%,22675883194,United States,2006,3424311,Technology,Semiconductors
FSLY,Fastly Inc. Class A Common Stock,$22.66 ,1.11,5.15%,3546290000,United States,,5442306,Technology,Computer Software: Prepackaged Software
FSTR,L.B. Foster Company Common Stock,$41.13 ,-0.06,-0.15%,430165508,United States,,82615,Industrials,Metal Fabrications
FSUN,FirstSun Capital Bancorp Common Stock,$38.68 ,-0.31,-0.80%,1807775749,United States,,232192,Finance,Major Banks
FTAI,FTAI Aviation Ltd. Common Stock,$206.00 ,8.5,4.30%,21132092232,United States,,2739092,Industrials,Misc Corporate Leasing Services
FTAIM,FTAI Aviation Ltd. 9.500% Fixed-Rate Reset Series D Cumulative Perpetual Redeemable Preferred Shares,$27.43 ,0.07,0.26%,2813338007,United States,,12419,Industrials,Misc Corporate Leasing Services
FTCI,FTC Solar Inc. Common Stock,$2.75 ,0.12,4.56%,44014559,United States,2021,168984,Technology,Semiconductors
FTDR,Frontdoor Inc. Common Stock,$72.63 ,-0.89,-1.21%,5101162385,United States,,520901,Consumer Discretionary,Diversified Commercial Services
FTEK,Fuel Tech Inc. Common Stock,$1.41 ,-0.03,-2.08%,43943001,United States,,101085,Industrials,Pollution Control Equipment
FTH,Faeth Therapeutics Inc. Common Stock,$27.24 ,-1.58,-5.48%,702213259,United States,2021,226130,Health Care,Biotechnology: Pharmaceutical Preparations
FTHM,Fathom Holdings Inc. Common Stock,$0.80 ,0.003,0.38%,26410388,United States,2020,118564,Finance,Real Estate
FTLF,FitLife Brands Inc. Common Stock,$9.91 ,0.02,0.20%,93065524,United States,,6519,Health Care, Medicinal Chemicals and Botanical Products 
FTNT,Fortinet Inc. Common Stock,$161.95 ,7.7,4.99%,1.18652E+11,United States,2009,6083189,Technology,Computer peripheral equipment
FTRE,Fortrea Holdings Inc. Common Stock,$19.17 ,0.09,0.47%,1823067000,United States,,1914145,Health Care,Medical Specialities
FULC,Fulcrum Therapeutics Inc. Common Stock,$3.58 ,-0.14,-3.76%,238456984,United States,2019,3525045,Health Care,Biotechnology: Pharmaceutical Preparations
FULT,Fulton Financial Corporation Common Stock,$24.33 ,-0.01,-0.04%,4650280147,United States,,1780774,Finance,Major Banks
FULTP,Fulton Financial Corporation Depositary Shares Each Representing a 1/40th Interest in a Share of Fixed Rate Non-Cumulative Perpetual Preferred Stock Series A,$17.90 ,-0.165,-0.91%,3421291189,United States,,20837,Finance,Major Banks
FUNC,First United Corporation Common Stock,$44.14 ,0.3,0.68%,284558088,United States,,22429,Finance,Major Banks
FUND,Sprott Focus Trust Inc. Common Stock,$9.92 ,-0.08,-0.80%,293964885,United States,,19109,Finance,Investment Managers
FUSB,First US Bancshares Inc. Common Stock,$16.50 ,-0.3293,-1.96%,91859906,United States,,990,Finance,Major Banks
FUSE,Fusemachines Inc. Common stock,$0.78 ,-0.0315,-3.86%,22688364,United States,,34356,Technology,EDP Services
FUSEW,Fusemachines Inc. Warrants,$0.06 ,0,0.00%,1721885,United States,,6,Technology,EDP Services
FVAV,Fortress Value Acquisition Corp. V Class A Ordinary Shares,$10.16 ,0,0.00%,0,United States,2026,450019,,
FVCB,FVCBankcorp Inc. Common Stock,$18.59 ,0.19,1.03%,334560363,United States,,145287,Finance,Major Banks
FWAC,Futurewave Acquisition Corporation Ordinary Shares,$9.87 ,9.87,,0,United States,,123935,,
FWACR,Futurewave Acquisition Corporation Rights,$0.15 ,0.15,,0,United States,,2826461,,
FWACU,Futurewave Acquisition Corporation Units,$10.07 ,-0.01,-0.10%,0,United States,2026,121629,,
FWACW,Futurewave Acquisition Corporation Warrants,$0.05 ,0.05,,0,United States,,370000,,
FWDI,Forward Industries Inc. Common Stock,$4.03 ,-0.085,-2.07%,300959187,United States,,864089,Industrials,Plastic Products
FWONA,Liberty Media Corporation Series A Liberty Formula One Common Stock,$89.81 ,-2.18,-2.37%,22506898635,United States,,151878,Industrials,Broadcasting
FWONK,Liberty Media Corporation Series C Liberty Formula One Common Stock,$98.13 ,-1.87,-1.87%,24591938126,United States,,1703026,Industrials,Broadcasting
FWRD,Forward Air Corporation Common Stock,$14.05 ,-0.14,-0.99%,444331896,United States,,503465,Industrials,Integrated Freight & Logistics
FWRG,First Watch Restaurant Group Inc. Common Stock,$12.85 ,-0.49,-3.67%,792136772,United States,2021,749385,Consumer Discretionary,Restaurants
FXAC,FortuneX Acquisition Corporation Ordinary shares,$10.03 ,0.01,0.10%,0,United States,2026,76069,Finance,Blank Checks
FXACU,FortuneX Acquisition Corporation Units,$10.10 ,0,0.00%,0,United States,2026,87,Finance,Blank Checks
FXACW,FortuneX Acquisition Corporation Warrant,$0.16 ,-0.015,-8.82%,0,United States,2026,125000,Finance,Blank Checks
FXNC,First National Corporation Common Stock,$31.75 ,0.11,0.35%,287050702,United States,,51522,Finance,Major Banks
GABC,German American Bancorp Inc. Common Stock,$50.88 ,-0.23,-0.45%,1911272398,United States,,197537,Finance,Major Banks
GAIA,Gaia Inc. Class A Common Stock,$1.85 ,0,0.00%,46831226,United States,1999,23893,Consumer Discretionary,Movies/Entertainment
GAIN,Gladstone Investment Corporation Business Development Company,$16.15 ,-0.07,-0.43%,643124767,United States,2005,193746,Finance,Finance: Consumer Services
GAING,Gladstone Investment Corporation 7.125% Notes due 2031,$25.05 ,0.065,0.26%,0,United States,,29079,Finance,Finance: Consumer Services
GAINI,Gladstone Investment Corporation 7.875% Notes due 2030,$25.45 ,0.09,0.36%,0,United States,,11626,Finance,Finance: Consumer Services
GAINZ,Gladstone Investment Corporation 4.875% Notes due 2028,$24.20 ,0.27,1.13%,924905366,United States,,9200,Finance,Finance: Consumer Services
GALT,Galectin Therapeutics Inc. Common Stock,$2.97 ,-0.26,-8.05%,195594987,United States,,387711,Health Care,Biotechnology: Pharmaceutical Preparations
GAME,GameSquare Holdings Inc. Common Stock,$0.34 ,-0.0258,-7.14%,31425881,United States,,370849,Consumer Discretionary,Services-Misc. Amusement & Recreation
GANX,Gain Therapeutics Inc. Common Stock,$1.68 ,-0.08,-4.55%,71658784,United States,2021,230678,Health Care,Biotechnology: Pharmaceutical Preparations
GBDC,Golub Capital BDC Inc. Common Stock,$12.83 ,-0.01,-0.08%,3342153172,United States,2010,610056,Finance,Finance: Consumer Services
GBFH,GBank Financial Holdings Inc. Common Stock,$20.82 ,-0.2,-0.95%,301272729,United States,,178571,Finance,Commercial Banks
GBLI,Global Indemnity Group LLC Class A Common Stock ,$27.50 ,0.002,0.01%,401750993,United States,,6950,Finance,Property-Casualty Insurers
GCBC,Greene County Bancorp Inc. Common Stock,$33.46 ,0.02,0.06%,569672728,United States,,45823,Finance,Banks
GCGR,General Catalyst Global Resilience Merger Corp. Class A Ordinary Shares,$10.17 ,-0.01,-0.10%,0,United States,2026,191,,
GCGRU,General Catalyst Global Resilience Merger Corp. Units,$10.31 ,0,0.00%,0,United States,2026,5,,
GCGRW,General Catalyst Global Resilience Merger Corp. Warrants,$0.85 ,0,0.00%,0,United States,2026,50,,
GCMG,GCM Grosvenor Inc. Class A Common Stock,$12.48 ,0.05,0.40%,2521571470,United States,,314268,Finance,Investment Managers
GCT,GigaCloud Technology Inc Class A Ordinary Shares,$43.74 ,1.53,3.63%,1631024009,United States,2022,646371,Consumer Discretionary,Catalog/Specialty Distribution
GCTK,GlucoTrack Inc. Common Stock,$0.48 ,-0.303,-38.85%,3682021,United States,,19630705,Health Care,Medical/Dental Instruments
GDC,GD Culture Group Limited Common Stock,$1.68 ,0.11,7.01%,6992965,United States,2015,392832,Industrials,Steel/Iron Ore
GDRX,GoodRx Holdings Inc. Class A Common Stock,$3.07 ,-0.1,-3.16%,1039733395,United States,2020,712579,Technology,EDP Services
GDYN,Grid Dynamics Holdings Inc. Class A Common Stock,$6.89 ,-0.17,-2.41%,576183512,United States,2018,4454136,Technology,Computer Software: Prepackaged Software
GECC,Great Elm Capital Corp. Common Stock,$5.14 ,-0.05,-0.96%,71405111,United States,,20032,Finance,Finance: Consumer Services
GECCG,Great Elm Capital Corp. 7.75% Notes Due 2030,$24.74 ,0,0.00%,0,United States,,1139,Finance,Finance: Consumer Services
GECCH,Great Elm Capital Corp. 8.125% Notes Due 2029,$25.14 ,0,0.00%,0,United States,,26,,
GECCI,Great Elm Capital Corp. 8.50% NOTES DUE 2029,$25.31 ,0,0.00%,0,United States,,115,Finance,Finance Companies
GEG,Great Elm Group Inc. Common Stock,$2.15 ,-0.03,-1.38%,67417567,United States,,3843,Technology,Computer Software: Prepackaged Software
GEGGL,Great Elm Group Inc.  7.25% Notes due 2027,$24.68 ,-0.1602,-0.65%,715634904,United States,,2625,Technology,Computer Software: Prepackaged Software
GEHC,GE HealthCare Technologies Inc. Common Stock ,$68.02 ,-1.92,-2.75%,30723698861,United States,,5126737,Health Care,Medical Electronics
GEMI,Gemini Space Station Inc. Class A Common Stock,$3.90 ,-0.21,-5.11%,465230739,United States,2025,1912893,Finance,Investment Bankers/Brokers/Service
GEN,Gen Digital Inc. Common Stock,$27.45 ,0.16,0.59%,16430940434,United States,,4468617,Technology,Computer Software: Prepackaged Software
GENB,Generate Biomedicines Inc. Common Stock,$14.00 ,-0.03,-0.21%,1794694776,United States,2026,318585,Health Care,Biotechnology: Pharmaceutical Preparations
GENK,GEN Restaurant Group Inc. Class A Common Stock,$2.03 ,0.02,1.00%,66918175,United States,2023,96279,Consumer Discretionary,Restaurants
GENVR,Gen Digital Inc. Contingent Value Rights,$1.18 ,-0.7,-37.23%,706320937,United States,,22704,Technology,Computer Software: Prepackaged Software
GEOS,Geospace Technologies Corporation Common Stock (Texas),$7.31 ,0.11,1.53%,94559258,United States,,62790,Industrials,Industrial Machinery/Components
GERN,Geron Corporation Common Stock,$1.29 ,-0.05,-3.73%,827562056,United States,1996,19598979,Health Care,Biotechnology: Pharmaceutical Preparations
GEVO,Gevo Inc. Common Stock,$1.48 ,-0.05,-3.27%,360248767,United States,2011,2048107,Industrials,Major Chemicals
GFS,GlobalFoundries Inc. Ordinary Shares,$49.99 ,0.1,0.20%,27815298627,United States,2021,4762350,Technology,Semiconductors
GFUZ,General Fusion Group Ltd. Common Shares,$10.09 ,0.71,7.57%,641166951,United States,2025,353146,Utilities,Electric Utilities: Central
GFUZW,General Fusion Group Ltd. Warrant,$1.82 ,-0.1,-5.21%,115651521,United States,2025,88291,Utilities,Electric Utilities: Central
GGRP,The Glimpse Group Inc. Common Stock,$0.87 ,0.009,1.05%,18237501,United States,2021,86809,Technology,EDP Services
GH,Guardant Health Inc. Common Stock,$161.99 ,9.64,6.33%,21479862499,United States,2018,4583812,Health Care,Medical Specialities
GHXIU,Gores Holdings XI Inc. Units,$10.10 ,-0.01,-0.10%,0,United States,2026,5063,,
GIFT,Giftify Inc. Common Stock,$0.87 ,0.0031,0.36%,29607175,United States,,165313,Consumer Discretionary,Catalog/Specialty Distribution
GIII,G-III Apparel Group LTD. Common Stock,$36.41 ,-0.28,-0.76%,1536158763,United States,1989,422141,Consumer Discretionary,Apparel
GILD,Gilead Sciences Inc. Common Stock,$130.21 ,-1.07,-0.82%,1.61665E+11,United States,1992,6529651,Health Care,Biotechnology: Biological Products (No Diagnostic Substances)
GIPR,Generation Income Properties Inc. Common Stock,$0.74 ,0.0559,8.22%,758376,United States,,209015,Real Estate,Real Estate Investment Trusts
GIW,GigCapital8 Corp. Class A Ordinary Shares,$10.11 ,-0.01,-0.10%,0,United States,2025,169,Finance,Blank Checks
GIX,GigCapital9 Corp. Class A Ordinary Share,$9.94 ,-0.01,-0.10%,0,United States,2026,15011,Finance,Blank Checks
GIXXR,GigCapital9 Corp. Rights,$0.29 ,0,0.00%,0,United States,2026,5346,Finance,Blank Checks
GLAD,Gladstone Capital Corporation Common Stock,$18.67 ,-0.19,-1.01%,421812598,United States,2001,229878,Consumer Discretionary,Textiles
GLIBA,Liberty Capital Corporation Series A GCI Group Common Stock,$23.64 ,0.22,0.94%,943354058,United States,,38633,Telecommunications,Cable & Other Pay Television Services
GLIBK,Liberty Capital Corporation Series C GCI Group Common Stock,$23.17 ,0.13,0.56%,924598711,United States,,378451,Telecommunications,Cable & Other Pay Television Services
GLND,Greenland Energy Company Common Stock,$2.27 ,0.31,15.82%,99267540,United States,,917043,Energy,Oil & Gas Production
GLNDW,Greenland Energy Company Warrant,$0.80 ,0.065,8.84%,34984155,United States,,17044,Energy,Oil & Gas Production
GLOO,Gloo Holdings Inc. Class A Common Stock,$3.23 ,0.08,2.54%,265217422,United States,2025,131612,Technology,EDP Services
GLPI,Gaming and Leisure Properties Inc. Common Stock,$44.79 ,0.08,0.18%,12694418797,United States,,3386529,Real Estate,Real Estate Investment Trusts
GLSI,Greenwich LifeSciences Inc. Common Stock,$13.50 ,-0.52,-3.71%,198155808,United States,2020,85653,Health Care,Biotechnology: Pharmaceutical Preparations
GLUE,Monte Rosa Therapeutics Inc. Common Stock,$16.52 ,-6.16,-27.16%,1395599985,United States,2021,7467219,Health Care,Biotechnology: Biological Products (No Diagnostic Substances)
GLXY,Galaxy Digital Inc. Class A Common Stock,$21.01 ,-0.51,-2.37%,8206723033,United States,,5306066,Finance,Investment Bankers/Brokers/Service
GNLN,Greenlane Holdings Inc. Class A Common Stock,$1.93 ,0.16,9.04%,1218716,United States,2019,124418,Consumer Discretionary,Durable Goods
GNLX,Genelux Corporation Common Stock,$2.94 ,-0.11,-3.61%,131830823,United States,2023,374948,Health Care,Biotechnology: Pharmaceutical Preparations
GNPX,Genprex Inc. Common Stock,$5.99 ,-0.07,-1.16%,3024567,United States,2018,29059,Health Care,Biotechnology: Pharmaceutical Preparations
GNSS,Genasys Inc. Common Stock,$1.67 ,-0.09,-5.11%,76055155,United States,,54785,Consumer Staples,Consumer Electronics/Appliances
GNTX,Gentex Corporation Common Stock,$23.36 ,-0.275,-1.16%,4990802073,United States,,2129111,Consumer Discretionary,Auto Parts:O.E.M.
GO,Grocery Outlet Holding Corp. Common Stock,$9.19 ,0.03,0.33%,909099356,United States,2019,2158144,Consumer Staples,Food Chains
GOAI,Eva Live Inc. Common Stock,$1.97 ,0.07,3.68%,71974716,United States,,231995,Technology,Computer Software: Programming Data Processing
GOGO,Gogo Inc. Common Stock,$4.18 ,0.045,1.09%,565297026,United States,2013,1908877,Consumer Discretionary,Telecommunications Equipment
GOOD,Gladstone Commercial Corporation Real Estate Investment Trust,$12.50 ,-0.02,-0.16%,605087413,United States,2003,417255,Real Estate,Real Estate
GOODN,Gladstone Commercial Corporation 6.625% Series E Cumulative Redeemable Preferred Stock,$23.02 ,-0.215,-0.93%,1114086944,United States,,2887,Real Estate,Real Estate
GOODO,Gladstone Commercial Corporation 6.00% Series G Cumulative Redeemable Preferred Stock par value $0.001 per share,$20.65 ,-0.01,-0.05%,999604405,United States,,8624,Real Estate,Real Estate
GOOG,Alphabet Inc. Class C Capital Stock,$356.65 ,22.97,6.88%,4.36183E+12,United States,2004,30443642,Technology,Computer Software: Programming Data Processing
GOOGL,Alphabet Inc. Class A Common Stock,$356.13 ,22.47,6.73%,4.35547E+12,United States,2004,46423605,Technology,Computer Software: Programming Data Processing
GOOGM,Alphabet Inc. Depositary Shares representing a 1/20th Interest in a Share of Series A Mandatory Convertible Preferred Stock,$50.16 ,2.17,4.52%,6.13457E+11,United States,,2836097,Technology,Computer Software: Programming Data Processing
GOOGN,Alphabet Inc. Depositary Shares representing a 1/20th Interest in a Share of Series B Mandatory Convertible Preferred Stock,$50.20 ,2.31,4.82%,6.13946E+11,United States,,4030956,Technology,Computer Software: Programming Data Processing
GOSS,Gossamer Bio Inc. Common Stock,$0.17 ,-0.0088,-4.94%,82859519,United States,2019,25361548,Health Care,Biotechnology: Pharmaceutical Preparations
GOVX,GeoVax Labs Inc. Common Stock,$0.68 ,-0.0214,-3.05%,5019928,United States,,48851,Health Care,Biotechnology: Pharmaceutical Preparations
GPAC,General Purpose Acquisition Corp. Class A Ordinary Shares,$10.03 ,0.005,0.05%,0,United States,2026,16313,,
GPACU,General Purpose Acquisition Corp. Units,$10.13 ,0,0.00%,0,United States,2025,242,,
GPAT,GP-Act III Acquisition Corp. Class A Ordinary Share,$10.92 ,0,0.00%,0,United States,2024,7,,
GPATW,GP-Act III Acquisition Corp. Warrants,$0.16 ,-0.01,-5.88%,0,United States,2024,4532,,
GPCR,Structure Therapeutics Inc. American Depositary Shares,$48.04 ,-1.43,-2.89%,3414419749,United States,2023,407595,Health Care,Biotechnology: Pharmaceutical Preparations
GPRE,Green Plains Inc. Common Stock,$16.85 ,-0.43,-2.49%,1181204546,United States,,1266453,Industrials,Major Chemicals
GPRO,GoPro Inc. Class A Common Stock,$0.75 ,0.0345,4.83%,129574832,United States,2014,3921584,Consumer Discretionary,Industrial Machinery/Components
GRAL,GRAIL Inc. Common Stock ,$68.56 ,-2.58,-3.63%,2942361616,United States,,560403,Health Care,Medical Specialities
GRDX,GridAI Technologies Corp. Common Stock,$2.90 ,-0.15,-4.92%,20048399,United States,2016,62792,Health Care,Biotechnology: Pharmaceutical Preparations
GREEL,Vulcan Infrastructure and Power Inc. 8.50% Senior Notes due 2026,$24.85 ,0.06,0.24%,389484412,United States,,891,Finance,Finance: Consumer Services
GRI,GRI Bio Inc. Common Stock,$1.38 ,-0.03,-2.13%,2443756,United States,2021,23417,Health Care,Biotechnology: Pharmaceutical Preparations
GRML,Greenland Mines Ltd. Common Stock,$0.19 ,-0.0023,-1.17%,23496052,United States,2022,2051676,Health Care,Biotechnology: Biological Products (No Diagnostic Substances)
GRMLW,Greenland Mines Ltd Warrant,$0.15 ,0.0292,24.33%,18088808,United States,2022,595,Health Care,Biotechnology: Biological Products (No Diagnostic Substances)
GROW,U.S. Global Investors Inc. Class A Common Stock,$2.86 ,-0.03,-1.04%,35476001,United States,,7345,Finance,Investment Managers
GRPN,Groupon Inc. Common Stock,$27.58 ,-0.31,-1.11%,1047598168,United States,2011,767999,Consumer Discretionary,Advertising
GRWG,GrowGeneration Corp. Common Stock,$1.44 ,-0.01,-0.69%,86530903,United States,,168348,Consumer Discretionary,RETAIL: Building Materials
GSAT,Globalstar Inc. Common Stock,$83.38 ,3.29,4.11%,10738421067,United States,2025,2283270,Consumer Discretionary,Telecommunications Equipment
GSBC,Great Southern Bancorp Inc. Common Stock,$80.31 ,0.17,0.21%,874833133,United States,1989,68965,Finance,Major Banks
GSHD,Goosehead Insurance Inc. Class A Common Stock,$62.00 ,-1.86,-2.91%,2201986110,United States,2018,708794,Finance,Specialty Insurers
GSHR,Gesher Acquisition Corp. II Class A Ordinary Shares,$10.49 ,0,0.00%,0,United States,2025,56,,
GSIT,GSI Technology Common Stock,$5.61 ,-0.23,-3.94%,215267330,United States,2007,1093109,Technology,Semiconductors
GSRF,GSR IV Acquisition Corp. Class A ordinary share,$10.17 ,0.01,0.10%,0,United States,2025,262231,,
GSRFR,GSR IV Acquisition Corp. Rights,$2.05 ,0.04,1.99%,0,United States,2025,8359,,
GSRFU,GSR IV Acquisition Corp. Units,$10.58 ,0,0.00%,0,United States,2025,40,,
GSRV,GSR V Acquisition Corp. Class A ordinary shares,$9.85 ,0.005,0.05%,0,United States,2026,79880,Finance,Blank Checks
GSRVR,GSR V Acquisition Corp. Rights,$1.30 ,0,0.00%,0,United States,2026,50,Finance,Blank Checks
GSRVU,GSR V Acquisition Corp. Units,$10.65 ,0,0.00%,0,United States,2026,300,Finance,Blank Checks
GT,The Goodyear Tire & Rubber Company Common Stock,$6.95 ,-0.13,-1.84%,1997698485,United States,,6897446,Consumer Discretionary,Automotive Aftermarket
GTBP,GT Biopharma Inc. Common Stock,$0.29 ,-0.0143,-4.65%,13013371,United States,,600212,Health Care,Biotechnology: Pharmaceutical Preparations
GTEN,Gores Holdings X Inc. Class A ordinary shares,$10.48 ,0.03,0.29%,0,United States,2025,337,,
GTENW,Gores Holdings X Inc. Warrants,$0.78 ,0,0.00%,0,United States,2025,1,,
GTIM,Good Times Restaurants Inc. Common Stock,$1.38 ,-0.02,-1.43%,14569896,United States,,16813,Consumer Discretionary,Restaurants
GTLB,GitLab Inc. Class A Common Stock,$34.51 ,0.79,2.34%,5828739000,United States,2021,3136714,Technology,Computer Software: Prepackaged Software
GTM,ZoomInfo Technologies Inc Common Stock,$3.30 ,-0.02,-0.60%,972569512,United States,2020,6511073,Technology,Computer Software: Prepackaged Software
GUAC,Berto Acquisition Corp. II Ordinary Shares,$9.94 ,0,0.00%,0,United States,2026,13,Finance,Blank Checks
GUACU,Berto Acquisition Corp. II Unit,$10.20 ,0,0.00%,0,United States,2026,2630,Finance,Blank Checks
GUACW,Berto Acquisition Corp. II Warrants,$0.70 ,0.0273,4.06%,0,United States,2026,706,Finance,Blank Checks
GUTS,Fractyl Health Inc. Common Stock,$0.69 ,-0.005,-0.73%,108674540,United States,2024,622113,Health Care,Medical/Dental Instruments
GWAV,Greenwave Technology Solutions Inc. Common Stock,$3.42 ,0.18,5.56%,2837338,United States,,75356,Industrials,Metal Fabrications
GWRS,Global Water Resources Inc. Common Stock,$7.16 ,-0.09,-1.24%,205947619,United States,2016,45126,Utilities,Water Supply
GXAI,Gaxos.ai Inc. Common Stock,$0.75 ,-0.0453,-5.70%,7664951,United States,2023,154910,Technology,Computer Software: Prepackaged Software
GYGY,Game Your Game Inc. Common Stock,$9.08 ,-6.9,-43.18%,130643040,United States,,87321,Technology,Computer Software: Prepackaged Software
GYRE,Gyre Therapeutics Inc. Common Stock,$5.75 ,-0.06,-1.03%,641060882,United States,2006,48386,Health Care,Biotechnology: Pharmaceutical Preparations
GYRO,Gyrodyne LLC Common Stock,$5.50 ,0,0.00%,12096194,United States,,15,Real Estate,Building operators
HACQ,HCM IV Acquisition Corp. Class A Ordinary Share,$10.06 ,0,0.00%,0,United States,2026,15,Finance,Blank Checks
HACQU,HCM IV Acquisition Corp. Unit,$10.17 ,0,0.00%,0,United States,2026,40,,
HAFC,Hanmi Financial Corporation Common Stock,$31.88 ,0.19,0.60%,948953948,United States,,287412,Finance,Major Banks
HAIN,Hain Celestial Group Inc. (The) Common Stock,$0.50 ,0.0069,1.40%,44982336,United States,,478813,Consumer Staples,Packaged Foods
HALO,Halozyme Therapeutics Inc. Common Stock,$82.54 ,-0.76,-0.91%,9790317020,United States,,1564664,Health Care,Biotechnology: Biological Products (No Diagnostic Substances)
HAPN,Happen Inc. Common Stock,$19.14 ,-0.19,-0.98%,2207816705,United States,,1241387,Finance,Finance: Consumer Services
HAS,Hasbro Inc. Common Stock,$93.94 ,-0.59,-0.62%,13291635606,United States,,2808966,Consumer Discretionary,Recreational Games/Products/Toys
HBAN,Huntington Bancshares Incorporated Common Stock,$17.04 ,-0.04,-0.23%,34427868635,United States,,15564306,Finance,Major Banks
HBANL,Huntington Bancshares Incorporated Depositary Shares Each Representing a 1/40th Interest in a Share of 6.875% Series J Non-Cumulative Perpetual Preferred Stock,$25.04 ,-0.01,-0.04%,50591187243,United States,,35202,Finance,Major Banks
HBANM,Huntington Bancshares Incorporated Depositary Shares each representing a 1/1000th interest in a share of Huntington Series I Preferred Stock,$20.81 ,-0.06,-0.29%,42044832529,United States,,21455,Finance,Major Banks
HBANP,Huntington Bancshares Incorporated Depositary Shares 4.500% Series H Non-Cumulative Perpetual Preferred Stock,$16.20 ,0.01,0.06%,32730720181,United States,,71133,Finance,Major Banks
HBANZ,Huntington Bancshares Incorporated Depositary Shares Each Representing a 1/1000th Interest in a Share of 5.50% Series L Non-Cumulative Perpetual Preferred Stock,$19.79 ,-0.02,-0.10%,39984009407,United States,,15801,Finance,Major Banks
HBCP,Home Bancorp Inc. Common Stock,$71.34 ,0.48,0.68%,559493296,United States,2008,92484,Finance,Banks
HBIO,Harvard Bioscience Inc. Common Stock,$6.10 ,0.01,0.16%,27512110,United States,2000,21767,Industrials,Biotechnology: Laboratory Analytical Instruments
HBNC,Horizon Bancorp Inc. Common Stock,$20.45 ,-0.13,-0.63%,1049693674,United States,,545720,Finance,Major Banks
HBT,HBT Financial Inc. Common Stock,$35.84 ,-0.02,-0.06%,1303897836,United States,2019,111046,Finance,Major Banks
HCAT,Health Catalyst Inc Common Stock,$2.09 ,0.01,0.48%,154438502,United States,2019,398731,Technology,Computer Software: Programming Data Processing
HCIC,Hennessy Capital Investment Corp. VIII Class A Ordinary Shares,$9.98 ,0,0.00%,0,United States,2026,7,,
HCICU,Hennessy Capital Investment Corp. VIII Units,$10.11 ,0,0.00%,0,United States,2026,43,,
HCKT,Hackett Group Inc (The). Common Stock,$10.72 ,0.05,0.47%,270024869,United States,,330277,Consumer Discretionary,Professional Services
HCMA,HCM III Acquisition Corp. Class A Ordinary Share,$10.29 ,-0.01,-0.10%,399380625,United States,2025,50110,Consumer Discretionary,Hotels/Resorts
HCMAU,HCM III Acquisition Corp. Units,$10.48 ,0,0.00%,0,United States,2025,101,,
HCMAW,HCM III Acquisition Corp. Warrants,$0.64 ,0.04,6.67%,50715439,United States,2025,1962,Consumer Discretionary,Hotels/Resorts
HCSG,Healthcare Services Group Inc. Common Stock,$23.30 ,0.22,0.95%,1599130307,United States,1983,561336,Health Care,Hospital/Nursing Management
HCTI,Healthcare Triangle Inc. Common Stock,$1.10 ,-0.045,-3.93%,16108754,United States,2021,194360,Technology,EDP Services
HCWB,HCW Biologics Inc. Common Stock,$3.20 ,0.05,1.59%,5809699,United States,2021,62233,Health Care,Biotechnology: Pharmaceutical Preparations
HDRN,Hadron Energy Inc. Common Stock  ,$1.53 ,0.02,1.33%,109393228,United States,2024,72489,Utilities,Electric Utilities: Central
HDRNW,Hadron Energy Inc. Warrant,$0.15 ,0.0067,4.73%,10603278,United States,2024,21870,Utilities,Electric Utilities: Central
HDSN,Hudson Technologies Inc. Common Stock,$6.04 ,0.24,4.14%,254095480,United States,,479250,Consumer Discretionary,Industrial Specialties
HERZ,Herzfeld Credit Income Fund Inc. Common Stock,$16.14 ,0.8225,5.37%,0,United States,,3024,Finance,Investment Managers
HFBL,Home Federal Bancorp Inc. of Louisiana Common Stock,$23.35 ,0.355,1.54%,71293039,United States,2010,675,Finance,Savings Institutions
HFFG,HF Foods Group Inc. Common Stock,$1.50 ,0,0.00%,80213126,United States,2017,98101,Consumer Discretionary,Food Distributors
HFWA,Heritage Financial Corporation Common Stock,$29.73 ,0.18,0.61%,1225435429,United States,,437198,Finance,Banks
HGBL,Heritage Global Inc. Common Stock,$1.16 ,0,0.00%,40300201,United States,,57627,Consumer Discretionary,Business Services
HHS,Harte Hanks Inc. Common Stock,$2.19 ,-0.08,-3.52%,16248639,United States,,3134,Consumer Discretionary,Advertising
HIFS,Hingham Institution for Savings Common Stock,$285.18 ,2.2,0.78%,612395532,United States,,54098,Finance,Banks
HIND,Vyome Holdings Inc. Common Stock,$2.12 ,0.105,5.22%,14844187,United States,2016,23088,Health Care,Medical/Dental Instruments
HIT,Health In Tech Inc. Class A Common Stock,$1.11 ,0.07,6.73%,72769472,United States,2024,66115,Finance,Specialty Insurers
HLIT,Harmonic Inc. Common Stock,$11.55 ,0.33,2.94%,1253133836,United States,1995,1158215,Technology,Radio And Television Broadcasting And Communications Equipment
HLMN,Hillman Solutions Corp. Common Stock,$7.87 ,-0.03,-0.38%,1544169599,United States,2020,1523666,Consumer Discretionary,Industrial Machinery/Components
HLNE,Hamilton Lane Incorporated Class A Common Stock,$88.91 ,-0.04,-0.05%,4937511403,United States,2017,599478,Finance,Investment Managers
HLXC,Helix Acquisition Corp. III Class A Ordinary Shares,$10.51 ,0,0.00%,0,United States,2026,1035,,
HMH,HMH Holding Inc. Class A Common Stock,$20.79 ,0.67,3.33%,914810395,United States,2026,395951,Consumer Discretionary,Oil and Gas Field Machinery
HNNA,Hennessy Advisors Inc. Common Stock,$9.83 ,0.0081,0.08%,77680533,United States,,12834,Finance,Investment Managers
HNRG,Hallador Energy Company Common Stock,$14.22 ,-0.39,-2.67%,670194174,United States,,768145,Utilities,Electric Utilities: Central
HNST,The Honest Company Inc. Common Stock,$3.65 ,-0.07,-1.88%,401786945,United States,2021,1007636,Consumer Discretionary,Catalog/Specialty Distribution
HNVR,Hanover Bancorp Inc. Common Stock,$26.25 ,-0.3,-1.13%,187826568,United States,2022,50276,Finance,Major Banks
HODO,House of Doge Inc. Common Stock,$0.67 ,0.036,5.71%,50596930,United States,2025,135792,Consumer Discretionary,Services-Misc. Amusement & Recreation
HOFT,Hooker Furnishings Corporation Common Stock,$13.97 ,-0.04,-0.29%,150060851,United States,,81229,Consumer Discretionary,Home Furnishings
HOLO,MicroCloud Hologram Inc. Ordinary Shares,$1.48 ,-0.12,-7.50%,33910293,United States,2021,391245,Technology,Computer Software: Programming Data Processing
HOLOW,MicroCloud Hologram Inc. Warrant,$0.05 ,-0.0281,-35.08%,1191443,United States,2021,4320,Technology,Computer Software: Programming Data Processing
HON,Honeywell International Inc. Common Stock,$243.05 ,1.14,0.47%,77032269431,United States,,3887543,Industrials,Aerospace
HONA,Honeywell Aerospace Inc. Common Stock ,$206.74 ,2.42,1.18%,65524123915,United States,,2317547,Industrials,Aerospace
HOOD,Robinhood Markets Inc. Class A Common Stock,$86.56 ,-0.04,-0.05%,77947717734,United States,2021,22874172,Finance,Investment Bankers/Brokers/Service
HOPE,Hope Bancorp Inc. Common Stock,$14.01 ,-0.02,-0.14%,1791022751,United States,,1101087,Finance,Major Banks
HOUR,Hour Loop Inc. Common Stock,$1.78 ,0,0.00%,62641564,United States,2022,22468,Consumer Discretionary,Catalog/Specialty Distribution
HOVNP,Hovnanian Enterprises Inc Dep Shr Srs A Pfd,$19.90 ,-0.09,-0.45%,116605980,United States,,21376,Consumer Discretionary,Homebuilding
HOVR,New Horizon Aircraft Ltd. Class A Ordinary Share,$1.72 ,-0.02,-1.15%,114940440,United States,2023,614571,Industrials,Aerospace
HOVRW,New Horizon Aircraft Ltd. Warrant,$0.39 ,0.0447,12.95%,26062076,United States,2023,11180,Industrials,Aerospace
HOWL,Werewolf Therapeutics Inc. Common Stock,$0.35 ,-0.1473,-29.44%,17159536,United States,2021,2951904,Health Care,Biotechnology: Pharmaceutical Preparations
HPK,HighPeak Energy Inc. Common Stock,$7.15 ,0.52,7.84%,903460444,United States,,662886,Energy,Oil & Gas Production
HQI,HireQuest Inc. Common Stock (DE),$12.92 ,-0.54,-4.01%,179588000,United States,,8521,Consumer Discretionary,Professional Services
HQY,HealthEquity Inc. Common Stock,$100.61 ,-0.38,-0.38%,8411213016,United States,2014,526858,Consumer Discretionary,Business Services
HRMY,Harmony Biosciences Holdings Inc. Common Stock,$35.24 ,-0.62,-1.73%,2040137902,United States,2020,604915,Health Care,Biotechnology: Pharmaceutical Preparations
HROW,Harrow Inc. Common Stock,$38.77 ,-0.17,-0.44%,1445155898,United States,,261634,Health Care,Biotechnology: Pharmaceutical Preparations
HRTX,Heron Therapeutics Inc. Common Stock,$0.50 ,-0.0012,-0.24%,93920423,United States,,1335193,Health Care,Biotechnology: Pharmaceutical Preparations
HRZN,Horizon Technology Finance Corporation Common Stock,$4.32 ,-0.08,-1.82%,294888000,United States,2010,512193,Finance,Finance: Consumer Services
HSCS,HeartSciences Inc. Common Stock,$2.18 ,0.1,4.81%,8500890,United States,2022,40805,Health Care,Industrial Specialties
HSCSW,HeartSciences Inc. Warrant,$0.04 ,0,0.00%,150130,United States,2022,6,Health Care,Industrial Specialties
HSDT,Solana Company Class A Common Stock (DE),$1.65 ,-0.05,-2.94%,96338014,United States,,29181,Health Care,Biotechnology: Electromedical & Electrotherapeutic Apparatus
HSIC,Henry Schein Inc. Common Stock,$85.75 ,0.58,0.68%,9768361913,United States,1995,1221190,Health Care,Medical Specialities
HST,Host Hotels & Resorts Inc. Common Stock,$25.13 ,0.04,0.16%,17211016332,United States,,10036717,Real Estate,Real Estate Investment Trusts
HSTM,HealthStream Inc. Common Stock,$28.04 ,-0.16,-0.57%,819193872,United States,2000,155445,Technology,Computer Software: Programming Data Processing
HTFL,Heartflow Inc. Common Stock,$25.23 ,-0.6,-2.32%,2175856090,United States,2025,685345,Health Care,Medical/Dental Instruments
HTLD,Heartland Express Inc. Common Stock,$12.23 ,-0.5,-3.93%,947698982,United States,1986,856942,Industrials,Trucking Freight/Courier Services
HTO,H2O America Common Stock,$61.33 ,-0.64,-1.03%,2567077789,United States,,311964,Utilities,Water Supply
HTZ,Hertz Global Holdings Inc Common Stock,$1.59 ,-0.07,-4.23%,500486769,United States,,23848604,Consumer Discretionary,Rental/Leasing Companies
HTZWW,Hertz Global Holdings Inc Warrant,$0.76 ,-0.0301,-3.81%,239949461,United States,,41016,Consumer Discretionary,Rental/Leasing Companies
HUBG,Hub Group Inc. Class A Common Stock,$46.53 ,1.12,2.47%,2845472820,United States,1996,731637,Industrials,Integrated Freight & Logistics
HUMA,Humacyte Inc. Common Stock,$0.65 ,-0.0182,-2.71%,145067285,United States,2020,1746151,Health Care,Biotechnology: Biological Products (No Diagnostic Substances)
HUMAW,Humacyte Inc. Warrant,$0.01 ,0.001,11.11%,2220191,United States,2020,514447,Health Care,Biotechnology: Biological Products (No Diagnostic Substances)
HURA,TuHURA Biosciences Inc. Common Stock,$2.17 ,0,0.00%,138191086,United States,,142827,Health Care,Biotechnology: Pharmaceutical Preparations
HURC,Hurco Companies Inc. Common Stock,$20.84 ,-0.36,-1.70%,134966550,United States,,12243,Industrials,Industrial Machinery/Components
HURN,Huron Consulting Group Inc. Common Stock,$151.77 ,-11.99,-7.32%,2414671627,United States,2004,871358,Consumer Discretionary,Professional Services
HUT,Hut 8 Corp. Common Stock,$107.63 ,-0.64,-0.59%,12118504275,United States,,4587461,Finance,Finance: Consumer Services
HVII,Hennessy Capital Investment Corp. VII Ordinary Shares,$10.49 ,-0.005,-0.05%,,United States,2025,58545,,
HVIIR,Hennessy Capital Investment Corp. VII Rights,$0.34 ,0,0.00%,0,United States,2025,996,Finance,Blank Checks
HVMC,Highview Merger Corp. Class A Ordinary Share,$10.20 ,0,0.00%,0,United States,2025,149128,,
HVMCW,Highview Merger Corp. Warrants,$0.30 ,-0.0596,-16.56%,0,United States,2025,2100,,
HWBK,Hawthorn Bancshares Inc. Common Stock,$38.99 ,0.34,0.88%,268897849,United States,,13497,Finance,Major Banks
HWC,Hancock Whitney Corporation Common Stock,$77.00 ,0.71,0.93%,6249163536,United States,,768351,Finance,Major Banks
HWCPZ,Hancock Whitney Corporation 6.25% Subordinated Notes due 2060,$22.24 ,0.07,0.32%,1884950711,United States,,23268,Finance,Major Banks
HWH,HWH International Inc. Common Stock,$1.42 ,-0.02,-1.39%,10971488,United States,2022,17402,Health Care,Other Pharmaceuticals
HWKN,Hawkins Inc. Common Stock,$128.03 ,-1.19,-0.92%,2672641230,United States,,300124,Consumer Discretionary,Specialty Chemicals
HYFM,Hydrofarm Holdings Group Inc. Common Stock,$0.54 ,-0.0516,-8.72%,2572890,United States,2020,217941,Consumer Discretionary,Consumer Specialties
HYMC,Hycroft Mining Holding Corporation Class A Common Stock,$19.53 ,-0.54,-2.69%,1819838230,United States,2018,1058617,Basic Materials,Precious Metals
HYNE,Hoyne Bancorp Inc. Common Stock,$16.26 ,-0.07,-0.43%,131656212,United States,2025,3893,Finance,Banks
HYPD,Hyperion DeFi Inc. Common Stock,$2.64 ,-0.02,-0.75%,40016452,United States,2018,358472,Health Care,Biotechnology: Pharmaceutical Preparations
HYPR,Hyperfine Inc. Class A Common Stock,$0.94 ,0.0076,0.82%,92897180,United States,2021,383589,Health Care,Biotechnology: Electromedical & Electrotherapeutic Apparatus
IACO,Idea Acquisition Corp. Class A Ordinary Shares,$9.93 ,0,0.00%,0,United States,2026,37,Finance,Blank Checks
IACOU,Idea Acquisition Corp. Units,$10.01 ,0,0.00%,0,United States,2026,50,Finance,Blank Checks
IACOW,Idea Acquisition Corp. Warrants,$0.34 ,-0.0099,-2.83%,0,United States,2026,2600,Finance,Blank Checks
IACQ,Irenic Acquisition Corp. Class A Ordinary Shares,$9.93 ,0,0.00%,0,United States,2026,501355,Finance,Blank Checks
IACQW,Irenic Acquisition Corp. Warrants,$0.55 ,0,0.00%,0,United States,2026,203,Finance,Blank Checks
IART,Integra LifeSciences Holdings Corporation Common Stock,$16.65 ,-0.47,-2.75%,1294912225,United States,,935111,Health Care,Medical/Dental Instruments
IBAC,IB Acquisition Corp. Common Stock,$10.81 ,0,0.00%,0,United States,2024,6,Finance,Blank Checks
IBACR,IB Acquisition Corp. Right,$0.11 ,-0.0099,-8.61%,0,United States,2024,1655,Finance,Blank Checks
IBCP,Independent Bank Corporation Common Stock,$38.20 ,0.01,0.03%,847751323,United States,,182508,Finance,Major Banks
IBIO,iBio Inc. Common Stock,$1.40 ,0.01,0.72%,69549985,United States,,728611,Health Care,Biotechnology: Pharmaceutical Preparations
IBKR,Interactive Brokers Group Inc. Class A Common Stock,$87.99 ,-2.49,-2.75%,1.49262E+11,United States,2019,4370751,Finance,Investment Bankers/Brokers/Service
IBOC,International Bancshares Corporation Common Stock,$76.54 ,0.2,0.26%,4759352416,United States,,313159,Finance,Major Banks
IBRX,ImmunityBio Inc. Common Stock,$7.17 ,-0.28,-3.76%,7509528015,United States,2015,9321807,Health Care,Biotechnology: Biological Products (No Diagnostic Substances)
ICCC,ImmuCell Corporation Common Stock,$11.21 ,0.15,1.36%,101414617,United States,1987,10152,Health Care,Biotechnology: In Vitro & In Vivo Diagnostic Substances
ICFI,ICF International Inc. Common Stock,$80.92 ,0.04,0.05%,1464990246,United States,2006,81607,Consumer Discretionary,Professional Services
ICHR,Ichor Holdings Ordinary Shares,$75.27 ,0.3,0.40%,2624443079,United States,2016,1225755,Technology,Semiconductors
ICMB,Investcorp Credit Management BDC Inc. Common Stock,$0.77 ,-0.0092,-1.18%,11114447,United States,2014,30568,Finance,Finance: Consumer Services
ICU,SeaStar Medical Holding Corporation Common Stock,$3.13 ,-0.05,-1.57%,12510616,United States,2021,84708,Health Care,Medical/Dental Instruments
ICUCW,SeaStar Medical Holding Corporation Warrant,$0.02 ,0,0.00%,77142,United States,2021,158,Health Care,Medical/Dental Instruments
ICUI,ICU Medical Inc. Common Stock,$168.51 ,0.13,0.08%,4211669008,United States,1992,349867,Health Care,Medical/Dental Instruments
IDAC,Iron Dome Acquisition I Corp. Class A Ordinary Shares,$9.98 ,0,0.00%,0,United States,2026,29,,
IDACU,Iron Dome Acquisition I Corp. Units,$10.12 ,-0.02,-0.20%,0,United States,2026,100,,
IDACW,Iron Dome Acquisition I Corp. Warrant,$0.27 ,-0.0799,-22.83%,0,United States,2026,29123,,
IDAI,T Stamp Inc. Class A Common Stock,$2.68 ,0.09,3.48%,15007904,United States,,46993,Technology,Computer Software: Prepackaged Software
IDCC,InterDigital Inc. Common Stock,$304.83 ,1.495,0.49%,7878210965,United States,,378041,Miscellaneous,Multi-Sector Companies
IDN,Intellicheck Inc. Common Stock,$3.61 ,-0.07,-1.90%,73106908,United States,1999,122230,Technology,Computer Software: Prepackaged Software
IDXX,IDEXX Laboratories Inc. Common Stock,$559.07 ,0.27,0.05%,44101117133,United States,1991,630768,Health Care,Biotechnology: In Vitro & In Vivo Diagnostic Substances
IDYA,IDEAYA Biosciences Inc. Common Stock,$35.50 ,-0.9,-2.47%,3119062660,United States,2019,482001,Health Care,Biotechnology: Pharmaceutical Preparations
IEAG,Infinite Eagle Acquisition Corp. Class A Ordinary Shares,$10.22 ,0,0.00%,0,United States,2026,115,Finance,Blank Checks
IEAGR,Infinite Eagle Acquisition Corp. Rights,$0.17 ,0,0.00%,0,United States,2026,10,Finance,Blank Checks
IEAGU,Infinite Eagle Acquisition Corp. Unit,$10.40 ,0.08,0.78%,0,United States,2026,3500,,
IEP,Icahn Enterprises L.P. Common Stock,$7.79 ,0.08,1.04%,5235273808,United States,,764006,Consumer Discretionary,Auto Parts:O.E.M.
IESC,IES Holdings Inc. Common Stock,$744.54 ,173,30.27%,14834130827,United States,,486559,Industrials,Engineering & Construction
IGAC,Invest Green Acquisition Corporation Class A Ordinary Shares,$10.03 ,0,0.00%,0,United States,2025,6509,Finance,Blank Checks
IHRT,iHeartMedia Inc. Class A Common Stock,$3.59 ,0.09,2.57%,542637105,United States,,644992,Consumer Discretionary,Broadcasting
III,Information Services Group Inc. Common Stock,$4.16 ,0.04,0.97%,199011380,United States,,123489,Consumer Discretionary,Professional Services
IIIV,i3 Verticals Inc. Class A Common Stock,$21.06 ,0.04,0.19%,588237685,United States,2018,258054,Technology,Computer Software: Prepackaged Software
IKT,Inhibikase Therapeutics Inc. Common Stock,$2.18 ,-0.1,-4.39%,287831146,United States,2020,369557,Health Care,Biotechnology: Biological Products (No Diagnostic Substances)
ILLR,Triller Group Inc. Common Stock,$1.09 ,-0.09,-7.63%,21523902,United States,2019,196274,Finance,Investment Managers
ILLRW,Triller Group Inc. Warrant,$0.05 ,0,0.00%,900449,United States,2019,7,Finance,Investment Managers
ILLU,Illumination Acquisition Corp I Class A Ordinary Shares,$9.92 ,0,0.00%,0,United States,2026,10,Technology,Computer Software: Programming Data Processing
ILLUW,Illumination Acquisition Corp I Warrant,$0.38 ,-0.0598,-13.59%,0,United States,2026,200,,
ILMN,Illumina Inc. Common Stock,$205.10 ,0.01,0.01%,31031630000,United States,2000,4099465,Health Care,Medical Specialities
ILPT,Industrial Logistics Properties Trust Common Shares of Beneficial Interest,$8.61 ,0.14,1.65%,574682035,United States,2018,626581,Real Estate,Real Estate Investment Trusts
IMA,ImageneBio Inc. Common Stock,$5.54 ,-0.37,-6.26%,62486380,United States,2021,8044,Health Care,Biotechnology: Biological Products (No Diagnostic Substances)
IMDX,Insight Molecular Diagnostics Inc. Common Stock,$4.65 ,0.05,1.09%,150149277,United States,,61620,Health Care,Biotechnology: In Vitro & In Vivo Diagnostic Substances
IMKTA,Ingles Markets Incorporated Class A Common Stock,$90.01 ,0.31,0.35%,1709683784,United States,1987,118233,Consumer Staples,Food Chains
IMMR,Immersion Corporation Common Stock,$7.56 ,0.155,2.09%,250930772,United States,1999,624858,Technology,Computer peripheral equipment
IMMX,Immix Biopharma Inc. Common Stock,$8.32 ,-0.23,-2.69%,580657925,United States,2021,1590609,Health Care,Biotechnology: Pharmaceutical Preparations
IMNM,Immunome Inc. Common Stock,$22.76 ,-0.32,-1.39%,2577578967,United States,2020,658145,Health Care,Biotechnology: Pharmaceutical Preparations
IMNN,Imunon Inc. Common Stock,$1.59 ,-0.01,-0.63%,6681368,United States,,47711,Health Care,Biotechnology: Pharmaceutical Preparations
IMRX,Immuneering Corporation Class A Common Stock,$4.13 ,-0.1,-2.36%,267200270,United States,2021,409470,Health Care,Biotechnology: Pharmaceutical Preparations
IMSR,Terrestrial Energy Inc. Common Stock  ,$4.91 ,-0.31,-5.94%,520142097,United States,2024,8414087,,
IMSRW,Terrestrial Energy Inc. Warrant,$2.24 ,0.07,3.23%,237294969,United States,2024,14028,Finance,Blank Checks
IMUX,Immunic Inc. Common Stock,$13.97 ,-0.02,-0.14%,190292718,United States,2014,146014,Health Care,Biotechnology: Pharmaceutical Preparations
IMVT,Immunovant Inc. Common Stock,$38.62 ,-0.86,-2.18%,7971258294,United States,2019,669673,Health Care,Biotechnology: Biological Products (No Diagnostic Substances)
IMXI,International Money Express Inc. Common Stock,$11.86 ,-1.22,-9.33%,356920675,United States,2017,1604404,Consumer Discretionary,Business Services
INAB,IN8bio Inc. Common Stock,$1.04 ,-0.045,-4.17%,10191737,United States,2021,57589,Health Care,Biotechnology: Biological Products (No Diagnostic Substances)
INAC,Indigo Acquisition Corp. Ordinary Shares,$10.28 ,0,0.00%,0,United States,2025,9,,
INACR,Indigo Acquisition Corp. Right,$0.12 ,0.0086,7.80%,0,United States,2025,3100,,
INACU,Indigo Acquisition Corp. Unit,$10.33 ,0,0.00%,0,United States,2025,180,,
INBK,First Internet Bancorp Common Stock,$29.46 ,3.17,12.06%,256792863,United States,,273091,Finance,Major Banks
INBKZ,First Internet Bancorp 6.0% Fixed-to-Floating Rate Subordinated Notes Due 2029,$25.35 ,0.0087,0.03%,220876933,United States,,1765,Finance,Major Banks
INBS,Intelligent Bio Solutions Inc. Common Stock,$1.81 ,0.235,14.92%,4329241,United States,2020,164669,Health Care,Medical/Dental Instruments
INBX,Inhibrx Biosciences Inc. Common Stock,$82.05 ,-2.68,-3.16%,1203770811,United States,,109113,Health Care,Biotechnology: Biological Products (No Diagnostic Substances)
INCY,Incyte Corp. Common Stock,$119.52 ,-3.47,-2.82%,24226434602,United States,,1830123,Health Care,Biotechnology: Commercial Physical & Biological Resarch
INDB,Independent Bank Corp. Common Stock,$83.83 ,-0.55,-0.65%,4051261631,United States,,527003,Finance,Major Banks
INDI,indie Semiconductor Inc. Class A Common Stock,$3.23 ,0.07,2.22%,732899074,United States,,7404339,Technology,Semiconductors
INDP,Indaptus Therapeutics Inc. Common Stock,$1.29 ,-0.15,-10.42%,171882598,United States,,92623,Health Care,Biotechnology: Pharmaceutical Preparations
INGN,Inogen Inc Common Stock,$6.45 ,0.03,0.47%,174630628,United States,2014,282291,Health Care,Industrial Specialties
INHD,Inno Holdings Inc. Common Stock,$18.00 ,-21.49,-54.42%,81372564,United States,2023,3198058,Industrials,Steel/Iron Ore
INKT,MiNK Therapeutics Inc. Common Stock,$10.50 ,-0.09,-0.85%,52309940,United States,2021,3835,Health Care,Biotechnology: Biological Products (No Diagnostic Substances)
INMB,INmune Bio Inc. Common stock,$1.75 ,-0.02,-1.13%,46524202,United States,2019,225751,Health Care,Biotechnology: Biological Products (No Diagnostic Substances)
INNV,InnovAge Holding Corp. Common Stock,$11.36 ,-0.24,-2.07%,1541965424,United States,2021,351663,Health Care,Medical/Nursing Services
INO,Inovio Pharmaceuticals Inc. Common Stock,$0.68 ,0.021,3.20%,55698981,United States,,12630871,Health Care,Medical/Dental Instruments
INOD,Innodata Inc. Common Stock,$62.83 ,2.76,4.60%,2051736143,United States,1993,1280769,Technology,EDP Services
INSE,Inspired Entertainment Inc. Common Stock,$6.88 ,0.05,0.73%,183526442,United States,2014,71285,Technology,Computer Software: Prepackaged Software
INSG,Inseego Corp. Common Stock,$7.03 ,0.22,3.23%,114425250,United States,,211874,Telecommunications,Telecommunications Equipment
INSM,Insmed Incorporated Common Stock,$98.60 ,-2.89,-2.85%,21371791669,United States,,2902523,Health Care,Biotechnology: Pharmaceutical Preparations
INTA,Intapp Inc. Common Stock,$32.69 ,0.62,1.93%,2519143541,United States,2021,831061,Technology,Computer Software: Prepackaged Software
INTC,Intel Corporation Common Stock,$90.20 ,-0.93,-1.02%,4.54969E+11,United States,,108641697,Technology,Semiconductors
INTG,Intergroup Corporation (The) Common Stock,$28.44 ,0.98,3.57%,61112213,United States,,238779,Real Estate,Building operators
INTS,Intensity Therapeutics Inc. Common stock,$4.15 ,0.1,2.47%,11216703,United States,2023,78109,Health Care,Biotechnology: Biological Products (No Diagnostic Substances)
INTU,Intuit Inc. Common Stock,$316.07 ,0.57,0.18%,86456839590,United States,1993,3115101,Technology,Computer Software: Prepackaged Software
INTZ,Intrusion Inc. Common Stock,$0.77 ,-0.02,-2.53%,17522948,United States,,252633,Telecommunications,Computer Communications Equipment
INV,Innventure Inc. Common Stock,$3.22 ,-0.09,-2.72%,270624089,United States,,1131895,Finance,Blank Checks
INVA,Innoviva Inc. Common Stock,$20.97 ,-0.25,-1.18%,1547769467,United States,2004,508012,Health Care,Biotechnology: Pharmaceutical Preparations
INVE,Identiv Inc. Common Stock,$2.64 ,-0.06,-2.22%,63376400,United States,,145984,Technology,Computer peripheral equipment
IOND,Ionic Digital Inc. Class A Common Stock,$70.01 ,0.06,0.09%,3144949104,United States,,1242908,Finance,Finance: Consumer Services
IONS,Ionis Pharmaceuticals Inc. Common Stock,$51.77 ,-1.51,-2.83%,8603362350,United States,,2569747,Health Care,Biotechnology: Pharmaceutical Preparations
IOSP,Innospec Inc. Common Stock,$85.98 ,-0.09,-0.11%,2117777421,United States,,205551,Industrials,Major Chemicals
IOVA,Iovance Biotherapeutics Inc. Common Stock,$4.07 ,-0.62,-13.22%,1817264752,United States,,19948743,Health Care,Biotechnology: Biological Products (No Diagnostic Substances)
IPAR,Interparfums Inc. Common Stock,$124.55 ,-1.02,-0.81%,3988811024,United States,,268859,Consumer Discretionary,Package Goods/Cosmetics
IPCX,Inflection Point Acquisition Corp. III Class A Ordinary Shares,$8.69 ,-1.25,-12.58%,0,United States,2025,25211,Finance,Blank Checks
IPCXR,Inflection Point Acquisition Corp. III Rights,$0.35 ,-0.02,-5.41%,0,United States,2025,2518,Finance,Blank Checks
IPCXU,Inflection Point Acquisition Corp. III Units,$10.00 ,-0.5,-4.76%,0,United States,2025,302,Finance,Blank Checks
IPDN,Professional Diversity Network Inc. Common Stock,$0.33 ,0.0021,0.64%,4263516,United States,2013,54481,Technology,Computer Software: Programming Data Processing
IPEX,Inflection Point Acquisition Corp. V Class A Ordinary Shares,$10.54 ,-0.02,-0.19%,,United States,2025,109706,Health Care,Biotechnology: Pharmaceutical Preparations
IPEXR,Inflection Point Acquisition Corp. V Rights,$0.63 ,0.06,10.53%,0,United States,2025,750,Finance,Blank Checks
IPEXU,Inflection Point Acquisition Corp. V Units,$11.05 ,-0.03,-0.27%,0,United States,2025,292,Finance,Blank Checks
IPFX,Inflection Point Acquisition Corp. VI Class A Ordinary Shares,$10.09 ,-0.02,-0.20%,0,United States,2026,79306,Finance,Blank Checks
IPFXU,Inflection Point Acquisition Corp. VI Units,$10.68 ,0,0.00%,0,United States,2026,28,Finance,Blank Checks
IPFXW,Inflection Point Acquisition Corp. VI Warrant,$1.40 ,-0.01,-0.71%,0,United States,2026,2350,Finance,Blank Checks
IPGP,IPG Photonics Corporation Common Stock,$85.06 ,0.16,0.19%,3610253977,United States,2006,408944,Technology,Semiconductors
IPM,Intelligent Protection Management Corp. Common Stock ,$1.80 ,-0.02,-1.10%,16264312,United States,,3154,Technology,Computer Software: Programming Data Processing
IPSC,Century Therapeutics Inc. Common Stock,$2.02 ,-0.17,-7.76%,364316714,United States,2021,448004,Health Care,Biotechnology: Biological Products (No Diagnostic Substances)
IPST,IP Strategy Holdings Inc. Common Stock,$2.16 ,-0.02,-0.92%,1558608,United States,2024,6022,Consumer Staples,Beverages (Production/Distribution)
IPVV,InterPrivate Investment Partners V Inc. Class A Ordinary Shares,$9.79 ,0,0.00%,0,United States,2026,8,Finance,Blank Checks
IPVVU,InterPrivate Investment Partners V Inc. Units,$9.93 ,0.011,0.11%,0,United States,2026,528,Finance,Blank Checks
IPVVW,InterPrivate Investment Partners V Inc. Warrants,$0.35 ,0,0.00%,0,United States,2026,6267,Finance,Blank Checks
IPW,iPower Inc. Common Stock,$0.51 ,-0.0616,-10.84%,1552904,United States,2021,551689,Consumer Discretionary,RETAIL: Building Materials
IPWR,Ideal Power Inc. Common Stock,$3.70 ,-0.01,-0.27%,60759624,United States,2013,116669,Technology,Semiconductors
IPX,IperionX Limited American Depositary Share,$20.75 ,-0.79,-3.67%,704221945,United States,,139043,Basic Materials,Other Metals and Minerals
IQST,iQSTEL Inc. Common Stock,$1.04 ,-0.02,-1.89%,10016977,United States,,1357637,Telecommunications,Telecommunications Equipment
IRD,Opus Genetics Inc. Common Stock,$3.71 ,-0.13,-3.39%,306319248,United States,,970437,Health Care,Biotechnology: Pharmaceutical Preparations
IRDM,Iridium Communications Inc Common Stock,$47.34 ,-0.3,-0.63%,5016164531,United States,,1307000,Telecommunications,Telecommunications Equipment
IRHO,Iron Horse Acquisitions II Corp. Common Stock,$10.01 ,-0.005,-0.05%,0,United States,2026,104746,,
IRHOR,Iron Horse Acquisitions Corp. II Rights,$0.19 ,0,0.00%,0,United States,2026,400,,
IRIX,IRIDEX Corporation Common Stock,$0.82 ,-0.0116,-1.40%,14273345,United States,1996,86926,Health Care,Biotechnology: Electromedical & Electrotherapeutic Apparatus
IRMD,iRadimed Corporation Common Stock,$90.86 ,-4.35,-4.57%,1161466560,United States,2014,308115,Health Care,Medical/Dental Instruments
IRON,Disc Medicine Inc. Common Stock,$77.00 ,-2.21,-2.79%,2941329853,United States,,364298,Health Care,Biotechnology: Pharmaceutical Preparations
IRTC,iRhythm Holdings Inc. Common Stock,$117.17 ,-1.91,-1.60%,3850488345,United States,2016,469878,Health Care,Medical/Dental Instruments
IRWD,Ironwood Pharmaceuticals Inc. Class A Common Stock,$4.23 ,0.5,13.41%,696314707,United States,2010,3579198,Health Care,Biotechnology: Pharmaceutical Preparations
ISBA,Isabella Bank Corporation Common stock,$39.71 ,-0.09,-0.23%,291175997,United States,,99273,Finance,Major Banks
ISNR,Snow Rothschild Acquisition Corp. Class A Ordinary Shares,$9.86 ,-0.04,-0.40%,0,United States,2026,1844,Finance,Blank Checks
ISNRU,Snow Rothschild Acquisition Corp. Units,$10.02 ,0,0.00%,0,United States,2026,14,Finance,Blank Checks
ISNRW,Snow Rothschild Acquisition Corp. Warrants,$0.26 ,-0.04,-13.33%,0,United States,2026,100100,Finance,Blank Checks
ISPC,iSpecimen Inc. Common Stock,$1.89 ,0.06,3.28%,2877259,United States,2021,35544,Health Care,Biotechnology: Commercial Physical & Biological Resarch
ISPR,Ispire Technology Inc. Common Stock,$1.45 ,0.01,0.69%,83229124,United States,2023,20178,Health Care, Medicinal Chemicals and Botanical Products 
ISRG,Intuitive Surgical Inc. Common Stock,$353.33 ,0.36,0.10%,1.24824E+11,United States,2000,2460569,Health Care,Industrial Specialties
ISSC,Innovative Solutions and Support Inc. Common Stock,$18.29 ,0.83,4.75%,327258343,United States,2000,253055,Technology,EDP Services
ISTR,Investar Holding Corporation Common Stock,$30.12 ,0.29,0.97%,415462780,United States,2014,155332,Finance,Major Banks
ITG,ITG Inc. Class A Common Stock,$12.94 ,0.1,0.78%,1568721247,United States,2026,320622,Industrials,Water Sewer Pipeline Comm & Power Line Construction
ITHA,ITHAX Acquisition Corp III Class A Ordinary Shares,$9.99 ,0,0.00%,0,United States,2026,11266,,
ITHAW,ITHAX Acquisition Corp III Warrants,$0.23 ,-0.0119,-4.92%,0,United States,2026,3601,,
ITIC,Investors Title Company Common Stock,$289.29 ,-0.72,-0.25%,546178363,United States,,33237,Finance,Specialty Insurers
ITRI,Itron Inc. Common Stock,$99.66 ,0.81,0.82%,4363787804,United States,1993,800265,Industrials,Electrical Products
IVDA,Iveda Solutions Inc. Common Stock,$0.25 ,-0.006,-2.33%,2801645,United States,,132947,Technology,Computer Software: Prepackaged Software
IVDAW,Iveda Solutions Inc. Warrant,$0.03 ,0.008,40.00%,311913,United States,,201,Technology,Computer Software: Prepackaged Software
IVF,INVO Fertility Inc. Common Stock,$0.94 ,-0.003,-0.32%,2149989,United States,,69904,Health Care,Medical/Dental Instruments
IVVD,Invivyd Inc. Common Stock,$0.54 ,-0.0466,-8.01%,157614987,United States,2021,2303832,Health Care,Biotechnology: Biological Products (No Diagnostic Substances)
IZEA,IZEA Worldwide Inc. Common Stock,$3.46 ,0.08,2.37%,60596194,United States,,59745,Consumer Discretionary,Advertising
JABRU,JAB Acquisition Corp I Unit,$10.07 ,-0.01,-0.10%,0,United States,2026,21711,,
JACK,Jack In The Box Inc. Common Stock,$16.37 ,0.03,0.18%,312235094,United States,,605292,Consumer Discretionary,Restaurants
JAGX,Jaguar Health Inc. Common Stock,$1.00 ,-0.04,-3.85%,4910402,United States,2015,32827,Health Care,Biotechnology: Pharmaceutical Preparations
JAKK,JAKKS Pacific Inc. Common Stock,$26.33 ,-0.06,-0.23%,301331342,United States,1996,150768,Consumer Discretionary,Recreational Games/Products/Toys
JANX,Janux Therapeutics Inc. Common Stock,$15.17 ,-0.41,-2.63%,925132650,United States,2021,510526,Health Care,Biotechnology: Pharmaceutical Preparations
JATT,JATT II Acquisition Corp Ordinary Shares,$12.06 ,-0.24,-1.95%,0,United States,2026,1361,Finance,Blank Checks
JBHT,J.B. Hunt Transport Services Inc. Common Stock,$271.75 ,2.54,0.94%,25521384673,United States,,888711,Industrials,Trucking Freight/Courier Services
JBIO,Jade Biosciences Inc. Common Stock,$19.75 ,-0.25,-1.25%,974857531,United States,2021,600340,Health Care,Biotechnology: Pharmaceutical Preparations
JBLU,JetBlue Airways Corporation Common Stock,$6.03 ,-0.04,-0.66%,2275192451,United States,2002,26968240,Consumer Discretionary,Air Freight/Delivery Services
JBSS,John B. Sanfilippo & Son Inc. Common Stock,$82.76 ,1.11,1.36%,967429227,United States,1991,170611,Consumer Staples,Specialty Foods
JCAP,Jefferson Capital Inc. Common Stock,$20.11 ,0.05,0.25%,1114465371,United States,2025,268120,Finance,Finance Companies
JCTC,Jewett-Cameron Trading Company Common Shares,$2.65 ,-0.15,-5.36%,9328299,United States,,16075,Consumer Discretionary,RETAIL: Building Materials
JFB,JFB Construction Holdings Class A Common Stock,$4.03 ,0.4,11.02%,61782318,United States,2025,640025,Consumer Discretionary,General Bldg Contractors - Nonresidential Bldgs
JJSF,J & J Snack Foods Corp. Common Stock,$76.50 ,-0.36,-0.47%,1434636324,United States,1986,154481,Consumer Staples,Specialty Foods
JKHY,Jack Henry & Associates Inc. Common Stock,$154.04 ,-0.2,-0.13%,10944662151,United States,1985,1025132,Technology,EDP Services
JMSB,John Marshall Bancorp Inc. Common Stock,$23.20 ,0.13,0.56%,327403574,United States,,38119,Finance,Major Banks
JONEU,Jones Ventures INTL Acquisition1 Corp Units,$10.00 ,0,0.00%,0,United States,2026,197,,
JOUT,Johnson Outdoors Inc. Class A Common Stock,$46.91 ,-0.15,-0.32%,491367802,United States,,161422,Consumer Discretionary,Recreational Games/Products/Toys
JRSH,Jerash Holdings (US) Inc. Common Stock,$4.58 ,-0.025,-0.54%,58102226,United States,2018,48119,Consumer Discretionary,Apparel
JSM,Navient Corporation 6% Senior Notes due December 15 2043,$17.48 ,-0.08,-0.46%,1738054544,United States,,20342,Finance,Investment Bankers/Brokers/Service
JSPR,Jasper Therapeutics Inc. Common Stock,$0.63 ,0.0092,1.48%,17646175,United States,2020,519637,Health Care,Biotechnology: Biological Products (No Diagnostic Substances)
JSPRW,Japer Therapeutics Inc. Warrants,$0.01 ,0,0.00%,338919,United States,2020,100,Health Care,Biotechnology: Biological Products (No Diagnostic Substances)
JTAI,Jet.AI Inc. Common Stock,$2.11 ,0.18,9.33%,2999831,United States,2021,179274,Consumer Discretionary,Transportation Services
JUNS,Jupiter Neurosciences Inc. Common Stock,$0.09 ,-0.0075,-7.69%,5086813,United States,2024,22994130,Health Care,Biotechnology: Pharmaceutical Preparations
JVA,Coffee Holding Co. Inc. Common Stock,$3.42 ,0.025,0.74%,19494866,United States,2005,124659,Consumer Staples,Packaged Foods
JYNT,The Joint Corp. Common Stock,$8.29 ,-0.08,-0.96%,118177233,United States,2014,24332,Miscellaneous,Multi-Sector Companies
KALA,KALA BIO Inc. Common Stock,$0.76 ,0.0262,3.59%,14618944,United States,2017,71589,Health Care,Biotechnology: Pharmaceutical Preparations
KALU,Kaiser Aluminum Corporation Common Stock,$159.68 ,-0.04,-0.03%,2610623011,United States,,202653,Industrials,Metal Fabrications
KARD,Kardigan Inc. Common Stock,$20.82 ,0.35,1.71%,1825340513,United States,2026,280930,Health Care,Biotechnology: Pharmaceutical Preparations
KBON,Karbon Capital Partners Corp. Class A Ordinary Shares,$10.10 ,0.02,0.20%,0,United States,2026,459,Finance,Blank Checks
KBONU,Karbon Capital Partners Corp. Units,$10.29 ,0.06,0.59%,0,United States,2025,100,Finance,Blank Checks
KCHV,Kochav Defense Acquisition Corp. Class A Ordinary Shares,$10.39 ,0.0199,0.19%,0,United States,2025,76024,,
KCHVR,Kochav Defense Acquisition Corp. Right,$0.17 ,0.0003,0.17%,0,United States,2025,5903,Finance,Blank Checks
KCHVU,Kochav Defense Acquisition Corp. Units,$11.00 ,0,0.00%,0,United States,2025,2,,
KDK,Kodiak AI Inc. Common Stock ,$4.35 ,0.13,3.08%,867392880,United States,,878726,Technology,EDP Services
KDKRW,Kodiak AI Inc. Warrants,$0.73 ,0.0599,8.94%,145562483,United States,,2158,Technology,EDP Services
KDP,Keurig Dr Pepper Inc. Common Stock,$31.12 ,-0.45,-1.43%,42340610738,United States,,11455619,Consumer Staples,Beverages (Production/Distribution)
KE,Kimball Electronics Inc. Common Stock,$24.73 ,0.15,0.61%,594729915,United States,,140996,Technology,Electrical Products
KELYA,Kelly Services Inc. Class A Common Stock,$14.84 ,-0.18,-1.20%,514490780,United States,,585649,Consumer Discretionary,Professional Services
KELYB,Kelly Services Inc. Class B Common Stock,$22.08 ,-0.91,-3.96%,765495715,United States,,2915,Consumer Discretionary,Professional Services
KEQU,Kewaunee Scientific Corporation Common Stock,$35.72 ,-1.12,-3.04%,102531045,United States,,538,Industrials,Medical Specialities
KEYY,Keystone Acquisition Corp. Class A Ordinary Shares,$9.86 ,-0.02,-0.20%,0,United States,2026,1234,Finance,Blank Checks
KEYYU,Keystone Acquisition Corp. Unit,$10.20 ,0,0.00%,0,United States,2026,724,Finance,Blank Checks
KEYYW,Keystone Acquisition Corp. Warrants,$0.36 ,-0.0086,-2.33%,0,United States,2026,200,Finance,Blank Checks
KFFB,Kentucky First Federal Bancorp Common Stock,$5.48 ,-0.0235,-0.43%,44274765,United States,2005,2457,Finance,Savings Institutions
KFII,K&F Growth Acquisition Corp. II Class A Ordinary shares,$10.62 ,0.02,0.19%,0,United States,2025,221,,
KFIIR,K&F Growth Acquisition Corp. II Rights,$0.12 ,0,0.00%,0,United States,2025,2223,,
KFIIU,K&F Growth Acquisition Corp. II Unit,$10.69 ,0,0.00%,0,United States,2025,1,Finance,Blank Checks
KGEI,Kolibri Global Energy Inc. Common stock,$5.19 ,0.125,2.47%,185590238,United States,,102925,Energy,Oil & Gas Production
KHC,The Kraft Heinz Company Common Stock,$25.85 ,-0.53,-2.01%,30652351942,United States,,13022071,Consumer Staples,Packaged Foods
KIDS,OrthoPediatrics Corp. Common Stock,$20.19 ,0.08,0.40%,518580029,United States,2017,114944,Health Care,Medical/Dental Instruments
KIDZ,KIDZ AI Inc. Class B Common Stock,$0.56 ,-0.044,-7.27%,6173184,United States,,1881359,Real Estate,Other Consumer Services
KIDZW,KIDZ AI Inc. Warrants,$0.02 ,0.0029,22.31%,174806,United States,,22639,Real Estate,Other Consumer Services
KINS,Kingstone Companies Inc. Common Stock,$19.97 ,-0.26,-1.29%,289262275,United States,,63787,Finance,Property-Casualty Insurers
KITT,Nauticus Robotics Inc. Common stock,$0.87 ,0.0437,5.27%,5970104,United States,2021,164231,Industrials,Industrial Machinery/Components
KITTW,Nauticus Robotics Inc. Warrant,$0.01 ,-0.0013,-9.85%,81398,United States,2021,7394,Industrials,Industrial Machinery/Components
KLAC,KLA Corporation Common Stock,$182.82 ,2.49,1.38%,2.38813E+11,United States,1980,13503732,Technology,Electronic Components
KLRA,Kailera Therapeutics Inc. Common Stock,$16.94 ,-0.11,-0.65%,2194841400,United States,2026,414159,Health Care,Biotechnology: Pharmaceutical Preparations
KLRS,Kalaris Therapeutics Inc. Common Stock,$3.51 ,0.03,0.86%,83510896,United States,2020,71955,Health Care,Biotechnology: Biological Products (No Diagnostic Substances)
KLTR,Kaltura Inc. Common Stock,$1.37 ,0,0.00%,206013397,United States,2021,146766,Technology,Computer Software: Prepackaged Software
KLXE,KLX Energy Services Holdings Inc. Common Stock,$2.19 ,0.03,1.39%,43606752,United States,,149422,Energy,Oilfield Services/Equipment
KMB,Kimberly-Clark Corporation Common Stock,$109.31 ,-0.88,-0.80%,36284400424,United States,,4520245,Consumer Discretionary,Containers/Packaging
KMTS,Kestra Medical Technologies Ltd. Common Stock,$22.83 ,-0.32,-1.38%,1337909252,United States,2025,277973,Health Care,Medical/Dental Instruments
KNSA,Kiniksa Pharmaceuticals International plc Class A Ordinary Shares,$74.34 ,-3.86,-4.94%,5800305126,United States,2018,1034539,Health Care,Biotechnology: Pharmaceutical Preparations
KOD,Kodiak Sciences Inc Common Stock,$41.58 ,-0.92,-2.17%,2602011577,United States,2018,426767,Health Care,Biotechnology: Biological Products (No Diagnostic Substances)
KOPN,Kopin Corporation Common Stock,$3.52 ,-0.055,-1.54%,643879491,United States,1992,3155423,Technology,Semiconductors
KOSS,Koss Corporation Common Stock,$3.68 ,0,0.00%,34836492,United States,,12560,Consumer Staples,Consumer Electronics/Appliances
KOYN,CSLM Digital Asset Acquisition Corp III Class A Ordinary Shares,$10.17 ,0,0.00%,0,United States,2025,18,,
KOYNW,CSLM Digital Asset Acquisition Corp III Warrants,$0.20 ,-0.0233,-10.43%,0,United States,2025,400,,
KPLT,Katapult Holdings Inc. Common Stock,$6.38 ,0.05,0.79%,30401070,United States,2019,5066,Consumer Discretionary,Diversified Commercial Services
KPRX,Kiora Pharmaceuticals Inc.  Common Stock,$2.56 ,0.005,0.20%,11345766,United States,,4569,Health Care,Biotechnology: Pharmaceutical Preparations
KPTI,Karyopharm Therapeutics Inc. Common Stock,$1.92 ,-5.09,-72.61%,43512851,United States,2013,22187476,Health Care,Biotechnology: Pharmaceutical Preparations
KRAQ,KRAKacquisition Corp Class A Ordinary Shares,$10.00 ,0,0.00%,0,United States,2026,21,,
KRAQU,KRAKacquisition Corp Unit,$10.10 ,0,0.00%,0,United States,2026,800,,
KRAQW,KRAKacquisition Corp Warrants,$0.42 ,-0.0023,-0.55%,0,United States,2026,204,,
KRMD,KORU Medical Systems Inc. Common Stock (DE),$4.11 ,0,0.00%,188784630,United States,,124190,Health Care,Medical/Dental Instruments
KRNY,Kearny Financial Corp Common Stock,$9.59 ,-0.04,-0.42%,620848458,United States,2005,431355,Finance,Savings Institutions
KROS,Keros Therapeutics Inc. Common Stock,$10.07 ,-0.15,-1.47%,199303799,United States,2020,145071,Health Care,Biotechnology: Pharmaceutical Preparations
KRRO,Korro Bio Inc. Common Stock,$10.37 ,-0.08,-0.77%,149562061,United States,2019,115225,Health Care,Biotechnology: Pharmaceutical Preparations
KRT,Karat Packaging Inc. Common Stock,$40.24 ,0.01,0.03%,803340535,United States,2021,141953,Industrials,Plastic Products
KRUS,Kura Sushi USA Inc. Class A Common Stock,$46.07 ,-0.66,-1.41%,559742945,United States,2019,206780,Consumer Discretionary,Restaurants
KRYS,Krystal Biotech Inc. Common Stock,$341.12 ,-25.73,-7.01%,10056134367,United States,2017,488784,Health Care,Biotechnology: Biological Products (No Diagnostic Substances)
KSCP,Knightscope Inc. Class A Common Stock,$1.64 ,-0.35,-17.59%,33040878,United States,2022,2878680,Telecommunications,Telecommunications Equipment
KTCC,Key Tronic Corporation Common Stock,$3.94 ,-0.055,-1.38%,42785520,United States,1983,4991,Technology,Electrical Products
KTOS,Kratos Defense & Security Solutions Inc. Common Stock,$46.60 ,0.43,0.93%,8738431254,United States,,2331053,Industrials,Military/Government/Technical
KTTA,Pasithea Therapeutics Corp. Common Stock,$0.46 ,0.0159,3.58%,15367305,United States,2021,252560,Health Care,Biotechnology: Pharmaceutical Preparations
KURA,Kura Oncology Inc. Common Stock,$9.01 ,-0.3,-3.22%,799857029,United States,,1171383,Health Care,Biotechnology: Pharmaceutical Preparations
KUST,Kustom Entertainment Inc. Common Stock,$1.24 ,0.06,5.09%,777306,United States,,44527527,Technology,Radio And Television Broadcasting And Communications Equipment
KVAC,Keen Vision Acquisition Corporation Ordinary Shares,$11.51 ,-1.7404,-13.14%,0,United States,2023,34846,,
KVACU,Keen Vision Acquisition Corporation Units,$12.00 ,-0.21,-1.72%,0,United States,2023,1761,,
KVACW,Keen Vision Acquisition Corporation Warrant,$0.02 ,-0.0164,-51.41%,0,United States,2023,29006,,
KVHI,KVH Industries Inc. Common Stock,$9.26 ,-0.01,-0.11%,180549174,United States,1996,100205,Technology,Radio And Television Broadcasting And Communications Equipment
KYMR,Kymera Therapeutics Inc. Common Stock,$103.40 ,-3.61,-3.37%,8505434599,United States,2020,511637,Health Care,Biotechnology: Biological Products (No Diagnostic Substances)
KYNB,Kyntra Bio Inc. Common Stock,$6.73 ,-0.06,-0.88%,27243794,United States,2014,4653,Health Care,Biotechnology: Pharmaceutical Preparations
KYTX,Kyverna Therapeutics Inc. Common Stock,$7.30 ,-0.19,-2.54%,443805048,United States,2024,527073,Health Care,Biotechnology: Biological Products (No Diagnostic Substances)
LAB,Standard BioTools Inc. Common Stock,$0.87 ,-0.0293,-3.27%,339789817,United States,2011,1258266,Industrials,Biotechnology: Laboratory Analytical Instruments
LABT,Lakewood-Amedex Biotherapeutics Inc. Common Stock,$2.02 ,0.09,4.66%,3536594,United States,,254848,Health Care,Biotechnology: Pharmaceutical Preparations
LAKE,Lakeland Industries Inc. Common Stock,$11.40 ,0.36,3.26%,112508470,United States,1986,53083,Health Care,Industrial Specialties
LAMR,Lamar Advertising Company Class A Common Stock,$159.96 ,-0.69,-0.43%,16231957156,United States,1996,546198,Real Estate,Real Estate Investment Trusts
LAND,Gladstone Land Corporation Common Stock,$8.11 ,-0.17,-2.05%,349837607,United States,2013,973661,Real Estate,Real Estate Investment Trusts
LANDO,Gladstone Land Corporation 6.00% Series B Cumulative Redeemable Preferred Stock,$21.86 ,0.07,0.32%,942965486,United States,,28585,Real Estate,Real Estate Investment Trusts
LANDP,Gladstone Land Corporation 6.00% Series C Cumulative Redeemable Preferred Stock,$21.04 ,-0.0637,-0.30%,907433891,United States,,27627,Real Estate,Real Estate Investment Trusts
LARK,Landmark Bancorp Inc. Common Stock,$31.34 ,-0.53,-1.66%,191121474,United States,,10664,Finance,Major Banks
LASE,Laser Photonics Corporation Common Stock,$0.98 ,0,0.00%,46694670,United States,2022,1337707,Miscellaneous,Industrial Machinery/Components
LASR,nLIGHT Inc. Common Stock,$68.80 ,3.09,4.70%,3880919179,United States,2018,815630,Technology,Semiconductors
LATA,Galata Acquisition Corp. II Class A Ordinary Shares,$10.13 ,0,0.00%,0,United States,2025,5006,Finance,Blank Checks
LATAW,Galata Acquisition Corp. II Warrant,$0.31 ,0.0411,15.28%,0,United States,2025,7200,Finance,Blank Checks
LAUR,Laureate Education Inc. Common Stock,$38.31 ,-0.1,-0.26%,5362568252,United States,2017,1286549,Real Estate,Other Consumer Services
LBRDA,Liberty Broadband Corporation Class A Common Stock,$34.06 ,0.73,2.19%,4887532684,United States,,200559,Telecommunications,Cable & Other Pay Television Services
LBRDK,Liberty Broadband Corporation Class C Common Stock,$34.04 ,0.68,2.04%,4884662729,United States,,1413686,Telecommunications,Cable & Other Pay Television Services
LBRDP,Liberty Broadband Corporation Series A Cumulative Redeemable Preferred Stock,$21.69 ,0.06,0.28%,3112465764,United States,,12311,Telecommunications,Cable & Other Pay Television Services
LBRX,LB Pharmaceuticals Inc Common Stock,$40.08 ,-0.82,-2.01%,1149360212,United States,2025,339029,Health Care,Biotechnology: Pharmaceutical Preparations
LCCC,Lakeshore Acquisition III Corp. Ordinary Shares,$10.48 ,-0.005,-0.05%,0,United States,2025,38015,Finance,Blank Checks
LCCCR,Lakeshore Acquisition III Corp. Rights,$0.18 ,0,0.00%,0,United States,2025,21,Finance,Blank Checks
LCID,Lucid Group Inc. Common Stock,$7.38 ,-0.74,-9.11%,2880095243,United States,,9226114,Industrials,Auto Manufacturing
LCNB,LCNB Corporation Common Stock,$19.81 ,-0.25,-1.25%,282213399,United States,,52692,Finance,Major Banks
LCUT,Lifetime Brands Inc. Common Stock,$8.37 ,0.0125,0.15%,191296417,United States,1991,148877,Consumer Discretionary,Industrial Machinery/Components
LE,Lands' End Inc. Common Stock,$12.02 ,0.01,0.08%,369505221,United States,,169011,Consumer Discretionary,Clothing/Shoe/Accessory Stores
LECO,Lincoln Electric Holdings Inc. Common Shares,$261.31 ,11.09,4.43%,14316419714,United States,,748265,Industrials,Industrial Machinery/Components
LEE,Lee Enterprises Incorporated Common Stock,$7.73 ,0.09,1.18%,171837405,United States,,58799,Consumer Discretionary,Newspapers/Magazines
LEGH,Legacy Housing Corporation Common Stock (TX),$26.26 ,0.01,0.04%,624504842,United States,2018,154654,Consumer Discretionary,Homebuilding
LEGN,Legend Biotech Corporation American Depositary Shares,$18.55 ,-0.5,-2.63%,3445473142,United States,2020,2720885,Health Care,Biotechnology: Pharmaceutical Preparations
LENZ,LENZ Therapeutics Inc. Common Stock,$5.30 ,-0.46,-7.99%,166178288,United States,2021,865074,Health Care,Biotechnology: Biological Products (No Diagnostic Substances)
LESL,Leslie's Inc. Common Stock,$0.95 ,0.083,9.56%,8900835,United States,2020,2352789,Consumer Discretionary,Other Specialty Stores
LFAC,Leapfrog Acquisition Corporation Class A Ordinary Shares,$10.00 ,0,0.00%,0,United States,2026,6,Finance,Blank Checks
LFACU,Leapfrog Acquisition Corporation Units,$10.15 ,0.01,0.10%,0,United States,2025,125000,,
LFACW,Leapfrog Acquisition Corporation Warrants,$0.34 ,0.02,6.25%,0,United States,2026,1100,Finance,Blank Checks
LFCR,Lifecore Biomedical Inc. Common Stock,$4.42 ,0.06,1.38%,165791579,United States,,78466,Health Care,Biotechnology: Pharmaceutical Preparations
LFMD,LifeMD Inc. Common Stock,$3.50 ,-0.14,-3.85%,169268785,United States,,567484,Health Care,Medical/Nursing Services
LFMDP,LifeMD Inc. 8.875% Series A Cumulative Perpetual Preferred Stock,$23.48 ,0.05,0.21%,1135551735,United States,,1008,Health Care,Medical/Nursing Services
LFST,LifeStance Health Group Inc. Common Stock,$10.48 ,-0.26,-2.42%,4064504847,United States,2021,2524959,Health Care,Medical/Nursing Services
LFTO,Liftoff Mobile Inc. Common Stock,$22.20 ,0.24,1.09%,3827579012,United States,2026,602287,Technology,EDP Services
LFUS,Littelfuse Inc. Common Stock,$442.13 ,0.13,0.03%,11229548011,United States,,250290,Energy,Electrical Products
LFVN,Lifevantage Corporation Common Stock (Delaware),$6.43 ,0.14,2.23%,81119735,United States,,66510,Health Care,Biotechnology: Pharmaceutical Preparations
LGIH,LGI Homes Inc. Common Stock,$54.57 ,-2.55,-4.46%,1267785465,United States,2013,527147,Consumer Discretionary,Homebuilding
LGN,Legence Corp. Class A Common stock,$63.93 ,4.12,6.89%,6906864993,United States,2025,1563091,Consumer Discretionary,Engineering & Construction
LGND,Ligand Pharmaceuticals Incorporated Common Stock,$287.54 ,-8.75,-2.95%,5762606680,United States,,259920,Health Care,Biotechnology: Pharmaceutical Preparations
LGVN,Longeveron Inc. Class A Common Stock,$0.70 ,0.0262,3.88%,22165963,United States,2021,638832,Health Care,Biotechnology: Pharmaceutical Preparations
LHAI,Linkhome Holdings Inc. Common stock,$0.86 ,0.0459,5.65%,13930209,United States,2025,113586,Finance,Real Estate
LIDR,AEye Inc. Class A Common Stock,$1.14 ,0.04,3.64%,52798895,United States,2021,652778,Consumer Discretionary,Auto Parts:O.E.M.
LIDRW,AEye Inc. Warrant,$0.01 ,-0.0035,-23.33%,532620,United States,2021,928527,Consumer Discretionary,Auto Parts:O.E.M.
LIEN,Chicago Atlantic BDC Inc. Common Stock,$9.24 ,-0.1,-1.07%,210862252,United States,2022,79267,Finance,Finance: Consumer Services
LIF,Life360 Inc. Common Stock,$54.05 ,-1.63,-2.93%,4379762899,United States,2024,530309,Technology,EDP Services
LIFE,Ethos Technologies Inc. Class A Common Stock,$20.42 ,0.15,0.74%,1286342830,United States,2026,1020397,Finance,Specialty Insurers
LILA,Liberty Latin America Ltd. Class A Common Stock,$8.15 ,0.05,0.62%,1805550821,United States,,512233,Telecommunications,Cable & Other Pay Television Services
LILAK,Liberty Latin America Ltd. Class C Common Stock,$8.07 ,0.08,1.00%,1787827622,United States,,1123744,Telecommunications,Cable & Other Pay Television Services
LILAP,Liberty Latin America Ltd. 9.0% Fixed Rate Cumulative Perpetual Redeemable Series A Preference Shares,$20.24 ,-0.01,-0.05%,4483969155,United States,,210567,Telecommunications,Cable & Other Pay Television Services
LIME,Neutron Holdings Inc. Common Stock,$29.54 ,1.94,7.03%,1891326149,United States,2026,337284,Technology,Computer Software: Prepackaged Software
LIMN,Liminatus Pharma Inc. Class A Common Stock,$0.10 ,0.0009,0.88%,6917517,United States,,4630840,Health Care,Biotechnology: Biological Products (No Diagnostic Substances)
LIMNW,Liminatus Pharma Inc. Warrants,$0.04 ,0,0.00%,2760291,United States,,3,Health Care,Biotechnology: Biological Products (No Diagnostic Substances)
LIN,Linde plc Ordinary Shares,$478.38 ,-30.26,-5.95%,2.21298E+11,United States,,5217523,Basic Materials,Major Chemicals
LINC,Lincoln Educational Services Corporation Common Stock,$41.82 ,-0.19,-0.45%,1326560845,United States,2005,308615,Real Estate,Other Consumer Services
LIND,Lindblad Expeditions Holdings Inc. Common Stock,$29.58 ,-0.21,-0.71%,1939599586,United States,2013,597679,Consumer Discretionary,Transportation Services
LINE,Lineage Inc. Common Stock,$42.37 ,-0.48,-1.12%,9646562845,United States,2024,835766,Real Estate,Real Estate Investment Trusts
LINK,Interlink Electronics Inc. Common Stock,$4.13 ,0.055,1.35%,65047529,United States,,7215,Technology,Computer peripheral equipment
LITE,Lumentum Holdings Inc. Common Stock,$713.94 ,20.7,2.99%,55544532000,United States,,4539406,Telecommunications,Telecommunications Equipment
LITS,Lite Strategy Inc. Common Stock,$0.96 ,-0.0237,-2.40%,32783280,United States,2003,64582,Health Care,Biotechnology: Pharmaceutical Preparations
LIVE,Live Ventures Incorporated Common Stock,$9.71 ,0.075,0.78%,29825780,United States,,4571,Consumer Discretionary,Other Specialty Stores
LKFN,Lakeland Financial Corporation Common Stock,$62.65 ,0.08,0.13%,1560836163,United States,,169651,Finance,Major Banks
LKQ,LKQ Corporation Common Stock,$22.45 ,-0.15,-0.66%,5720054246,United States,2003,5269513,Consumer Discretionary,Motor Vehicles
LKSP,Lake Superior Acquisition Corp. Class A Ordinary Shares,$10.17 ,0,0.00%,0,United States,2025,7,,
LKSPR,Lake Superior Acquisition Corp. Rights,$0.93 ,0,0.00%,0,United States,2025,1,,
LLYVA,Liberty Live Holdings Inc. Series A Liberty Live Group Common Stock,$94.72 ,-7.38,-7.23%,8714659515,United States,,191540,Consumer Discretionary,Services-Misc. Amusement & Recreation
LLYVK,Liberty Live Holdings Inc. Series C Liberty Live Group Common Stock,$98.60 ,-7.05,-6.67%,9071636699,United States,,715338,Consumer Discretionary,Services-Misc. Amusement & Recreation
LMAT,LeMaitre Vascular Inc. Common Stock,$101.32 ,-0.87,-0.85%,2315236875,United States,2006,234215,Health Care,Medical/Dental Instruments
LMB,Limbach Holdings Inc. Common Stock,$71.70 ,1.8,2.58%,854740504,United States,,174648,Consumer Discretionary,Engineering & Construction
LMNR,Limoneira Co Common Stock,$12.97 ,-0.3,-2.26%,235172131,United States,,75754,Consumer Staples,Farming/Seeds/Milling
LMRI,Lumexa Imaging Holdings Inc. Common Stock,$10.41 ,0.16,1.56%,1000200451,United States,2025,333771,Health Care,Medical Specialities
LNAI,Lunai Bioworks Inc. Common Stock,$1.94 ,-0.08,-3.96%,8795747,United States,,23548,Health Care,Biotechnology: Pharmaceutical Preparations
LNSR,LENSAR Inc. Common Stock,$5.01 ,-0.16,-3.10%,61530721,United States,,111060,Health Care,Medical/Dental Instruments
LNT,Alliant Energy Corporation Common Stock,$70.78 ,0.425,0.60%,18280848679,United States,,3239833,Utilities,Power Generation
LNTH,Lantheus Holdings Inc. Common Stock,$99.64 ,-1.36,-1.35%,6487170010,United States,2015,1022094,Health Care,Biotechnology: In Vitro & In Vivo Diagnostic Substances
LNZA,LanzaTech Global Inc. Common Stock,$5.52 ,0.16,2.99%,55692180,United States,2021,79107,Industrials,Major Chemicals
LNZAW,LanzaTech Global Inc. Warrant,$0.02 ,0.0006,3.03%,205819,United States,2021,10000,Industrials,Major Chemicals
LOAN,Manhattan Bridge Capital Inc,$4.16 ,-0.06,-1.42%,47530117,United States,,15528,Real Estate,Real Estate Investment Trusts
LOCO,El Pollo Loco Holdings Inc. Common Stock,$16.46 ,-0.02,-0.12%,501294205,United States,2014,172624,Consumer Discretionary,Restaurants
LOGI,Logitech International S.A. Ordinary Shares,$102.48 ,0.91,0.90%,14673940263,United States,1997,1196699,Technology,Computer peripheral equipment
LONA,LeonaBio Inc. Common Stock,$7.06 ,-0.23,-3.16%,66318209,United States,2020,6589,Health Care,Biotechnology: Biological Products (No Diagnostic Substances)
LOPE,Grand Canyon Education Inc. Common Stock,$145.34 ,-4.79,-3.19%,3853587781,United States,2008,451175,Real Estate,Other Consumer Services
LOVE,The Lovesac Company Common Stock,$16.09 ,-0.05,-0.31%,235532146,United States,2018,180825,Consumer Discretionary,Other Specialty Stores
LPAA,Launch One Acquisition Corp. Class A Ordinary shares,$10.75 ,-0.01,-0.09%,0,United States,2024,4062,,
LPAAW,Launch One Acquisition Corp. Warrant,$0.17 ,-0.0049,-2.88%,0,United States,2024,23259,Finance,Blank Checks
LPBB,Launch Two Acquisition Corp. Class A Ordinary Shares,$10.76 ,0,0.00%,0,United States,2024,347788,,
LPBBU,Launch Two Acquisition Corp. Unit,$10.85 ,0,0.00%,0,United States,2024,44,Finance,Blank Checks
LPBBW,Launch Two Acquisition Corp. Warrant,$0.28 ,0.025,9.80%,0,United States,2024,10338,Finance,Blank Checks
LPCN,Lipocine Inc. Common Stock,$2.12 ,0.01,0.47%,17477816,United States,,29437,Health Care,Biotechnology: Pharmaceutical Preparations
LPCV,Launchpad Cadenza Acquisition Corp I Class A Ordinary Share,$9.99 ,0,0.00%,0,United States,2026,6,,
LPCVU,Launchpad Cadenza Acquisition Corp I Unit,$10.05 ,0,0.00%,0,United States,2025,35,Finance,Blank Checks
LPLA,LPL Financial Holdings Inc. Common Stock,$353.70 ,14.53,4.28%,28289937936,United States,2010,1232164,Finance,Investment Bankers/Brokers/Service
LPSN,LivePerson Inc. Common Stock,$1.77 ,-0.01,-0.56%,21551568,United States,2000,52832,Technology,Computer Software: Prepackaged Software
LPTH,LightPath Technologies Inc. Class A Common Stock,$10.37 ,0.045,0.44%,651126151,United States,1996,1726919,Technology,Semiconductors
LQDA,Liquidia Corporation Common Stock,$84.11 ,-2.69,-3.10%,7479742407,United States,2018,1131338,Health Care,Biotechnology: Pharmaceutical Preparations
LQDT,Liquidity Services Inc. Common Stock,$38.98 ,0.81,2.12%,1215444384,United States,2006,163863,Consumer Discretionary,Business Services
LRCX,Lam Research Corporation Common Stock,$293.02 ,-4.7,-1.58%,3.66442E+11,United States,1984,12551786,Technology,Industrial Machinery/Components
LRHC,La Rosa Holdings Corp. Common Stock,$0.98 ,-0.09,-8.41%,1583759,United States,2023,40324,Finance,Real Estate
LRMR,Larimar Therapeutics Inc. Common Stock,$3.82 ,-0.005,-0.13%,396832819,United States,2014,1058282,Health Care,Biotechnology: Pharmaceutical Preparations
LSBK,Lake Shore Bancorp Inc. Common Stock,$17.17 ,0.04,0.23%,135004104,United States,2006,4161,Finance,Savings Institutions
LSCC,Lattice Semiconductor Corporation Common Stock,$124.27 ,-0.26,-0.21%,17025966389,United States,,1433249,Technology,Semiconductors
LSH,Lakeside Holding Limited Common Stock,$0.28 ,0.0226,8.82%,9598403,United States,2024,73049,,
LSTA,Lisata Therapeutics Inc. Common Stock,$0.99 ,-0.04,-3.88%,9015327,United States,,68975,Health Care,Misc Health and Biotechnology Services
LSTR,Landstar System Inc. Common Stock,$174.77 ,5.43,3.21%,5931156382,United States,1993,1048490,Industrials,Trucking Freight/Courier Services
LTBR,Lightbridge Corporation Common Stock,$8.24 ,-0.2,-2.37%,289611783,United States,,4326221,Consumer Discretionary,Professional Services
LTGR,Long Table Growth Corp. Class A Ordinary Shares,$9.88 ,0,0.00%,0,United States,2026,11,,
LTGRU,Long Table Growth Corp. Units,$10.05 ,0,0.00%,0,United States,2026,42,Finance,Blank Checks
LTGRW,Long Table Growth Corp. Warrants,$0.25 ,-0.0377,-13.05%,0,United States,2026,3535,,
LTRN,Lantern Pharma Inc. Common Stock,$2.63 ,-0.02,-0.76%,33555833,United States,2020,47920,Health Care,Biotechnology: Pharmaceutical Preparations
LTRX,Lantronix Inc. Common Stock,$5.38 ,0.03,0.56%,214215083,United States,2000,568464,Telecommunications,Computer Communications Equipment
LTRYW,Sports Entertainment Gaming Global Corporation Warrants,$0.01 ,-0.0007,-7.37%,200784,United States,2023,48866,Technology,Computer Software: Prepackaged Software
LUCD,Lucid Diagnostics Inc. Common Stock,$0.87 ,-0.0296,-3.29%,176993008,United States,2021,1185342,Health Care,Medical/Dental Instruments
LUCY,Innovative Eyewear Inc. Common Stock,$0.70 ,-0.0456,-6.14%,5997711,United States,2022,128123,Health Care,Ophthalmic Goods
LUCYW,Innovative Eyewear Inc. Series A Warrants 8/16/27,$0.04 ,0.0087,24.86%,376094,United States,2022,3340,Health Care,Ophthalmic Goods
LUNG,Pulmonx Corporation Common Stock,$1.63 ,0.02,1.24%,68846641,United States,2020,1681379,Health Care,Medical/Dental Instruments
LUNR,Intuitive Machines Inc. Class A Common Stock,$12.34 ,0.09,0.74%,2678038511,United States,2021,7964925,Industrials,Industrial Machinery/Components
LVLU,Lulu's Fashion Lounge Holdings Inc. Common Stock,$16.26 ,-0.4678,-2.80%,46581527,United States,2021,5241,Consumer Discretionary,Catalog/Specialty Distribution
LVO,LiveOne Inc. Common Stock,$4.48 ,-0.04,-0.89%,61033320,United States,,15218,Consumer Discretionary,Restaurants
LWAC,LightWave Acquisition Corp. Class A Ordinary Shares,$10.29 ,0,0.00%,0,United States,2025,13,Finance,Blank Checks
LWACU,LightWave Acquisition Corp. Units,$10.32 ,0,0.00%,0,United States,2025,1,Finance,Blank Checks
LWACW,LightWave Acquisition Corp. Warrants,$0.24 ,-0.0001,-0.04%,0,United States,2025,6,Finance,Blank Checks
LWAY,Lifeway Foods Inc. Common Stock,$29.78 ,-1.19,-3.84%,455094625,United States,,57156,Consumer Staples,Packaged Foods
LWLG,Lightwave Logic Inc. Common Stock,$6.46 ,0.42,6.95%,995646479,United States,,4244281,Industrials,Containers/Packaging
LXEO,Lexeo Therapeutics Inc. Common Stock,$4.13 ,-0.22,-5.06%,324294348,United States,2023,713521,Health Care,Biotechnology: Biological Products (No Diagnostic Substances)
LXRX,Lexicon Pharmaceuticals Inc. Common Stock,$2.31 ,-0.03,-1.28%,1026093661,United States,,2767410,Health Care,Biotechnology: Pharmaceutical Preparations
LYEL,Lyell Immunopharma Inc. Common Stock,$12.94 ,-0.78,-5.69%,317086393,United States,2021,126673,Health Care,Biotechnology: Pharmaceutical Preparations
LYFT,Lyft Inc. Class A Common Stock,$15.86 ,0.31,1.99%,6021764958,United States,2019,9502617,Consumer Discretionary,Business Services
LYTS,LSI Industries Inc. Common Stock,$23.39 ,0.19,0.82%,858703130,United States,1985,219230,Consumer Discretionary,Building Products
LZ,LegalZoom.com Inc. Common Stock,$7.87 ,0.01,0.13%,1350867903,United States,2021,1865001,Technology,EDP Services
MACI,Melar Acquisition Corp. I Class A Ordinary Shares,$10.92 ,0.01,0.09%,0,United States,2024,544,,
MACIU,Melar Acquisition Corp. I Unit,$11.20 ,0,0.00%,0,United States,2024,1,Finance,Blank Checks
MAMA,Mama's Creations Inc. Common Stock,$18.43 ,0.18,0.99%,754556176,United States,,306896,Consumer Staples,Specialty Foods
MAMO,Massimo Group Common Stock,$1.02 ,-0.005,-0.49%,42473769,United States,2024,24479,Consumer Discretionary,Industrial Specialties
MANH,Manhattan Associates Inc. Common Stock,$191.36 ,0.39,0.20%,11321738239,United States,1998,799200,Technology,Computer Software: Prepackaged Software
MAR,Marriott International Class A Common Stock,$372.83 ,-2.65,-0.71%,98311029313,United States,,1563481,Consumer Discretionary,Hotels/Resorts
MARA,MARA Holdings Inc. Common Stock,$11.32 ,-0.5,-4.23%,4315982094,United States,,38634108,Technology,EDP Services
MARPS,Marine Petroleum Trust Units of Beneficial Interest,$4.74 ,-0.04,-0.84%,9480000,United States,,3749,Energy,Oil & Gas Production
MASS,908 Devices Inc. Common Stock,$8.01 ,0.37,4.84%,302887104,United States,2020,335307,Industrials,Industrial Machinery/Components
MAT,Mattel Inc. Common Stock,$15.09 ,-0.12,-0.79%,4385154000,United States,,2813981,Consumer Discretionary,Recreational Games/Products/Toys
MATW,Matthews International Corporation Class A Common Stock,$27.75 ,0,0.00%,865867655,United States,1994,237718,Telecommunications,Metal Fabrications
MAYS,J. W. Mays Inc. Common Stock,$38.72 ,-0.28,-0.72%,78051002,United States,,231,Real Estate,Building operators
MAZE,Maze Therapeutics Inc. Common Stock,$26.92 ,-0.71,-2.57%,1489894426,United States,2025,335600,Health Care,Biotechnology: Biological Products (No Diagnostic Substances)
MBBC,Marathon Bancorp Inc. Common Stock,$14.95 ,0,0.00%,44113653,United States,,129,Finance,Banks
MBIN,Merchants Bancorp Common Stock,$55.18 ,-0.33,-0.59%,2534715813,United States,2017,222084,Finance,Major Banks
MBINL,Merchants Bancorp Depositary Shares Each Representing a 1/40thInterest in a Share of 7.25% Fixed Rate Series E Non-CumulativePerpetual Preferred Stock without par value,$24.96 ,0.04,0.16%,1146547784,United States,,17430,Finance,Major Banks
MBINM,Merchants Bancorp Depositary Shares Each Representing a 1/40th Interest in a Share of 8.25% Fixed-Rate Reset Series D Non-Cumulative Perpetual Preferred Stock,$25.67 ,0.125,0.49%,1179161923,United States,,9873,Finance,Major Banks
MBINN,Merchants Bancorp Depositary Shares Preferred Series C,$20.07 ,-0.1199,-0.59%,921923639,United States,,26116,Finance,Major Banks
MBIO,Mustang Bio Inc. Common Stock,$0.57 ,-0.0236,-3.97%,3838655,United States,,11073,Health Care,Biotechnology: Pharmaceutical Preparations
MBNKO,Medallion Bank Fixed-Rate Reset Non-Cumulative Perpetual Preferred Stock Series G par value $1.00 per share,$25.67 ,0.13,0.51%,25670000,United States,,1148,Finance,Commercial Banks
MBRX,Moleculin Biotech Inc. Common Stock,$0.40 ,-0.62,-60.78%,2134540,United States,2016,19206626,Health Care,Biotechnology: Pharmaceutical Preparations
MBUU,Malibu Boats Inc. Class A Common Stock,$27.57 ,-0.43,-1.54%,541393551,United States,2014,203046,Industrials,Marine Transportation
MBVI,M3-Brigade Acquisition VI Corp. Class A Ordinary Shares,$10.17 ,0,0.00%,0,United States,2025,9,,
MBVIW,M3-Brigade Acquisition VI Corp. Warrant,$0.35 ,-0.01,-2.78%,0,United States,2025,300,,
MBWM,Mercantile Bank Corporation Common Stock,$60.08 ,0.35,0.59%,1037844450,United States,1998,90873,Finance,Major Banks
MBX,MBX Biosciences Inc. Common Stock,$65.93 ,-0.53,-0.80%,3138105548,United States,2024,566350,Health Care,Biotechnology: Pharmaceutical Preparations
MCAH,Mountain Crest Acquisition 6 Corp. Ordinary Shares,$9.96 ,0,0.00%,0,United States,2026,10,Finance,Blank Checks
MCAHU,Mountain Crest Acquisition 6 Corp. Units,$10.18 ,-0.04,-0.39%,0,United States,2026,166,Finance,Blank Checks
MCBS,MetroCity Bankshares Inc. Common Stock,$35.38 ,0.4,1.14%,1013992286,United States,2019,108041,Finance,Major Banks
MCFT,MasterCraft Boat Holdings Inc. Common Stock,$23.92 ,-0.74,-3.00%,389414969,United States,2015,171861,Industrials,Marine Transportation
MCGA,Yorkville Acquisition Corp. Class A Ordinary Share,$10.23 ,0,0.00%,0,United States,2025,72793,Utilities,Electric Utilities: Central
MCGAU,Yorkville Acquisition Corp. Unit,$10.28 ,0.03,0.29%,0,United States,2025,2085,Finance,Blank Checks
MCGAW,Yorkville Acquisition Corp. Warrant,$0.27 ,0.0116,4.46%,0,United States,2025,2551,,
MCHB,Mechanics Bancorp Class A Common Stock,$16.79 ,0.19,1.15%,3717324133,United States,2012,624648,Finance,Major Banks
MCHP,Microchip Technology Incorporated Common Stock,$74.29 ,-0.72,-0.96%,40340091807,United States,1993,11292057,Technology,Semiconductors
MCHPP,Microchip Technology Incorporated Depositary Shares Each Representing a 1/20th Interest in a Share of 7.50% Series A Mandatory Convertible Preferred Stock,$64.28 ,-0.43,-0.67%,34904578024,United States,,92266,Technology,Semiconductors
MCHX,Marchex Inc. Class B Common Stock,$1.72 ,-0.04,-2.27%,76200814,United States,2004,6249,Technology,Computer Software: Prepackaged Software
MCRB,Seres Therapeutics Inc. Common Stock,$4.83 ,0.05,1.05%,46773401,United States,2015,51185,Health Care,Biotechnology: Pharmaceutical Preparations
MCRI,Monarch Casino & Resort Inc. Common Stock,$122.75 ,0.76,0.62%,2199989453,United States,1993,142352,Consumer Discretionary,Hotels/Resorts
MDAI,Spectral AI Inc. Class A Common Stock,$1.55 ,-0.03,-1.90%,49327177,United States,2021,82976,Health Care,Medical/Dental Instruments
MDAIW,Spectral AI Inc. Warrants,$0.48 ,0.01,2.13%,15275513,United States,2021,9281,Health Care,Medical/Dental Instruments
MDB,MongoDB Inc. Class A Common Stock,$337.48 ,11.6,3.56%,27144166724,United States,2017,1078111,Technology,Computer Software: Prepackaged Software
MDBH,MDB Capital Holdings LLC Class A common,$3.06 ,0,0.00%,16642214,United States,2023,105,Finance,Finance: Consumer Services
MDGL,Madrigal Pharmaceuticals Inc. Common Stock,$467.32 ,-25.79,-5.23%,10774370564,United States,2007,795229,Health Care,Biotechnology: Pharmaceutical Preparations
MDIA,Mediaco Holding Inc. Class A Common Stock ,$0.93 ,-0.06,-6.06%,76561542,United States,,6015,Consumer Discretionary,Broadcasting
MDLN,Medline Inc. Class A Common Stock,$39.28 ,0.16,0.41%,51601671082,United States,2025,4032458,Health Care,Medical/Dental Instruments
MDLZ,Mondelez International Inc. Class A Common Stock,$62.31 ,-0.77,-1.22%,79526755032,United States,,8127675,Consumer Staples,Packaged Foods
MDRR,Medalist Diversified Inc. Common Stock,$11.40 ,0.0301,0.27%,18565063,United States,2018,1249,Real Estate,Real Estate Investment Trusts
MDXG,MiMedx Group Inc Common Stock,$4.13 ,-0.14,-3.28%,601990733,United States,,2987505,Health Care,Biotechnology: Pharmaceutical Preparations
MEDP,Medpace Holdings Inc. Common Stock,$577.11 ,-1.19,-0.21%,16108095217,United States,2016,261542,Health Care,Biotechnology: Commercial Physical & Biological Resarch
MEDS,DataMeds AI Inc. Common Stock,$3.02 ,-0.14,-4.43%,8598538,United States,2025,47107,Health Care,Other Pharmaceuticals
MESH,Meshflow Acquisition Corp. Class A Ordinary Shares,$10.01 ,0,0.00%,0,United States,2026,316,,
MESHU,Meshflow Acquisition Corp. Units,$10.10 ,0,0.00%,0,United States,2025,8,,
MESHW,Meshflow Acquisition Corp. Warrants,$0.30 ,-0.0002,-0.07%,0,United States,2026,13606,,
META,Meta Platforms Inc. Class A Common Stock,$556.71 ,17.68,3.28%,1.41317E+12,United States,2012,24202620,Technology,Computer Software: Programming Data Processing
METC,Ramaco Resources Inc. Class A Common Stock,$9.17 ,-0.61,-6.24%,609472514,United States,2017,3365344,Energy,Coal Mining
METCB,Ramaco Resources Inc. Class B Common Stock,$6.51 ,-0.09,-1.36%,432678960,United States,,78637,Energy,Coal Mining
METCI,Ramaco Resources Inc. 8.250% Senior Notes due 2030,$25.07 ,-0.1,-0.40%,0,United States,,4569,Energy,Coal Mining
METCZ,Ramaco Resources Inc. 8.375% Senior Notes due 2029,$25.32 ,-0.0099,-0.04%,0,United States,,456,Energy,Coal Mining
MEVO,M Evo Global Acquisition Corp II Class A Ordinary Shares,$9.96 ,0,0.00%,0,United States,2026,26,Finance,Blank Checks
MEVOU,M Evo Global Acquisition Corp II Units,$10.10 ,0,0.00%,0,United States,2026,38,Finance,Blank Checks
MEVOW,M Evo Global Acquisition Corp II Warrants,$0.32 ,-0.0293,-8.38%,0,United States,2026,3600,Finance,Blank Checks
MFIC,MidCap Financial Investment Corporation Common Stock,$9.56 ,-0.1,-1.04%,787482324,United States,2004,637704,Finance,Finance/Investors Services
MFICL,MidCap Financial Investment Corporation 8.00% Notes due 2028,$25.48 ,0.18,0.71%,2377376289,United States,,1929,Finance,Finance/Investors Services
MFIN,Medallion Financial Corp. Common Stock,$9.94 ,-0.16,-1.58%,229739880,United States,,31240,Finance,Finance: Consumer Services
MFP,Midera Food Processing Inc. Common Stock,$47.95 ,-0.19,-0.40%,2167819500,United States,,918261,Industrials,Industrial Machinery/Components
MGEE,MGE Energy Inc,$79.53 ,0.03,0.04%,2923238242,United States,,210866,Energy,Electric Utilities: Central
MGNI,Magnite Inc. Common Stock,$19.30 ,-0.09,-0.46%,2764049558,United States,,1358993,Technology,Computer Software: Programming Data Processing
MGNX,MacroGenics Inc. Common Stock,$3.69 ,-0.09,-2.38%,234547924,United States,2013,410843,Health Care,Biotechnology: Pharmaceutical Preparations
MGPI,MGP Ingredients Inc.,$17.70 ,-0.04,-0.23%,379029145,United States,,149526,Consumer Staples,Beverages (Production/Distribution)
MGRC,McGrath RentCorp Common Stock,$115.15 ,0.15,0.13%,2812615094,United States,1984,266104,Consumer Discretionary,Diversified Commercial Services
MGRX,Mangoceuticals Inc. Common Stock,$0.56 ,0.2635,89.75%,9563971,United States,2023,510914873,Health Care,Misc Health and Biotechnology Services
MGTX,MeiraGTx Holdings plc Ordinary Shares,$11.79 ,-0.19,-1.59%,1091866194,United States,2018,516803,Health Care,Biotechnology: Biological Products (No Diagnostic Substances)
MGX,Metagenomi Therapeutics Inc. Common Stock,$1.19 ,-0.03,-2.46%,44799761,United States,2024,135775,Health Care,Biotechnology: Biological Products (No Diagnostic Substances)
MGYR,Magyar Bancorp Inc. Common Stock,$19.15 ,0.1499,0.79%,123761260,United States,2006,926,Finance,Savings Institutions
MIACU,Meridian3 Industrials Acquisition Corp Units,$9.99 ,0,0.00%,0,United States,2026,4259,,
MIDD,Middleby Corporation (The) Common Stock,$133.58 ,0.26,0.20%,6039752376,United States,,294854,Industrials,Industrial Machinery/Components
MIND,MIND Technology Inc. Common Stock (DE),$4.98 ,0.03,0.61%,45263494,United States,1994,60337,Industrials,Industrial Machinery/Components
MIRA,MIRA Pharmaceuticals Inc. Common Stock,$0.79 ,-0.0243,-2.98%,33281493,United States,2023,87497,Health Care,Biotechnology: Pharmaceutical Preparations
MIRM,Mirum Pharmaceuticals Inc. Common Stock,$105.95 ,-6.64,-5.90%,6460961001,United States,2019,558557,Health Care,Biotechnology: Pharmaceutical Preparations
MITK,Mitek Systems Inc. Common Stock,$16.70 ,-0.37,-2.17%,754152812,United States,,487747,Technology,Computer peripheral equipment
MKLY,McKinley Acquisition Corporation Class A Ordinary Shares,$10.22 ,0.04,0.39%,0,United States,2025,1626017,,
MKLYR,McKinley Acquisition Corporation Rights,$0.22 ,0.02,10.00%,0,United States,2025,2293888,,
MKLYU,McKinley Acquisition Corporation Units,$10.32 ,0.11,1.08%,0,United States,2025,144578,Finance,Blank Checks
MKSI,MKS Inc. Common Stock,$297.45 ,4.15,1.42%,20091001171,United States,1999,1143214,Industrials,Industrial Machinery/Components
MKTW,MarketWise Inc. Class A Common Stock,$19.70 ,-0.23,-1.15%,307823414,United States,,5302,Technology,Computer Software: Prepackaged Software
MKTX,MarketAxess Holdings Inc. Common Stock,$162.30 ,-0.46,-0.28%,5768053222,United States,2004,5189048,Finance,Investment Bankers/Brokers/Service
MKZR,MacKenzie Realty Capital Inc. Common Stock,$1.03 ,-0.16,-13.45%,2025392,United States,,297976,Real Estate,Real Estate Investment Trusts
MLAA,Mountain Lake Acquisition Corp. II Class A Ordinary Shares,$9.96 ,0,0.00%,0,United States,2026,10744,Finance,Blank Checks
MLAAU,Mountain Lake Acquisition Corp. II Units,$10.07 ,0,0.00%,0,United States,2026,1,Finance,Blank Checks
MLAAW,Mountain Lake Acquisition Corp. II Warrants,$0.27 ,0,0.00%,0,United States,2026,23,Finance,Blank Checks
MLAB,Mesa Laboratories Inc. Common Stock,$100.81 ,-0.23,-0.23%,564110582,United States,,141037,Industrials,Industrial Machinery/Components
MLCI,Mount Logan Capital Inc. Common Stock,$3.05 ,-0.05,-1.61%,34125742,United States,,8759,Finance,Investment Managers
MLCIL,Mount Logan Capital Inc. 8.00% Notes Due 2031,$22.55 ,-0.0999,-0.44%,0,United States,,4596,Finance,Investment Managers
MLGO,MicroAlgo Inc. Class A Ordinary Shares,$4.07 ,0.02,0.49%,50620466,United States,2021,32339,Technology,EDP Services
MLKN,MillerKnoll Inc. Common Stock,$22.52 ,0.04,0.18%,1534135320,United States,,515146,Consumer Discretionary,Office Equipment/Supplies/Services
MLTX,MoonLake Immunotherapeutics Class A Ordinary Shares,$18.44 ,-0.55,-2.90%,1357467902,United States,2020,791778,Health Care,Biotechnology: Pharmaceutical Preparations
MLYS,Mineralys Therapeutics Inc. Common Stock,$25.52 ,-0.67,-2.56%,2105351538,United States,2023,618147,Health Care,Biotechnology: Pharmaceutical Preparations
MMED,MiniMed Group Inc. Common Stock,$18.05 ,-0.095,-0.52%,5069213352,United States,2026,613445,Health Care,Medical/Dental Instruments
MMLP,Martin Midstream Partners L.P. Limited Partnership,$2.44 ,0.064,2.69%,95464234,United States,2002,3846,Energy,Oil Refining/Marketing
MMSI,Merit Medical Systems Inc. Common Stock,$85.01 ,1.66,1.99%,5071259224,United States,,2201165,Health Care,Medical/Dental Instruments
MNKD,MannKind Corporation Common Stock,$3.91 ,-0.2,-4.87%,1248818826,United States,2004,5403237,Health Care,Biotechnology: Pharmaceutical Preparations
MNOV,Medicinova Inc Common Stock,$1.33 ,-0.01,-0.75%,65464257,United States,,8042,Health Care,Biotechnology: Pharmaceutical Preparations
MNPR,Monopar Therapeutics Inc. Common Stock,$108.35 ,-6.31,-5.50%,725843368,United States,2019,431289,Health Care,Biotechnology: Pharmaceutical Preparations
MNRO,Monro Inc. Common Stock,$12.25 ,-1.195,-8.89%,382984735,United States,1991,2020723,Consumer Discretionary,Automotive Aftermarket
MNSB,MainStreet Bancshares Inc. Common Stock,$23.06 ,0.15,0.66%,164128120,United States,,35646,Finance,Major Banks
MNSBP,MainStreet Bancshares Inc. Depositary Shares,$25.05 ,-0.075,-0.30%,178291822,United States,,727,Finance,Major Banks
MNST,Monster Beverage Corporation,$96.38 ,-1.27,-1.30%,94260421642,United States,,3881342,Consumer Staples,Beverages (Production/Distribution)
MNTK,Montauk Renewables Inc. Common Stock,$1.71 ,-0.12,-6.56%,243403348,United States,2021,151813,Utilities,Natural Gas Distribution
MNTS,Momentus Inc. Class A Common Stock,$4.05 ,-0.47,-10.40%,76285051,United States,2019,1553066,Industrials,Military/Government/Technical
MNTSW,Momentus Inc. Warrant,$0.01 ,0.0004,4.21%,186475,United States,2019,83378,Industrials,Military/Government/Technical
MOBI,Mobia Medical Inc. Common Stock,$11.18 ,0,0.00%,371723887,United States,2026,85860,Health Care,Medical/Dental Instruments
MOBX,Mobix Labs Inc. Class A Common Stock,$1.68 ,0.015,0.90%,25533779,United States,2021,695665,Technology,Semiconductors
MOBXW,Mobix Labs Inc Warrants,$0.08 ,0.0038,5.06%,1199176,United States,2021,5520,Technology,Semiconductors
MODD,Modular Medical Inc. Common Stock,$2.39 ,0.32,15.46%,12937452,United States,,182999,Health Care,Medical/Dental Instruments
MORN,Morningstar Inc. Common Stock,$192.57 ,-0.55,-0.29%,7223988367,United States,2005,447786,Finance,Investment Managers
MOVE,Corvex Inc. Common Stock,$10.82 ,-0.145,-1.32%,299018761,United States,2021,5378,Health Care,Biotechnology: Electromedical & Electrotherapeutic Apparatus
MPAA,Motorcar Parts  of America Inc. Common Stock,$13.40 ,-0.36,-2.62%,253704974,United States,,94269,Consumer Discretionary,Auto Parts:O.E.M.
MPB,Mid Penn Bancorp Common Stock,$38.34 ,-0.2,-0.52%,971725076,United States,,160265,Finance,Major Banks
MPLT,MapLight Therapeutics Inc. Common Stock,$13.02 ,-1.01,-7.20%,590400702,United States,2025,1145669,Health Care,Biotechnology: Pharmaceutical Preparations
MPWR,Monolithic Power Systems Inc. Common Stock,"$1,426.03 ",109.85,8.35%,70060853900,United States,2004,1545704,Technology,Semiconductors
MQ,Marqeta Inc. Class A Common Stock,$17.36 ,-0.29,-1.64%,1840291554,United States,2021,813956,Technology,Computer Software: Prepackaged Software
MRAM,Everspin Technologies Inc. Common Stock,$14.53 ,0.07,0.48%,340693294,United States,2016,984815,Technology,Semiconductors
MRBK,Meridian Corporation Common Stock,$19.64 ,-0.4,-2.00%,233525060,United States,2017,145650,Finance,Major Banks
MRCOU,Mercator Acquisition Corp. Units,$10.02 ,0,0.00%,0,United States,2026,59976,Finance,Blank Checks
MRCY,Mercury Systems Inc Common Stock,$97.10 ,1.13,1.18%,5830202779,United States,1998,363495,Technology,Electrical Products
MRDN,Meridian Holdings Inc. Common Stock,$11.27 ,0.115,1.03%,142785028,United States,,66712,Technology,Computer Software: Prepackaged Software
MRKR,Marker Therapeutics Inc. Common Stock,$1.13 ,0.01,0.89%,18840634,United States,,37444,Health Care,Biotechnology: Pharmaceutical Preparations
MRLN,Merlin Inc. Common Stock,$3.77 ,0.05,1.34%,363895676,United States,2024,936828,Technology,EDP Services
MRNA,Moderna Inc. Common Stock,$54.82 ,-3.1,-5.35%,21751822718,United States,2018,7758903,Health Care,Biotechnology: Biological Products (No Diagnostic Substances)
MRTN,Marten Transport Ltd. Common Stock,$14.79 ,-0.01,-0.07%,1206703307,United States,1986,661376,Industrials,Trucking Freight/Courier Services
MRVI,Maravai LifeSciences Holdings Inc. Class A Common Stock,$6.57 ,-0.18,-2.67%,1696309903,United States,2020,1087367,Health Care,Biotechnology: Pharmaceutical Preparations
MRVL,Marvell Technology Inc. Common Stock,$187.56 ,4.26,2.32%,1.64259E+11,United States,2000,26745904,Technology,Semiconductors
MSAI,MultiSensor AI Holdings Inc. Common Stock,$4.75 ,-0.0408,-0.85%,9590696,United States,2021,13277,Technology,Electronic Components
MSAIW,MultiSensor AI Holdings Inc. Warrant,$0.02 ,-0.001,-3.86%,50284,United States,2021,3062,Technology,Electronic Components
MSBI,Midland States Bancorp Inc. Common Stock,$33.67 ,0.39,1.17%,697972332,United States,2016,176423,Finance,Major Banks
MSBIP,Midland States Bancorp Inc. Depositary Shares Each Representing a 1/40th Interest in a Share of 7.750% Fixed-Rate Reset Non-Cumulative Perpetual Preferred Stock Series A,$25.25 ,0.01,0.04%,523427425,United States,,11786,Finance,Major Banks
MSEX,Middlesex Water Company Common Stock,$57.30 ,1.49,2.67%,1067174052,United States,,213248,Utilities,Water Supply
MSFT,Microsoft Corporation Common Stock,$464.72 ,13.62,3.02%,3.4508E+12,United States,1986,60747733,Technology,Computer Software: Prepackaged Software
MSGM,Motorsport Games Inc. Class A Common Stock,$4.33 ,-0.22,-4.84%,18073658,United States,2021,2564,Technology,Computer Software: Prepackaged Software
MSS,Maison Solutions Inc. Class A Common Stock,$1.35 ,-0.04,-2.88%,1154708,United States,2023,648176,Consumer Staples,Food Chains
MSTR,Strategy Inc Common Stock Class A,$93.28 ,-4.46,-4.56%,32689777500,United States,1998,20631432,Technology,Computer Software: Prepackaged Software
MTAKU,Market Technology Acquisition Corp Unit,$9.96 ,-0.005,-0.05%,0,United States,2026,671676,Finance,Blank Checks
MTCH,Match Group Inc. Common Stock,$39.41 ,0.1,0.25%,9193033790,United States,,2272084,Technology,Computer Software: Programming Data Processing
MTEX,Mannatech Incorporated Common Stock,$4.79 ,-0.09,-1.84%,9243119,United States,,11165,Health Care, Medicinal Chemicals and Botanical Products 
MTRX,Matrix Service Company Common Stock,$11.60 ,0.22,1.93%,326352660,United States,1990,214494,Consumer Discretionary,Engineering & Construction
MTSI,MACOM Technology Solutions Holdings Inc. Common Stock,$251.44 ,2.73,1.10%,19183809415,United States,2012,1294398,Technology,Semiconductors
MTVA,MetaVia Inc. Common Stock,$1.42 ,-0.02,-1.39%,7333405,United States,2016,132315,Health Care,Biotechnology: Pharmaceutical Preparations
MU,Micron Technology Inc. Common Stock,$823.03 ,-51.63,-5.90%,9.29524E+11,United States,,54255270,Technology,Semiconductors
MUZE,Muzero Acquisition Corp Class A Ordinary Shares,$9.95 ,0,0.00%,0,United States,2026,8882,Finance,Blank Checks
MUZEU,Muzero Acquisition Corp Unit,$10.08 ,-0.34,-3.26%,0,United States,2026,10200,Finance,Blank Checks
MUZEW,Muzero Acquisition Corp Warrant,$0.33 ,0.06,22.22%,0,United States,2026,2000,Finance,Blank Checks
MVBF,MVB Financial Corp. Common Stock,$30.65 ,0.18,0.59%,393849466,United States,,47019,Finance,Major Banks
MVIS,MicroVision Inc. Common Stock,$0.27 ,0.0214,8.75%,93166597,United States,1996,4069222,Technology,Industrial Machinery/Components
MVST,Microvast Holdings Inc. Common Stock,$0.81 ,0.0067,0.84%,268891325,United States,2019,4588975,Miscellaneous,Industrial Machinery/Components
MWH,SOLV Energy Inc. Class A Common Stock,$28.43 ,0.49,1.75%,5754105003,United States,2026,4669269,Industrials,Military/Government/Technical
MWYN,Marwynn Holdings Inc. Common stock,$0.76 ,0.0283,3.89%,15247077,United States,2025,146450,Consumer Discretionary,Food Distributors
MXCT,MaxCyte Inc. Common Stock,$1.05 ,0,0.00%,112477756,United States,2021,478640,Health Care,Biotechnology: Commercial Physical & Biological Resarch
MXL,MaxLinear Inc. Common Stock,$66.82 ,-0.1,-0.15%,6060119023,United States,2010,3018933,Technology,Semiconductors
MYFW,First Western Financial Inc. Common Stock,$31.15 ,-0.63,-1.98%,303057353,United States,2018,61271,Finance,Major Banks
MYGN,Myriad Genetics Inc. Common Stock,$2.86 ,-2.51,-46.74%,270121881,United States,1995,15104712,Health Care,Biotechnology: In Vitro & In Vivo Diagnostic Substances
MYPS,PLAYSTUDIOS Inc.  Class A Common Stock,$0.61 ,0.0123,2.07%,77928315,United States,2020,259655,Technology,Computer Software: Prepackaged Software
MYRG,MYR Group Inc. Common Stock,$333.22 ,2.38,0.72%,5187985485,United States,2008,407068,Industrials,Water Sewer Pipeline Comm & Power Line Construction
MYSE,Myseum.AI Inc. Common Stock,$2.11 ,-0.28,-11.72%,10964467,United States,2021,154071,Telecommunications,Telecommunications Equipment
MYSEW,Myseum.AI Inc. Series A Warrant,$0.04 ,-0.0103,-22.44%,184993,United States,2021,2968,Telecommunications,Telecommunications Equipment
MYX,Maywood Acquisition Corp. 2 Class A Ordinary Share,$9.96 ,0,0.00%,0,United States,2026,6,Finance,Blank Checks
MYXXR,Maywood Acquisition Corp. 2 Rights,$0.23 ,0,0.00%,0,United States,2026,1,Finance,Blank Checks
MYXXU,Maywood Acquisition Corp. 2 Units,$10.17 ,0,0.00%,0,United States,2026,140,Finance,Blank Checks
MZTI,The Marzetti Company Common Stock,$106.87 ,-0.74,-0.69%,2930589140,United States,,354381,Consumer Staples,Packaged Foods
NAGE,Niagen Bioscience Inc. Common Stock,$3.40 ,0.08,2.41%,270790712,United States,,648526,Health Care, Medicinal Chemicals and Botanical Products 
NAII,Natural Alternatives International Inc. Common Stock,$2.29 ,-0.1362,-5.61%,14370274,United States,,2326,Health Care, Medicinal Chemicals and Botanical Products 
NAKA,Nakamoto Inc. Common Stock,$4.75 ,-0.2,-4.04%,82660165,United States,2024,64512,Health Care,Medical/Nursing Services
NATH,Nathan's Famous Inc. Common Stock,$98.11 ,-0.39,-0.40%,401702075,United States,1993,17389,Consumer Discretionary,Restaurants
NATR,Nature's Sunshine Products Inc. Common Stock,$20.15 ,-0.14,-0.69%,354335151,United States,,97775,Health Care,Biotechnology: Pharmaceutical Preparations
NAUT,Nautilus Biotechnology Inc. Common Stock,$0.98 ,-0.053,-5.15%,124328353,United States,2020,924454,Industrials,Biotechnology: Laboratory Analytical Instruments
NAVI,Navient Corporation Common Stock,$8.39 ,-0.06,-0.71%,788492066,United States,,765248,Finance,Investment Bankers/Brokers/Service
NAVN,Navan Inc. Class A Common Stock,$26.62 ,-0.09,-0.34%,6770298194,United States,2025,1291369,Technology,Computer Software: Prepackaged Software
NB,NioCorp Developments Ltd. Common Stock,$4.26 ,-0.045,-1.05%,619472889,United States,,3380122,Basic Materials,Metal Mining
NBBK,NB Bancorp Inc. Common Stock,$23.01 ,0.27,1.19%,1028688811,United States,2023,372437,Finance,Banks
NBIX,Neurocrine Biosciences Inc. Common Stock,$166.80 ,-18.7,-10.08%,16771737164,United States,1996,4584309,Health Care,Biotechnology: Biological Products (No Diagnostic Substances)
NBN,Northeast Bank Common Stock,$124.17 ,1.27,1.03%,1009502100,United States,,113431,Finance,Major Banks
NBTB,NBT Bancorp Inc. Common Stock,$52.65 ,-0.28,-0.53%,2738338715,United States,,456687,Finance,Major Banks
NCMI,National CineMedia Inc. Common Stock,$4.01 ,0.01,0.25%,376058959,United States,2007,256350,Consumer Discretionary,Advertising
NCNO,nCino Inc. Common Stock,$18.46 ,0.08,0.44%,2022347457,United States,2020,1802113,Technology,Computer Software: Prepackaged Software
NCO,Southern Cross Acquisition I Corp. Ordinary Shares,$9.85 ,9.85,,0,United States,,10823,,
NCOOR,Southern Cross Acquisition I Corp. Rights,$0.15 ,0.15,,0,United States,,1573926,,
NCOOU,Southern Cross Acquisition I Corp. Units,$10.05 ,0.01,0.10%,0,United States,2026,2279,Finance,Blank Checks
NCOOW,Southern Cross Acquisition I Corp. Warrants,$0.05 ,0.05,,0,United States,,367100,,
NCPL,Netcapital Inc. Common Stock,$0.37 ,0.0027,0.73%,2937469,United States,,78830,Finance,Finance: Consumer Services
NCSM,NCS Multistage Holdings Inc. Common Stock,$47.00 ,1.58,3.48%,123352581,United States,2017,7155,Energy,Oilfield Services/Equipment
NDAQ,Nasdaq Inc. Common Stock,$94.19 ,-0.97,-1.02%,52650078669,United States,,3181815,Finance,Investment Bankers/Brokers/Service
NDLS,Noodles & Company Class A Common Stock,$18.62 ,1.04,5.92%,111099209,United States,2013,103668,Consumer Discretionary,Restaurants
NDRA,ENDRA Life Sciences Inc. Common Stock,$4.70 ,0.37,8.55%,5831530,United States,2017,17764,Health Care,Biotechnology: Electromedical & Electrotherapeutic Apparatus
NDSN,Nordson Corporation Common Stock,$297.78 ,2.55,0.86%,16591690555,United States,,300900,Industrials,Industrial Machinery/Components
NECB,NorthEast Community Bancorp Inc. Common Stock,$26.70 ,0.15,0.57%,368871367,United States,2021,33961,Finance,Banks
NEO,NeoGenomics Inc. Common Stock,$15.29 ,-0.59,-3.72%,1964389478,United States,,2859581,Health Care,Precision Instruments
NEOG,Neogen Corporation Common Stock,$12.04 ,0.51,4.42%,2620783414,United States,1989,3800465,Health Care,Biotechnology: In Vitro & In Vivo Diagnostic Substances
NEOV,NeoVolta Inc. Common Stock,$2.11 ,-0.02,-0.94%,90120845,United States,,487995,Miscellaneous,Industrial Machinery/Components
NEOVW,NeoVolta Inc. Warrant,$0.94 ,-0.0338,-3.49%,39982049,United States,,502,Miscellaneous,Industrial Machinery/Components
NEPH,Nephros Inc. Common Stock,$3.39 ,-0.11,-3.14%,36803691,United States,,3778,Health Care,Medical/Dental Instruments
NERV,Minerva Neurosciences Inc Common Stock,$3.98 ,-0.04,-1.00%,185423062,United States,2014,70707,Health Care,Biotechnology: Pharmaceutical Preparations
NESR,National Energy Services Reunited Corp Ordinary Shares,$26.96 ,0.52,1.97%,2718841995,United States,,1312998,Energy,Oilfield Services/Equipment
NEUP,Neuphoria Therapeutics Inc. Common Stock,$3.88 ,-0.04,-1.02%,20969658,United States,2021,37275,Health Care,Biotechnology: Pharmaceutical Preparations
NEWT,NewtekOne Inc. Common Stock,$14.83 ,0.2,1.37%,428455755,United States,,140497,Finance,Major Banks
NEWTG,NewtekOne Inc. 8.50% Fixed Rate Senior Notes due 2029,$25.66 ,0.1,0.39%,675418722,United States,,910,Finance,Major Banks
NEWTH,NewtekOne Inc. 8.625% Fixed Rate Senior Notes due 2029,$25.20 ,-0.0301,-0.12%,0,United States,,3754,Finance,Major Banks
NEWTI,NewtekOne Inc. 8.00% Fixed Rate Senior Notes due 2028,$25.54 ,0.125,0.49%,672128491,United States,,1470,Finance,Major Banks
NEWTO,NewtekOne Inc. 8.50% Fixed Rate Senior Notes due 2031,$25.59 ,0.3412,1.35%,0,United States,,269,Finance,Major Banks
NEWTP,NewtekOne Inc. Depositary Shares Non-Cumulative Perpetual Preferred Stock Series B,$24.93 ,0.03,0.12%,720256370,United States,,2253,Finance,Major Banks
NEXT,NextDecade Corporation Common Stock,$6.72 ,-0.01,-0.15%,1780752873,United States,2015,2962776,Utilities,Oil & Gas Production
NFE,New Fortress Energy Inc. Class A Common Stock,$0.32 ,-0.0087,-2.63%,92117175,United States,2019,1670944,Utilities,Oil/Gas Transmission
NFLX,Netflix Inc. Common Stock,$71.71 ,-1.46,-2.00%,2.98596E+11,United States,2002,35818163,Consumer Discretionary,Consumer Electronics/Video Chains
NHIC,NewHold Investment Corp III Class A Ordinary Shares,$10.71 ,-0.085,-0.79%,0,United States,2025,4855,,
NHIV,NewHold Investment Corp IV Class A Ordinary Shares,$10.10 ,0,0.00%,0,United States,2026,13,Finance,Blank Checks
NHP,National Healthcare Properties Inc. Class A Common Stock,$15.29 ,-0.07,-0.46%,1114715554,United States,,314808,Real Estate,Real Estate Investment Trusts
NHPAP,National Healthcare Properties Inc. 7.375% Series A Cumulative Redeemable Perpetual Preferred Stock,$23.22 ,0.02,0.09%,1692851221,United States,,10643,Real Estate,Real Estate Investment Trusts
NHPBP,National Healthcare Properties Inc. 7.125% Series B Cumulative Redeemable Perpetual Preferred Stock,$22.63 ,0.2252,1.01%,1649487400,United States,,3211,Real Estate,Real Estate Investment Trusts
NHTC,Natural Health Trends Corp. Common Stock,$1.71 ,0.03,1.79%,14668120,United States,,26827,Consumer Discretionary,Consumer Specialties
NIOBW,NioCorp Developments Ltd. Warrant,$1.12 ,0.02,1.82%,163057494,United States,,878,Basic Materials,Metal Mining
NIXX,Nixxy Inc. Common Stock,$0.54 ,-0.0211,-3.77%,15688112,United States,,728999,Technology,EDP Services
NKSH,National Bankshares Inc. Common Stock,$40.60 ,0.88,2.22%,258557446,United States,,46667,Finance,Major Banks
NKTR,Nektar Therapeutics  Common Stock,$70.67 ,-0.78,-1.09%,2387658881,United States,,497274,Health Care,Biotechnology: Pharmaceutical Preparations
NKTX,Nkarta Inc. Common Stock,$2.09 ,-0.06,-2.79%,149529798,United States,2020,683239,Health Care,Biotechnology: Pharmaceutical Preparations
NMAD,Nomad Power Solutions Inc. Common Stock,$4.48 ,0.31,7.43%,84988328,United States,,764140,Health Care,Biotechnology: Pharmaceutical Preparations
NMFC,New Mountain Finance Corporation Common Stock,$6.89 ,-0.02,-0.29%,650776967,United States,,616579,Finance,Finance/Investors Services
NMFCZ,New Mountain Finance Corporation 8.250% Notes due 2028,$25.10 ,0.0356,0.14%,2669660121,United States,,23260,,
NMIH,NMI Holdings Inc. Common Stock,$44.30 ,0.86,1.98%,3365554771,United States,2013,858835,Finance,Property-Casualty Insurers
NMP,NMP Acquisition Corp. Class A Ordinary Shares,$10.30 ,0,0.00%,0,United States,2025,11,Finance,Blank Checks
NMPAR,NMP Acquisition Corp. Right,$0.15 ,0,0.00%,0,United States,2025,27,Finance,Blank Checks
NMRA,Neumora Therapeutics Inc. Common Stock,$1.61 ,-0.04,-2.42%,298307633,United States,2023,1628088,Health Care,Biotechnology: Biological Products (No Diagnostic Substances)
NMRK,Newmark Group Inc. Class A Common Stock,$15.00 ,-0.085,-0.56%,2662028116,United States,2017,1600604,Finance,Real Estate
NMTC,NeuroOne Medical Technologies Corporation Common Stock,$1.69 ,-0.01,-0.59%,14567590,United States,,10265,Health Care,Medical/Dental Instruments
NN,NextNav Inc. Common Stock,$13.11 ,-0.31,-2.31%,1788688270,United States,,1412325,Industrials,Industrial Machinery/Components
NNBR,NN Inc. Common Stock,$3.31 ,-0.03,-0.90%,255807776,United States,1994,782379,Industrials,Industrial Machinery/Components
NNE,Nano Nuclear Energy Inc. Common Stock,$15.91 ,-0.77,-4.62%,854337503,United States,2024,2102219,Utilities,Electric Utilities: Central
NODK,NI Holdings Inc. Common Stock,$15.15 ,-0.19,-1.24%,310293771,United States,2017,18463,Finance,Property-Casualty Insurers
NOEM,CO2 Energy Transition Corp. Common Stock,$11.80 ,-0.2,-1.67%,0,United States,2025,4396,,
NOEMU,CO2 Energy Transition Corp. Unit,$12.12 ,0,0.00%,0,United States,2024,1,,
NOEMW,CO2 Energy Transition Corp. Warrant,$0.18 ,0.0149,9.03%,0,United States,2025,1561,,
NOMA,NOMADAR Corp. Class A Common Stock,$3.01 ,-0.18,-5.64%,42970459,United States,,625,Consumer Discretionary,Services-Misc. Amusement & Recreation
NOVT,Novanta Inc. Common Stock,$142.55 ,3.64,2.62%,5382140608,United States,,363775,Miscellaneous,Industrial Machinery/Components
NOVTU,Novanta Inc. Tangible Equity Units,$60.98 ,1.7925,3.03%,2302370637,United States,,24599,Miscellaneous,Industrial Machinery/Components
NPAC,New Providence Acquisition Corp. III Class A Ordinary Shares,$10.42 ,0,0.00%,0,United States,2025,3081,Finance,Blank Checks
NPACU,New Providence Acquisition Corp. III Units,$10.55 ,0.07,0.67%,0,United States,2025,1000,Finance,Blank Checks
NPACW,New Providence Acquisition Corp. III Warrants,$0.21 ,-0.0191,-8.30%,0,United States,2025,7941,Finance,Blank Checks
NPCE,Neuropace Inc. Common Stock,$12.89 ,-0.86,-6.26%,439468373,United States,2021,332043,Health Care,Medical/Dental Instruments
NRC,NRC Health Common Stock,$19.51 ,0.6,3.17%,439690939,United States,,167963,Health Care,Biotechnology: Commercial Physical & Biological Resarch
NRDS,NerdWallet Inc. Class A Common Stock,$9.00 ,0,0.00%,592189047,United States,2021,456933,Technology,EDP Services
NRIM,Northrim BanCorp Inc Common Stock,$26.51 ,0.18,0.68%,589708747,United States,,176835,Finance,Savings Institutions
NRIX,Nurix Therapeutics Inc. Common stock,$23.21 ,-0.37,-1.57%,2408772862,United States,2020,761636,Health Care,Biotechnology: Pharmaceutical Preparations
NRXP,NRX Pharmaceuticals Inc. Common Stock,$3.15 ,0.03,0.96%,114121325,United States,2017,1144951,Health Care,Biotechnology: Pharmaceutical Preparations
NSIT,Insight Enterprises Inc. Common Stock,$128.93 ,1.16,0.91%,3894191019,United States,1995,395499,Consumer Discretionary,Catalog/Specialty Distribution
NSLR,Neostellar Capital Corp. Common Stock,$10.15 ,-0.04,-0.39%,268703203,United States,2011,157322,Finance,Finance: Consumer Services
NSLRL,Neostellar Capital Corp. 6.00% Notes due 2026,$25.10 ,-0.0118,-0.05%,664477872,United States,,1088,Finance,Finance: Consumer Services
NSSC,NAPCO Security Technologies Inc. Common Stock,$37.08 ,0.71,1.95%,1324769656,United States,,234939,Telecommunications,Telecommunications Equipment
NSTS,NSTS Bancorp Inc. Common Stock,$13.79 ,-0.03,-0.22%,72556540,United States,2022,6653,Finance,Savings Institutions
NSYS,Nortech Systems Incorporated Common Stock,$13.54 ,0.04,0.30%,37837990,United States,,5875,Technology,Industrial Machinery/Components
NTAP,NetApp Inc. Common Stock,$178.50 ,4.52,2.60%,35027816303,United States,1995,1829131,Technology,Electronic Components
NTCT,NetScout Systems Inc. Common Stock,$40.67 ,0.63,1.57%,2956782084,United States,1999,462763,Technology,EDP Services
NTGR,NETGEAR Inc. Common Stock,$24.16 ,1.22,5.32%,648452056,United States,2003,451741,Utilities,Telecommunications Equipment
NTHI,NeOnc Technologies Holdings Inc. Common Stock,$3.49 ,0,0.00%,90507444,United States,,63342,Health Care,Biotechnology: Pharmaceutical Preparations
NTIC,Northern Technologies International Corporation Common Stock,$8.02 ,0.04,0.50%,76161441,United States,,775,Industrials,Industrial Specialties
NTLA,Intellia Therapeutics Inc. Common Stock,$10.68 ,-0.41,-3.70%,1492233918,United States,2016,2647537,Health Care,Biotechnology: In Vitro & In Vivo Diagnostic Substances
NTNX,Nutanix Inc. Class A Common Stock,$59.01 ,-0.25,-0.42%,15951613236,United States,2016,2635737,Technology,Computer Software: Prepackaged Software
NTRA,Natera Inc. Common Stock,$267.76 ,-1.9,-0.71%,38347350684,United States,2015,1331408,Health Care,Medical Specialities
NTRB,Nutriband Inc. Common Stock,$2.85 ,-0.06,-2.06%,34644552,United States,,8876,Health Care,Industrial Specialties
NTRBW,Nutriband Inc. Warrant,$0.25 ,-0.13,-34.21%,3038996,United States,,696,Health Care,Industrial Specialties
NTRP,NextTrip Inc. Common Stock,$1.62 ,-0.01,-0.61%,24170282,United States,,63536,Consumer Discretionary,Miscellaneous manufacturing industries
NTRS,Northern Trust Corporation Common Stock,$182.19 ,-0.32,-0.18%,33713759935,United States,,1219827,Finance,Major Banks
NTRSO,Northern Trust Corporation Depositary Shares Each Representing a 1/1000th Interest in a Share of Series E Non-Cumulative Perpetual Preferred Stock,$18.52 ,0.04,0.22%,3427075218,United States,,52659,Finance,Major Banks
NTSK,Netskope Inc. Class A Common Stock,$12.59 ,0.49,4.05%,5085398741,United States,2025,3816348,Technology,Computer Software: Prepackaged Software
NTWK,NetSol Technologies Inc. Common  Stock,$4.31 ,0.03,0.70%,51187344,United States,,16214,Technology,Computer Software: Prepackaged Software
NTWO,Newbury Street II Acquisition Corp Class A Ordinary Shares,$10.71 ,0,0.00%,0,United States,2024,6,,
NTWOU,Newbury Street II Acquisition Corp Unit,$10.65 ,0,0.00%,0,United States,2024,3,,
NTWOW,Newbury Street II Acquisition Corp Warrant,$0.37 ,0.043,13.26%,0,United States,2024,278,,
NUAI,New Era Energy & Digital Inc. Common Stock,$4.66 ,-0.17,-3.52%,472015724,United States,,5995799,Energy,Oil & Gas Production
NUAIW,New Era Energy & Digital Inc. Warrants,$2.09 ,-0.09,-4.13%,211698040,United States,,39147,Energy,Oil & Gas Production
NUCL,Eagle Nuclear Energy Corp. Common stock,$5.70 ,-0.07,-1.21%,168604849,United States,,2147913,Basic Materials,Other Metals and Minerals
NUCLW,Eagle Nuclear Energy Corp. Warrants,$0.88 ,0.13,17.33%,26030222,United States,,138192,Basic Materials,Other Metals and Minerals
NUTX,Nutex Health Inc. Common Stock,$147.43 ,-1.28,-0.86%,1014515809,United States,,157466,Consumer Discretionary,Business Services
NUWE,Nuwellis Inc. Common Stock,$1.74 ,-2.71,-60.90%,5615450,United States,,6815979,Health Care,Biotechnology: Electromedical & Electrotherapeutic Apparatus
NVAX,Novavax Inc. Common Stock,$7.32 ,-0.12,-1.61%,1203687031,United States,,3398196,Health Care,Biotechnology: Biological Products (No Diagnostic Substances)
NVCT,Nuvectis Pharma Inc. Common Stock,$21.52 ,-1.24,-5.45%,678429470,United States,2022,158645,Health Care,Biotechnology: Pharmaceutical Preparations
NVDA,NVIDIA Corporation Common Stock,$200.75 ,5.71,2.93%,4.85815E+12,United States,1999,139646891,Technology,Semiconductors
NVEC,NVE Corporation Common Stock,$116.27 ,1.45,1.26%,562417291,United States,,203919,Technology,Semiconductors
NVNO,enVVeno Medical Corporation Common Stock,$10.60 ,-0.0262,-0.25%,7077291,United States,2018,2345,Health Care,Medical/Dental Instruments
NVTS,Navitas Semiconductor Corporation Common Stock,$10.86 ,-0.15,-1.36%,2835475280,United States,,13069427,Technology,Semiconductors
NWBI,Northwest Bancshares Inc. Common Stock,$15.74 ,0.05,0.32%,2302992607,United States,2009,1646739,Finance,Major Banks
NWE,NorthWestern Energy Group Inc. Common Stock,$68.74 ,-0.99,-1.42%,4228061020,United States,,433165,Utilities,Power Generation
NWFL,Norwood Financial Corp. Common Stock,$33.99 ,0.29,0.86%,370174859,United States,,42173,Finance,Major Banks
NWL,Newell Brands Inc. Common Stock,$5.60 ,0.46,8.95%,2379595523,United States,,44333767,Industrials,Plastic Products
NWPX,NWPX Infrastructure Inc. Common Stock,$123.08 ,-3.79,-2.99%,1186122945,United States,1995,596964,Industrials,Steel/Iron Ore
NWS,News Corporation Class B Common Stock,$31.27 ,-0.53,-1.67%,17118660185,United States,,885068,Consumer Discretionary,Newspapers/Magazines
NWSA,News Corporation Class A Common Stock,$27.56 ,-0.53,-1.89%,15087632706,United States,,4083671,Consumer Discretionary,Newspapers/Magazines
NWTG,Newton Golf Company Inc. Common Stock,$1.06 ,0.01,0.95%,4867587,United States,2023,19994,Consumer Discretionary,Recreational Games/Products/Toys
NXGL,NexGel Inc Common Stock,$0.42 ,-0.0287,-6.47%,3829398,United States,2021,62878,Health Care,Medical/Dental Instruments
NXGLW,NexGel Inc Warrant,$0.02 ,0,0.00%,140224,United States,2021,6,Health Care,Medical/Dental Instruments
NXL,Nexalin Technology Inc. Common Stock,$0.34 ,-0.0042,-1.23%,7435418,United States,2022,78092,Health Care,Biotechnology: Electromedical & Electrotherapeutic Apparatus
NXPL,NextPlat Corp Common Stock,$6.05 ,-0.12,-1.95%,16386467,United States,,50550,Telecommunications,Telecommunications Equipment
NXST,Nexstar Media Group Inc. Common Stock,$190.53 ,-1.9,-0.99%,5818589001,United States,2003,302006,Industrials,Broadcasting
NXT,Nextpower Inc. Class A Common Stock,$89.87 ,-7.03,-7.26%,13629078926,United States,2023,6190411,Industrials,Industrial Machinery/Components
NXTC,NextCure Inc. Common Stock,$4.15 ,-0.885,-17.59%,14972138,United States,2019,384054,Health Care,Biotechnology: Pharmaceutical Preparations
NXXT,NextNRG Inc. Common Stock,$0.27 ,0.0039,1.46%,42766775,United States,2021,1261442,Consumer Discretionary,Retail-Auto Dealers and Gas Stations
OABI,OmniAb Inc. Common Stock,$1.98 ,-0.01,-0.50%,287045706,United States,2021,275286,Health Care,Biotechnology: Commercial Physical & Biological Resarch
OABIW,OmniAb Inc. Warrant,$0.08 ,0,0.00%,12090713,United States,2021,50,Health Care,Biotechnology: Commercial Physical & Biological Resarch
OACC,Oaktree Acquisition Corp. III Life Sciences Class A Ordinary Share,$10.74 ,-0.01,-0.09%,0,United States,2024,156232,Finance,Blank Checks
OACCU,Oaktree Acquisition Corp. III Life Sciences Unit,$11.00 ,0.1888,1.75%,0,United States,2024,1000,Finance,Blank Checks
OACCW,Oaktree Acquisition Corp. III Life Sciences Warrant,$1.02 ,0.08,8.51%,0,United States,2024,200,Finance,Blank Checks
OBAI,Our Bond Inc. Common Stock,$0.53 ,0.0176,3.44%,15876987,United States,,388547,Consumer Discretionary,Telecommunications Equipment
OBIO,Orchestra BioMed Holdings Inc. Ordinary Shares,$3.98 ,-0.01,-0.25%,238325246,United States,2020,153858,Health Care, Medicinal Chemicals and Botanical Products 
OBT,Orange County Bancorp Inc. Common Stock,$38.25 ,0.48,1.27%,512852328,United States,,53877,Finance,Major Banks
OCC,Optical Cable Corporation Common Stock,$14.86 ,0.68,4.80%,131170587,United States,,222604,Industrials,Telecommunications Equipment
OCCI,OFS Credit Company Inc. Common Stock,$2.46 ,0.055,2.29%,28576615,United States,2018,252495,Finance,Trusts Except Educational Religious and Charitable
OCCIM,OFS Credit Company Inc. 7.875% Series F Term Preferred Stock,$25.01 ,-0.09,-0.36%,0,United States,,1335,,
OCCIN,OFS Credit Company Inc. 5.25% Series E Term Preferred Stock Due 2026,$24.87 ,0.03,0.12%,288902604,United States,,4893,Finance,Trusts Except Educational Religious and Charitable
OCFC,OceanFirst Financial Corp. Common Stock,$19.31 ,-0.33,-1.68%,1112257332,United States,,1309060,Finance,Major Banks
OCGN,Ocugen Inc. Common Stock,$1.23 ,-0.03,-2.38%,416381883,United States,2014,4100486,Health Care,Biotechnology: Biological Products (No Diagnostic Substances)
OCSL,Oaktree Specialty Lending Corporation Common Stock,$11.61 ,-0.1,-0.85%,1022672922,United States,,391845,Finance,Finance: Consumer Services
OCTV,Octave Intelligence plc Class B Ordinary Shares,$18.24 ,0.275,1.53%,4896305253,United States,,859741,Technology,Computer Software: Prepackaged Software
OCUL,Ocular Therapeutix Inc. Common Stock,$8.17 ,-0.3,-3.54%,1788906125,United States,2014,2150831,Health Care,Biotechnology: Pharmaceutical Preparations
ODFL,Old Dominion Freight Line Inc. Common Stock,$212.14 ,-0.33,-0.16%,44118391556,United States,1991,1746013,Industrials,Trucking Freight/Courier Services
ODTX,Odyssey Therapeutics Inc. Common Stock,$18.93 ,0.51,2.77%,909232888,United States,2026,183248,Health Care,Biotechnology: Biological Products (No Diagnostic Substances)
OESX,Orion Energy Systems Inc. Common Stock,$10.10 ,0.17,1.71%,40970933,United States,2015,21555,Consumer Discretionary,Building Products
OFLX,Omega Flex Inc. Common Stock,$29.46 ,0.5,1.73%,297378726,United States,,19283,Industrials,Industrial Specialties
OFS,OFS Capital Corporation Common Stock,$3.36 ,0.07,2.13%,45017542,United States,,31982,Finance,Finance/Investors Services
OFSSH,OFS Capital Corporation 4.95% Notes due 2028,$23.60 ,0,0.00%,316194641,United States,,28458,Finance,Finance Companies
OFSSO,OFS Capital Corporation 7.50% Notes due 2028,$25.18 ,-0.37,-1.45%,0,United States,,801,,
OHAC,Oceanhawk Acquisition Corp. Class A Ordinary Shares,$9.93 ,0,0.00%,0,United States,2026,37103,,
OHACR,Oceanhawk Acquisition Corp. Rights,$0.21 ,-0.0008,-0.38%,0,United States,2026,692125,,
OIM,OneIM Acquisition Corp. Class A Ordinary Shares,$10.11 ,-0.01,-0.10%,0,United States,2026,401,,
OKTA,Okta Inc. Class A Common Stock,$141.93 ,1.51,1.08%,24668479314,United States,2017,2610508,Technology,Computer Software: Prepackaged Software
OKUR,OnKure Therapeutics Inc. Class A Common Stock,$3.82 ,-0.18,-4.50%,154310734,United States,2021,239438,Health Care,Biotechnology: Pharmaceutical Preparations
OLB,The OLB Group Inc. Common Stock,$0.29 ,0.0066,2.32%,4277760,United States,,57441,Consumer Discretionary,Business Services
OLED,Universal Display Corporation Common Stock,$80.16 ,-0.2,-0.25%,3747551423,United States,,1676777,Technology,Electrical Products
OLLI,Ollie's Bargain Outlet Holdings Inc. Common Stock,$73.47 ,0.73,1.00%,4441503363,United States,2015,1558751,Consumer Discretionary,Department/Specialty Retail Stores
OLMA,Olema Pharmaceuticals Inc. Common Stock,$11.45 ,-0.37,-3.13%,1000128543,United States,2020,709803,Health Care,Biotechnology: Pharmaceutical Preparations
OLOX,Olenox Industries Inc. Common Stock,$4.79 ,0.04,0.84%,6738577,United States,2017,7527,Consumer Discretionary,RETAIL: Building Materials
OM,Outset Medical Inc. Common Stock,$4.57 ,-0.18,-3.79%,84715191,United States,2020,72919,Health Care,Biotechnology: Electromedical & Electrotherapeutic Apparatus
OMCL,Omnicell Inc. Common Stock ($0.001 par value),$35.37 ,-1.74,-4.69%,1608589011,United States,2001,1121434,Technology,Computer Manufacturing
OMDA,Omada Health Inc. Common Stock,$19.84 ,0.15,0.76%,1179458379,United States,2025,1526083,Health Care,Medical/Nursing Services
OMER,Omeros Corporation Common Stock,$11.84 ,-0.09,-0.75%,856924203,United States,2009,1307607,Health Care,Biotechnology: Pharmaceutical Preparations
OMEX,Odyssey Marine Exploration Inc. Common Stock,$0.60 ,-0.0515,-7.95%,34921887,United States,,542693,Consumer Discretionary,Marine Transportation
ON,ON Semiconductor Corporation Common Stock,$81.61 ,-2.13,-2.54%,31983219418,United States,,7384671,Technology,Semiconductors
ONB,Old National Bancorp Common Stock,$26.64 ,0.23,0.87%,10191664800,United States,,5132850,Finance,Major Banks
ONBPO,Old National Bancorp Depositary Shares Each Representing a 1/40th Interest in a Share of Series C Preferred Stock,$25.05 ,0.02,0.08%,9583378500,United States,,5630,Finance,Major Banks
ONBPP,Old National Bancorp Depositary Shares Each Representing a 1/40th Interest in a Share of Series A Preferred Stock,$25.08 ,-0.1,-0.40%,9594855600,United States,,4522,Finance,Major Banks
ONCH,1RT Acquisition Corp. Class A Ordinary Share,$10.27 ,-0.01,-0.10%,0,United States,2025,526165,,
ONCHU,1RT Acquisition Corp. Units,$10.40 ,0,0.00%,0,United States,2025,383,,
ONCHW,1RT Acquisition Corp. Warrant,$0.55 ,0,0.00%,0,United States,2025,14,Finance,Blank Checks
ONCO,Onconetix Inc. Common Stock,$0.83 ,0.0403,5.13%,3051756,United States,2022,115562,Health Care,Biotechnology: Pharmaceutical Preparations
ONDS,Ondas Inc. Common Stock,$7.49 ,-0.09,-1.19%,4268241828,United States,,59356385,Technology,Radio And Television Broadcasting And Communications Equipment
ONEW,OneWater Marine Inc. Class A Common Stock,$12.25 ,-0.15,-1.21%,203564877,United States,2020,126998,Consumer Discretionary,Auto & Home Supply Stores
ONFO,Onfolio Holdings Inc. Common Stock,$0.08 ,-0.0052,-6.18%,556186,United States,2022,297721545,Technology,EDP Services
ONFOW,Onfolio Holdings Inc. Warrant,$0.01 ,0.0013,11.30%,90116,United States,2022,6786,Technology,EDP Services
OPAL,OPAL Fuels Inc. Class A Common Stock,$2.35 ,0.13,5.86%,410677965,United States,2021,323212,Utilities,Natural Gas Distribution
OPBK,OP Bancorp Common Stock,$15.60 ,-0.16,-1.02%,232350128,United States,2018,59449,Finance,Major Banks
OPCH,Option Care Health Inc. Common Stock,$23.03 ,0.57,2.54%,3449554146,United States,,3435056,Health Care,Medical/Nursing Services
OPEN,Opendoor Technologies Inc Common Stock,$3.77 ,-0.05,-1.31%,3637057103,United States,,28787218,Finance,Real Estate
OPENL,Opendoor Technologies Inc  Series A Warrants each whole warrant exercisable to purchase one share of Common Stock at an exercise price of $13.00 per warrant,$0.18 ,-0.0001,-0.06%,173652594,United States,,87599,Finance,Real Estate
OPENW,Opendoor Technologies Inc  Series K Warrants each whole warrant exercisable to purchase one share of Common Stock at an exercise price of $9.00 per warrant,$0.33 ,0.0193,6.25%,316337142,United States,,143207,Finance,Real Estate
OPENZ,Opendoor Technologies Inc  Series Z Warrants each whole warrant exercisable to purchase one share of Common Stock at an exercise price of $17.00 per warrant,$0.16 ,0.0057,3.63%,157059124,United States,,170653,Finance,Real Estate
OPI,Office Properties Income Trust Common shares of beneficial interest,$18.79 ,0.41,2.23%,1801861507,United States,,54383,Finance,Real Estate
OPK,OPKO Health Inc. Common Stock,$1.32 ,-0.015,-1.12%,985153257,United States,,2828006,Health Care,Biotechnology: Pharmaceutical Preparations
OPRT,Oportun Financial Corporation Common Stock,$5.54 ,-0.09,-1.60%,254300221,United States,2019,358442,Finance,Finance: Consumer Services
OPRX,OptimizeRx Corporation Common Stock,$6.05 ,-0.22,-3.51%,113528704,United States,,274446,Consumer Discretionary,Business Services
OPTX,Syntec Optics Holdings Inc. Class A Common Stock,$6.53 ,0.14,2.19%,263027603,United States,2022,316012,Technology,Electronic Components
OPTXW,Syntec Optics Holdings Inc. Warrant,$0.98 ,-0.0663,-6.32%,39574980,United States,2022,64854,Technology,Electronic Components
OPXS,Optex Systems Holdings Inc. Common Stock,$11.29 ,0.14,1.26%,78576966,United States,,24231,Technology,Electronic Components
ORBS,Eightco Holdings Inc. Common Stock,$0.60 ,-0.0059,-0.97%,234087364,United States,,15043710,,
ORGO,Organogenesis Holdings Inc. Class A Common Stock,$2.37 ,-0.08,-3.27%,304958679,United States,2016,1058072,Health Care,Biotechnology: Pharmaceutical Preparations
ORIC,Oric Pharmaceuticals Inc. Common Stock,$11.07 ,-0.57,-4.90%,1145939411,United States,2020,1238875,Health Care,Biotechnology: Pharmaceutical Preparations
ORKA,Oruka Therapeutics Inc. Common Stock,$96.51 ,-1.35,-1.38%,5820720868,United States,,758567,Health Care,Biotechnology: In Vitro & In Vivo Diagnostic Substances
ORLY,O'Reilly Automotive Inc. Common Stock,$89.35 ,1.99,2.28%,74045692309,United States,1993,5870567,Consumer Discretionary,Auto & Home Supply Stores
ORRF,Orrstown Financial Services Inc. Common Stock,$42.73 ,-0.06,-0.14%,839551007,United States,,115625,Finance,Major Banks
OSBC,Old Second Bancorp Inc. Common Stock,$25.29 ,0.02,0.08%,1300724688,United States,,336685,Finance,Major Banks
OSIS,OSI Systems Inc. Common Stock (DE),$221.39 ,1.47,0.67%,3649147017,United States,1997,198866,Technology,Semiconductors
OSPN,OneSpan Inc. Common Stock,$15.48 ,0.07,0.45%,573887718,United States,,318360,Technology,EDP Services
OSPRU,Osprey Acquisition Corp. III Units,$10.06 ,0,0.00%,0,United States,2026,4,Finance,Blank Checks
OSRH,OSR Health Inc. Common Stock,$0.45 ,0.018,4.19%,15733174,United States,2023,476216,Health Care,Medical/Dental Instruments
OSRHW,OSR Health Inc. Warrant,$0.04 ,-0.0065,-15.66%,1229154,United States,2023,18533,Health Care,Medical/Dental Instruments
OSS,One Stop Systems Inc. Common Stock,$12.23 ,0.23,1.92%,302925078,United States,2018,1241178,Technology,Computer Manufacturing
OSUR,OraSure Technologies Inc. Common Stock,$4.05 ,0.08,2.02%,278836640,United States,,434922,Health Care,Medical/Dental Instruments
OTGA,OTG Acquisition Corp. I Class A Ordinary Share ,$10.17 ,-0.01,-0.10%,0,United States,2025,140006,Finance,Blank Checks
OTGAU,OTG Acquisition Corp. I Unit,$10.35 ,0,0.00%,0,United States,2025,14,Finance,Blank Checks
OTGAW,OTG Acquisition Corp. I Warrants,$0.41 ,0,0.00%,0,United States,2025,80,Finance,Blank Checks
OTLK,Outlook Therapeutics Inc. Common Stock,$0.98 ,-0.0634,-6.10%,182621268,United States,2016,8094588,Health Care,Biotechnology: Biological Products (No Diagnostic Substances)
OTTR,Otter Tail Corporation Common Stock,$88.42 ,-0.98,-1.10%,3712238543,United States,,200314,Utilities,Electric Utilities: Central
OUST,Ouster Inc. Common Stock,$39.01 ,3.48,9.80%,2616906543,United States,,4008849,Industrials,Industrial Machinery/Components
OVBC,Ohio Valley Banc Corp. Common Stock,$42.06 ,-0.06,-0.14%,198144702,United States,,41498,Finance,Major Banks
OVID,Ovid Therapeutics Inc. Common Stock,$2.22 ,-0.15,-6.33%,414341026,United States,2017,1742247,Health Care,Biotechnology: Pharmaceutical Preparations
OVLY,Oak Valley Bancorp (CA) Common Stock,$33.87 ,0.46,1.38%,284963822,United States,,26233,Finance,Major Banks
OXLC,Oxford Lane Capital Corp. Common Stock,$9.16 ,0.19,2.12%,1590176000,United States,2011,1153093,Finance,Investment Managers
OXLCG,Oxford Lane Capital Corp. 7.95% Notes due 2032,$25.15 ,0.1,0.40%,0,United States,,2825,Finance,Investment Managers
OXLCI,Oxford Lane Capital Corp. 8.75% Notes due 2030,$25.62 ,0.01,0.04%,0,United States,,2017,,
OXLCL,Oxford Lane Capital Corp. 6.75% Notes due 2031,$24.60 ,0.04,0.16%,4270560000,United States,,6887,Finance,Finance Companies
OXLCM,Oxford Lane Capital Corp. Preferred Stock Shares 8.25% Series 2031,$24.76 ,-0.1,-0.40%,4298336000,United States,,9645,Finance,Investment Managers
OXLCN,Oxford Lane Capital Corp. 7.125% Series 2029 Term Preferred Stock,$24.78 ,0.03,0.12%,4301808000,United States,,772,Finance,Investment Managers
OXLCO,Oxford Lane Capital Corp. Preferred Stock Shares 6.00% Series 2029,$23.92 ,-0.0825,-0.34%,4152078000,United States,,824,Finance,Investment Managers
OXLCZ,Oxford Lane Capital Corp. 5.00% Notes due 2027,$24.93 ,0.023,0.09%,4326980000,United States,,10664,Finance,Finance Companies
OXSQ,Oxford Square Capital Corp. Common Stock,$1.55 ,0.11,7.64%,162840275,United States,2003,3459023,Finance,Blank Checks
OXSQG,Oxford Square Capital Corp. 5.50% Notes due 2028,$24.06 ,0,0.00%,1534014112,United States,,7,Consumer Discretionary,Other Consumer Services
OXSQH,Oxford Square Capital Corp. 7.75% Notes due 2030,$24.91 ,-0.01,-0.04%,0,United States,,1456,Finance,Blank Checks
OYSE,Oyster Enterprises II Acquisition Corp Class A Ordinary Shares,$10.32 ,0,0.00%,0,United States,2025,806,Finance,Blank Checks
OZK,Bank OZK Common Stock,$51.30 ,0.31,0.61%,5803883572,United States,,990045,Finance,Major Banks
OZKAP,Bank OZK 4.625% Series A Non-Cumulative Perpetual Preferred Stock,$16.29 ,-0.23,-1.39%,1842987590,United States,,35091,Finance,Major Banks
PAA,Plains All American Pipeline L.P. Common Units representing Limited Partner Interests,$24.57 ,0.1675,0.69%,17334913451,United States,1998,3223467,Energy,Natural Gas Distribution
PAAC,Proem Acquisition Corp I Ordinary Shares,$9.96 ,0,0.00%,144091320,United States,2026,6,,
PAACW,Proem Acquisition Corp I Warrants,$0.33 ,-0.026,-7.22%,0,United States,2026,6583,Finance,Blank Checks
PACB,Pacific Biosciences of California Inc. Common Stock,$1.40 ,-0.08,-5.41%,434842363,United States,2010,3135239,Industrials,Biotechnology: Laboratory Analytical Instruments
PACH,Pioneer Acquisition I Corp Class A Ordinary Shares,$10.27 ,0,0.00%,0,United States,2025,72,,
PACHU,Pioneer Acquisition I Corp Units,$10.40 ,0,0.00%,0,United States,2025,29,,
PACHW,Pioneer Acquisition I Corp Warrants,$0.24 ,0,0.00%,0,United States,2025,10,,
PAGP,Plains GP Holdings L.P. Class A Units representing Limited Partner Interests,$26.33 ,0.1625,0.62%,5210815585,United States,,1931699,Energy,Natural Gas Distribution
PAHC,Phibro Animal Health Corporation Class A Common Stock,$36.33 ,-0.12,-0.33%,1473716132,United States,2014,205488,Health Care,Biotechnology: Pharmaceutical Preparations
PAL,Proficient Auto Logistics Inc. Common Stock,$6.84 ,0.11,1.63%,189947306,United States,2024,113186,Consumer Discretionary,Transportation Services
PALI,Palisade Bio Inc. Common Stock,$1.90 ,-0.065,-3.32%,328933475,United States,,1848567,Health Care,Biotechnology: Biological Products (No Diagnostic Substances)
PALO,Paloma Acquisition Corp I Class A Ordinary Shares,$9.95 ,0.02,0.20%,0,United States,2026,804,Finance,Blank Checks
PALOU,Paloma Acquisition Corp I Units,$10.05 ,0,0.00%,0,United States,2026,2,Finance,Blank Checks
PAMT,PAMT CORP Common Stock,$16.12 ,-0.465,-2.81%,337500264,United States,,20872,Industrials,Trucking Freight/Courier Services
PANL,Pangaea Logistics Solutions Ltd. Common Shares,$7.61 ,0.07,0.93%,497807564,United States,2013,296381,Consumer Discretionary,Marine Transportation
PANW,Palo Alto Networks Inc. Common Stock,$331.83 ,6.15,1.89%,2.70441E+11,United States,,5024541,Technology,Computer peripheral equipment
PARK,Park Dental Partners Inc. Common Stock,$17.88 ,0.14,0.79%,80729166,United States,2025,6535,Health Care,Misc Health and Biotechnology Services
PASG,Passage Bio Inc. Common Stock,$4.47 ,-0.02,-0.45%,14338911,United States,2020,4980,Health Care,Biotechnology: Biological Products (No Diagnostic Substances)
PATK,Patrick Industries Inc. Common Stock,$82.55 ,-1.45,-1.73%,2715335559,United States,,437336,Consumer Discretionary,Auto Parts:O.E.M.
PAVM,PAVmed Inc. Common Stock,$4.95 ,-0.1051,-2.08%,36000058,United States,2016,4163,Health Care,Medical/Dental Instruments
PAYO,Payoneer Global Inc. Common Stock,$7.17 ,0.01,0.14%,2400363021,United States,,6668257,Consumer Discretionary,Business Services
PAYS,Paysign Inc. Common Stock,$8.96 ,-0.2,-2.18%,500915726,United States,,270246,Technology,EDP Services
PAYX,Paychex Inc. Common Stock,$116.84 ,0.51,0.44%,41557985362,United States,1983,3286403,Industrials,Diversified Commercial Services
PBAM,Private Bancorp of America Inc. Common Stock,$84.10 ,0.6,0.72%,479478573,United States,,36104,Finance,Major Banks
PBFS,Pioneer Bancorp Inc. Common Stock,$17.22 ,-0.41,-2.33%,431822513,United States,2019,14852,Finance,Banks
PBHC,Pathfinder Bancorp Inc. Common Stock (MD),$16.35 ,0.07,0.43%,79726083,United States,,9918,Finance,Major Banks
PBLS,Parabilis Medicines Inc. Common Stock,$33.98 ,1.7,5.27%,4035149432,United States,2026,355934,Health Care,Biotechnology: Pharmaceutical Preparations
PBYI,Puma Biotechnology Inc Common Stock,$7.93 ,0.04,0.51%,403632686,United States,,264877,Health Care,Biotechnology: Pharmaceutical Preparations
PCAP,ProCap Acquisition Corp Class A Ordinary Shares,$10.32 ,0,0.00%,0,United States,2025,5099,Finance,Blank Checks
PCAPU,ProCap Acquisition Corp Unit,$10.45 ,0.07,0.67%,0,United States,2025,5576,,
PCAPW,ProCap Acquisition Corp Warrant,$0.32 ,0,0.00%,0,United States,2025,100,Finance,Blank Checks
PCAR,PACCAR Inc. Common Stock,$132.68 ,-1.08,-0.81%,69838101964,United States,,3183306,Consumer Discretionary,Motor Vehicles
PCB,PCB Bancorp Common Stock,$27.87 ,0.2,0.72%,396721730,United States,2018,67391,Finance,Major Banks
PCRX,Pacira BioSciences Inc. Common Stock,$26.41 ,-0.56,-2.08%,1039178673,United States,2011,540088,Health Care,Biotechnology: Pharmaceutical Preparations
PCSA,Processa Pharmaceuticals Inc. Common Stock,$2.15 ,0.11,5.39%,7151825,United States,,394171,Health Care,Biotechnology: Pharmaceutical Preparations
PCT,PureCycle Technologies Inc. Common stock,$6.37 ,0.02,0.32%,1278570794,United States,,2993486,Industrials,Major Chemicals
PCTTW,PureCycle Technologies Inc. Warrant,$1.75 ,0.1701,10.77%,351275784,United States,,3221,Industrials,Major Chemicals
PCTY,Paylocity Holding Corporation Common Stock,$137.90 ,1.185,0.87%,7383457878,United States,2014,526191,Technology,Computer Software: Prepackaged Software
PCVX,Vaxcyte Inc. Common Stock,$54.08 ,-1.88,-3.36%,7809026643,United States,2020,793273,Health Care,Biotechnology: Pharmaceutical Preparations
PCYO,Pure Cycle Corporation Common Stock,$10.51 ,-0.2,-1.87%,253263359,United States,,63400,Utilities,Water Supply
PDEX,Pro-Dex Inc. Common Stock,$58.57 ,1.92,3.39%,186999895,United States,,67851,Health Care,Medical/Dental Instruments
PDFS,PDF Solutions Inc. Common Stock,$46.09 ,-0.06,-0.13%,1839963038,United States,2001,693513,Technology,Computer Software: Prepackaged Software
PDLB,Ponce Financial Group Inc. Common Stock,$20.18 ,0.08,0.40%,488111842,United States,2017,86139,Finance,Savings Institutions
PDSB,PDS Biotechnology Corporation Common Stock,$0.69 ,-0.0129,-1.85%,38367951,United States,2015,163786,Health Care,Biotechnology: Pharmaceutical Preparations
PDYN,Palladyne AI Corp. Common Stock,$5.23 ,0.05,0.97%,247087297,United States,,543388,Technology,Computer Software: Prepackaged Software
PDYNW,Palladyne AI Corp Warrants,$0.01 ,-0.0023,-17.29%,519686,United States,,16469,Technology,Computer Software: Prepackaged Software
PEBK,Peoples Bancorp of North Carolina Inc. Common Stock,$43.00 ,0,0.00%,234844070,United States,,25601,Finance,Major Banks
PEBO,Peoples Bancorp Inc. Common Stock,$41.66 ,0.1,0.24%,1497258484,United States,,318790,Finance,Major Banks
PECE,Peace Acquisition Corp Ordinary Shares,$9.94 ,0,0.00%,0,United States,2026,8,Finance,Blank Checks
PECER,Peace Acquisition Corp Right,$0.32 ,-0.03,-8.57%,0,United States,2026,37600,Finance,Blank Checks
PECEU,Peace Acquisition Corp Units,$10.32 ,0,0.00%,0,United States,2026,887,Finance,Blank Checks
PECEW,Peace Acquisition Corp Warrant,$0.06 ,-0.01,-14.29%,0,United States,2026,16300,Finance,Blank Checks
PECO,Phillips Edison & Company Inc. Common Stock,$42.49 ,0.05,0.12%,5468463000,United States,2021,808954,Real Estate,Real Estate Investment Trusts
PEGA,Pegasystems Inc. Common Stock,$30.55 ,0.52,1.73%,5022571070,United States,1996,2934416,Technology,EDP Services
PENG,Penguin Solutions Inc. Common Stock,$52.63 ,1.2,2.33%,2696903248,United States,2017,2788611,Technology,Semiconductors
PENN,PENN Entertainment Inc. Common Stock,$20.53 ,0.015,0.07%,2747804407,United States,1994,2677071,Consumer Discretionary,Hotels/Resorts
PEP,PepsiCo Inc. Common Stock,$139.56 ,-0.64,-0.46%,1.90484E+11,United States,,9696914,Consumer Staples,Beverages (Production/Distribution)
PEPG,PepGen Inc. Common Stock,$1.76 ,-0.02,-1.12%,121737818,United States,2022,296802,Health Care,Biotechnology: Pharmaceutical Preparations
PESI,Perma-Fix Environmental Services Inc. Common Stock,$16.60 ,-0.23,-1.37%,351978963,United States,,323584,Industrials,Environmental Services
PETS,PetMed Express Inc. Common Stock,$1.95 ,-0.03,-1.52%,41675166,United States,,77183,Consumer Staples,Retail-Drug Stores and Proprietary Stores
PFBC,Preferred Bank Common Stock,$104.44 ,-0.05,-0.05%,1499414792,United States,,59398,Finance,Major Banks
PFG,Principal Financial Group Inc Common Stock,$113.70 ,-0.25,-0.22%,24343697682,United States,2001,2897423,Finance,Accident &Health Insurance
PFIS,Peoples Financial Services Corp. Common Stock,$70.36 ,-0.75,-1.06%,704365587,United States,,172588,Finance,Major Banks
PFSA,Profusa Inc. Common Stock,$1.06 ,0,0.00%,561800,United States,,1721991,Health Care,Medical/Dental Instruments
PFX,PhenixFIN Corporation Common Stock,$43.01 ,0,0.00%,83121126,United States,,68,Finance,Finance: Consumer Services
PFXNZ,PhenixFIN Corporation  5.25% Notes due 2028,$23.80 ,0,0.00%,47692082,United States,,6,Finance,Finance: Consumer Services
PGAC,Pantages Capital Acquisition Corporation Class A Ordinary Shares,$10.68 ,-0.06,-0.56%,0,United States,2025,2934,,
PGACR,Pantages Capital Acquisition Corporation Right,$0.17 ,0,0.00%,0,United States,2025,149,,
PGC,Peapack-Gladstone Financial Corporation Common Stock,$45.98 ,-0.04,-0.09%,814691020,United States,,205667,Finance,Commercial Banks
PGEN,Precigen Inc. Common Stock,$6.27 ,0.33,5.56%,2235323845,United States,,5618843,Health Care,Biotechnology: Pharmaceutical Preparations
PGNY,Progyny Inc. Common Stock,$31.13 ,-0.36,-1.14%,2438486678,United States,2019,974654,Health Care,Misc Health and Biotechnology Services
PGY,Pagaya Technologies Ltd. Class A Ordinary Shares,$19.27 ,1.63,9.24%,1597953824,United States,,7157621,Finance,Finance: Consumer Services
PGYWW,Pagaya Technologies Ltd. Warrants,$0.03 ,0.0022,7.91%,2487733,United States,,112676,Finance,Finance: Consumer Services
PHAT,Phathom Pharmaceuticals Inc. Common Stock,$8.75 ,-0.28,-3.10%,697864589,United States,2019,3311801,Health Care,Biotechnology: Pharmaceutical Preparations
PHIO,Phio Pharmaceuticals Corp. Common Stock,$1.03 ,-0.005,-0.49%,11907681,United States,,94091,Health Care,Biotechnology: Pharmaceutical Preparations
PI,Impinj Inc. Common Stock,$151.36 ,3.87,2.62%,4624715952,United States,2016,530735,Technology,Industrial Machinery/Components
PIII,P3 Health Partners Inc. Class A Common Stock,$9.83 ,-0.39,-3.82%,71218173,United States,2021,12695,Health Care,Medical/Nursing Services
PIIIW,P3 Health Partners Inc. Warrant,$0.01 ,-0.0003,-2.38%,89113,United States,2021,22965,Health Care,Medical/Nursing Services
PKBK,Parke Bancorp Inc. Common Stock,$34.15 ,0.38,1.13%,400611943,United States,,37882,Finance,Major Banks
PKOH,Park-Ohio Holdings Corp. Common Stock,$39.93 ,0.605,1.54%,574918888,United States,,77880,Industrials,Industrial Specialties
PLAB,Photronics Inc. Common Stock,$30.29 ,0.71,2.40%,1786010412,United States,1987,970555,Technology,Semiconductors
PLAY,Dave & Buster's Entertainment Inc. Common Stock,$10.84 ,0,0.00%,377109443,United States,2014,1089813,Consumer Discretionary,Restaurants
PLBC,Plumas Bancorp,$61.31 ,0.13,0.21%,427216418,United States,,35664,Finance,Finance Companies
PLBY,Playboy Inc. Common Stock,$1.11 ,-0.04,-3.48%,128723438,United States,2020,832094,Consumer Discretionary,Other Specialty Stores
PLCE,Children's Place Inc. (The) Common Stock,$2.44 ,0,0.00%,54258443,United States,1997,113860,Consumer Discretionary,Clothing/Shoe/Accessory Stores
PLCIU,Pelican Acquisition II Corporation Unit,$9.95 ,0,0.00%,0,United States,2026,217861,Finance,Blank Checks
PLMK,Plum Acquisition Corp. IV Class A Ordinary Shares,$10.58 ,0,0.00%,0,United States,2025,147,,
PLMKW,Plum Acquisition Corp. IV Warrants,$0.44 ,-0.01,-2.22%,0,United States,2025,3013,,
PLMR,Palomar Holdings Inc. Common stock,$133.79 ,-2.51,-1.84%,3545952901,United States,2019,253299,Finance,Property-Casualty Insurers
PLPC,Preformed Line Products Company Common Stock,$356.98 ,-11.48,-3.12%,1744922524,United States,,163090,Industrials,Water Sewer Pipeline Comm & Power Line Construction
PLRX,Pliant Therapeutics Inc. Common Stock,$1.04 ,-0.02,-1.89%,64397059,United States,2020,334102,Health Care,Biotechnology: Pharmaceutical Preparations
PLSE,Pulse Biosciences Inc Common Stock (DE),$35.13 ,0.09,0.26%,2431337183,United States,2016,277962,Health Care,Medical/Dental Instruments
PLTR,Palantir Technologies Inc. Class A Common Stock,$123.06 ,0.8,0.65%,2.95013E+11,United States,,29008698,Technology,Computer Software: Prepackaged Software
PLUG,Plug Power Inc. Common Stock,$2.06 ,-0.03,-1.44%,2873842309,United States,1999,37971688,Energy,Industrial Machinery/Components
PLUS,ePlus inc. Common Stock,$92.41 ,1.42,1.56%,2580123147,United States,1996,325702,Technology,Retail: Computer Software & Peripheral Equipment
PLXS,Plexus Corp. Common Stock,$251.34 ,9.35,3.86%,6724958854,United States,,348500,Technology,Electrical Products
PLYX,Polaryx Therapeutics Inc. Common Stock,$2.31 ,0.16,7.44%,115144244,United States,,202504,Health Care,Biotechnology: Pharmaceutical Preparations
PMCB,PharmaCyte  Biotech Inc. Common Stock,$0.58 ,-0.024,-4.00%,6183734,United States,,155631,Health Care,Biotechnology: Biological Products (No Diagnostic Substances)
PMTR,Perimeter Acquisition Corp. I Class A Ordinary Shares,$10.40 ,0.005,0.05%,0,United States,2025,3682,Finance,Blank Checks
PMTRW,Perimeter Acquisition Corp. I Warrant,$0.89 ,-0.0043,-0.48%,0,United States,2025,252,Finance,Blank Checks
PMTS,CPI Card Group Inc. Common Stock,$21.07 ,0.49,2.38%,241791061,United States,,20399,Consumer Discretionary,Publishing
PMVP,PMV Pharmaceuticals Inc. Common Stock,$1.11 ,-0.02,-1.77%,59198260,United States,2020,111557,Health Care,Biotechnology: Pharmaceutical Preparations
PNBK,Patriot National Bancorp Inc. Common Stock,$1.14 ,0.05,4.59%,134143403,United States,,314956,Finance,Major Banks
PNRG,PrimeEnergy Resources Corporation Common Stock,$184.10 ,3.44,1.90%,297873800,United States,,87692,Energy,Oil & Gas Production
PNTG,The Pennant Group Inc. Common Stock ,$40.32 ,-0.81,-1.97%,1401827898,United States,,217150,Health Care,Medical/Nursing Services
POCI,Precision Optics Corporation Inc. Common stock,$4.24 ,0.08,1.92%,46406245,United States,,29541,Health Care,Biotechnology: Electromedical & Electrotherapeutic Apparatus
PODC,PodcastOne Inc. Common Stock,$3.39 ,-0.09,-2.59%,102369044,United States,,45203,Technology,Computer Software: Programming Data Processing
PODD,Insulet Corporation Common Stock,$165.35 ,-0.33,-0.20%,11452913846,United States,2007,1314035,Health Care,Medical/Dental Instruments
POLA,Polar Power Inc. Common Stock,$1.63 ,-0.06,-3.55%,6278245,United States,2016,262787,Miscellaneous,Industrial Machinery/Components
POLE,Andretti Acquisition Corp. II Class A Ordinary Shares,$10.81 ,0.011,0.10%,0,United States,2024,32168,,
POLEW,Andretti Acquisition Corp. II Warrant,$0.22 ,0,0.00%,0,United States,2024,61,,
POOL,Pool Corporation Common Stock,$185.71 ,-4.97,-2.61%,6748840125,United States,1995,1006444,Consumer Discretionary,Industrial Specialties
POWI,Power Integrations Inc. Common Stock,$60.71 ,-0.16,-0.26%,3382760229,United States,1997,578470,Technology,Semiconductors
POWL,Powell Industries Inc. Common Stock,$208.68 ,-0.62,-0.30%,7602556513,United States,,692307,Energy,Electrical Products
POWW,Outdoor Holding Company Common Stock,$2.14 ,0.01,0.47%,248589877,United States,,349444,Industrials,Ordnance And Accessories
POWWP,Outdoor Holding Company 8.75% Series A Cumulative Redeemable Perpetual Preferred Stock,$24.35 ,0,0.00%,2828581079,United States,,56,Industrials,Ordnance And Accessories
PPC,Pilgrim's Pride Corporation Common Stock,$27.36 ,-1.98,-6.75%,6509544306,United States,,1971469,Consumer Staples,Meat/Poultry/Fish
PPHC,Public Policy Holding Company Inc. Common Stock,$10.85 ,0.27,2.55%,272712352,United States,2026,145444,,
PPIH,Perma-Pipe International Holdings Inc. Common Stock,$24.15 ,-0.11,-0.45%,196235969,United States,,63917,Industrials,Pollution Control Equipment
PPLI,People Incorporated Common Stock,$41.57 ,0.12,0.29%,3092288209,United States,,994683,Technology,Computer Software: Programming Data Processing
PPSI,Pioneer Power Solutions Inc. Common Stock,$2.91 ,-0.06,-2.02%,32290134,United States,,50648,Industrials,Electrical Products
PRAA,PRA Group Inc. Common Stock,$17.37 ,0.02,0.12%,662507225,United States,2002,330017,Finance,Finance: Consumer Services
PRAX,Praxis Precision Medicines Inc. Common Stock,$307.83 ,0.08,0.03%,8581923000,United States,2020,385219,Health Care,Biotechnology: Pharmaceutical Preparations
PRCH,Porch Group Inc. Common Stock,$14.45 ,0.11,0.77%,1904973036,United States,2020,4980321,Technology,Computer Software: Prepackaged Software
PRCT,PROCEPT BioRobotics Corporation Common Stock,$18.62 ,0.62,3.44%,1059828875,United States,2021,1179177,Health Care,Medical/Dental Instruments
PRDO,Perdoceo Education Corporation Common Stock,$31.81 ,-0.65,-2.00%,1994586661,United States,,1015947,Real Estate,Other Consumer Services
PRGS,Progress Software Corporation Common Stock (DE),$40.59 ,0.25,0.62%,1664715316,United States,1991,492876,Technology,Computer Software: Prepackaged Software
PRHI,Presurance Holdings Inc. Common Stock,$5.73 ,0.68,13.47%,21465302,United States,2015,13182,Finance,Property-Casualty Insurers
PRHIZ,Presurance Holdings Inc. 9.75% Senior Unsecured Notes due 2028,$19.50 ,0,0.00%,238346180,United States,,1,Finance,Property-Casualty Insurers
PRLD,Prelude Therapeutics Incorporated Common Stock,$4.60 ,-0.45,-8.91%,366368412,United States,2020,292396,Health Care,Biotechnology: Pharmaceutical Preparations
PRME,Prime Medicine Inc. Common Stock,$2.92 ,-0.1,-3.31%,527402957,United States,2022,1836849,Health Care,Biotechnology: Biological Products (No Diagnostic Substances)
PROK,ProKidney Corp. Class A Ordinary Shares,$1.54 ,-0.04,-2.53%,465171824,United States,2021,809065,Health Care,Biotechnology: Biological Products (No Diagnostic Substances)
PROP,Prairie Operating Co. Common Stock,$0.71 ,-0.0089,-1.23%,69849184,United States,,732654,Finance,Finance: Consumer Services
PROV,Provident Financial Holdings Inc. Common Stock,$17.76 ,0,0.00%,111065552,United States,,4653,Finance,Savings Institutions
PRPL,Purple Innovation Inc. Common Stock,$8.10 ,0.83,11.42%,35312339,United States,2015,77498,Consumer Discretionary,Home Furnishings
PRPO,Precipio Inc.  Common Stock,$21.65 ,0.46,2.17%,38696604,United States,,21135,Industrials,Biotechnology: Laboratory Analytical Instruments
PRSO,Peraso Inc. Common Stock,$0.65 ,0.005,0.78%,9798059,United States,,262886,Technology,Semiconductors
PRTA,Prothena Corporation plc Ordinary Shares,$8.12 ,-0.29,-3.45%,425108284,United States,,545527,Health Care,Biotechnology: Pharmaceutical Preparations
PRTH,Priority Technology Holdings Inc. Common Stock,$6.50 ,-0.11,-1.66%,535308605,United States,2016,162931,Consumer Discretionary,Business Services
PRTS,CarParts.com Inc. Common Stock,$5.40 ,0.17,3.25%,43733255,United States,2007,10083,Consumer Discretionary,Auto & Home Supply Stores
PRVA,Privia Health Group Inc. Common Stock,$23.67 ,-0.19,-0.80%,2982712893,United States,2021,969216,Health Care,Medical/Nursing Services
PSEC,Prospect Capital Corporation Common Stock,$2.13 ,-0.02,-0.93%,1067146301,United States,2004,3216507,Finance,Finance: Consumer Services
PSIX,Power Solutions International Inc. Common Stock,$27.61 ,-0.22,-0.79%,636422925,United States,,434543,Industrials,Industrial Machinery/Components
PSKY,Paramount Skydance Corporation Class B Common Stock,$7.96 ,0.15,1.92%,8908617542,United States,,15136508,Industrials,Broadcasting
PSMT,PriceSmart Inc. Common Stock,$193.91 ,1.52,0.79%,5984164209,United States,,326553,Consumer Discretionary,Department/Specialty Retail Stores
PSNL,Personalis Inc. Common Stock,$12.66 ,0.38,3.09%,1325769101,United States,2019,2744315,Health Care,Medical Specialities
PSTV,PLUS THERAPEUTICS Inc. Common Stock ,$3.87 ,0.22,6.03%,26637620,United States,,96162,Health Care,Medical/Dental Instruments
PTAC,Patriot Acquisition Corp. Class A Ordinary Shares,$9.93 ,0,0.00%,0,United States,2026,110387,Finance,Blank Checks
PTACU,Patriot Acquisition Corp. Units,$10.05 ,0,0.00%,0,United States,2026,900,,
PTACW,Patriot Acquisition Corp. Warrants,$0.15 ,0,0.00%,0,United States,2026,2,Finance,Blank Checks
PTC,PTC Inc. Common Stock,$137.20 ,0.9,0.66%,15847394525,United States,,2341993,Technology,Computer Software: Prepackaged Software
PTCT,PTC Therapeutics Inc. Common Stock,$68.01 ,-7.51,-9.94%,5641384477,United States,2013,4329785,Health Care,Biotechnology: Pharmaceutical Preparations
PTEN,Patterson-UTI Energy Inc. Common Stock,$10.48 ,0.63,6.40%,3978393003,United States,1993,13030967,Energy,Oil & Gas Production
PTGX,Protagonist Therapeutics Inc. Common Stock,$136.64 ,-2,-1.44%,8787506007,United States,2016,548836,Health Care,Biotechnology: Pharmaceutical Preparations
PTLO,Portillo's Inc. Class A Common Stock,$4.57 ,-0.05,-1.08%,346431153,United States,2021,712419,Consumer Discretionary,Restaurants
PTN,Palatin Technologies Inc. Common Stock,$7.70 ,-0.11,-1.41%,13700418,United States,,5852,Health Care,Biotechnology: Pharmaceutical Preparations
PTON,Peloton Interactive Inc. Class A Common Stock,$6.39 ,0.01,0.16%,2766818401,United States,2019,6434290,Consumer Discretionary,Recreational Games/Products/Toys
PTOR,Praetorian Acquisition Corp. Class A Ordinary Shares,$9.94 ,0.0028,0.03%,0,United States,2026,2796,Finance,Blank Checks
PTORU,Praetorian Acquisition Corp. Units,$10.15 ,0,0.00%,0,United States,2026,93,,
PTORW,Praetorian Acquisition Corp. Warrant,$0.47 ,-0.025,-5.10%,0,United States,2026,591,Finance,Blank Checks
PTRN,Pattern Group Inc. Series A Common Stock,$23.02 ,-0.93,-3.88%,4071457277,United States,2025,1000880,Consumer Discretionary,Catalog/Specialty Distribution
PUBM,PubMatic Inc. Class A Common Stock,$12.60 ,-0.14,-1.10%,585185895,United States,2020,392107,Technology,Computer Software: Programming Data Processing
PULM,Pulmatrix Inc. Common Stock,$1.74 ,0.04,2.35%,6354976,United States,2014,16362,Health Care,Biotechnology: Pharmaceutical Preparations
PURR,Hyperliquid Strategies Inc Common Stock,$6.21 ,-0.09,-1.43%,1245500521,United States,,9104239,Finance,Finance: Consumer Services
PUSA,Aureus Greenway Holdings Inc. Common Stock,$3.02 ,0.02,0.67%,81369618,United States,2025,231034,Consumer Discretionary,Hotels/Resorts
PVLA,Palvella Therapeutics Inc. Common Stock,$139.04 ,-11.15,-7.42%,1994229030,United States,,185699,Health Care,Biotechnology: Pharmaceutical Preparations
PWCM,PowerCompute Inc. Common Stock,$2.12 ,0.19,9.85%,1981481,United States,2015,5985250,Finance,Finance: Consumer Services
PWP,Perella Weinberg Partners Class A Common Stock,$17.65 ,2.74,18.38%,1640293448,United States,2020,3476884,Finance,Finance: Consumer Services
PWRL,Powerlaw Corp. Common Stock,$11.94 ,0.17,1.44%,0,United States,,78753,,
PXLW,Pixelworks Inc.  Common Stock,$6.01 ,0.14,2.39%,38243181,United States,2000,36448,Technology,Semiconductors
PYPL,PayPal Holdings Inc. Common Stock,$57.21 ,-0.44,-0.76%,48940916602,United States,,9770505,Industrials,Diversified Commercial Services
PYXS,Pyxis Oncology Inc. Common Stock,$2.65 ,-0.22,-7.67%,167892027,United States,2021,749737,Health Care,Biotechnology: Pharmaceutical Preparations
PZZA,Papa John's International Inc. Common Stock,$29.90 ,-0.33,-1.09%,983770219,United States,1993,1068861,Consumer Discretionary,Restaurants
QADR,QDRO Acquisition Corp. Class A Ordinary Shares,$9.96 ,0,0.00%,0,United States,2026,121,Finance,Blank Checks
QBTS,D-Wave Quantum Inc. Common Stock,$18.08 ,0.1,0.56%,6630615826,United States,,16504811,Technology,EDP Services
QCLS,Q/C Technologies Inc. Common Stock,$2.61 ,-0.1,-3.69%,20497450,United States,2014,193687,Health Care,Biotechnology: In Vitro & In Vivo Diagnostic Substances
QCOM,QUALCOMM Incorporated Common Stock,$147.61 ,-3.99,-2.63%,1.54991E+11,United States,1991,13788135,Technology,Radio And Television Broadcasting And Communications Equipment
QCRH,QCR Holdings Inc. Common Stock,$102.95 ,-0.15,-0.15%,1699682778,United States,,96405,Finance,Major Banks
QDEL,QuidelOrtho Corporation Common Stock,$16.77 ,0.2,1.21%,1143562886,United States,,739562,Health Care,Biotechnology: In Vitro & In Vivo Diagnostic Substances
QETA,Quetta Acquisition Corporation Common Stock,$11.74 ,0,0.00%,0,United States,2023,93,Finance,Blank Checks
QLYS,Qualys Inc. Common Stock,$144.75 ,3.04,2.15%,5108220118,United States,2012,658859,Technology,Computer Software: Prepackaged Software
QMCO,Quantum Corporation Common Stock,$10.64 ,-0.6,-5.34%,419224863,United States,,1378985,Technology,Electronic Components
QMLS,QumulusAI Inc. Common Stock,$6.76 ,0.12,1.81%,222187214,United States,,197701,Technology,EDP Services
QNCX,Quince Therapeutics Inc. Common Stock,$23.39 ,0.36,1.56%,22874555,United States,2019,35260,Health Care,Biotechnology: Biological Products (No Diagnostic Substances)
QNST,QuinStreet Inc. Common Stock,$15.50 ,0,0.00%,890403235,United States,2010,419992,Consumer Discretionary,Business Services
QNT,Quantinuum Inc. Class A Common Stock,$51.41 ,-0.14,-0.27%,13416505589,United States,2026,1160934,Technology,EDP Services
QQQX,Nuveen NASDAQ 100 Dynamic Overwrite Fund Shares of Beneficial Interest,$29.51 ,0.15,0.51%,0,United States,,62497,Finance,Finance Companies
QRHC,Quest Resource Holding Corporation Common Stock,$1.27 ,-0.05,-3.79%,26763362,United States,,9547,Utilities,Environmental Services
QRVO,Qorvo Inc. Common Stock,$90.57 ,-0.17,-0.19%,7990233301,United States,,1236957,Technology,Semiconductors
QS,QuantumScape Corporation Class A Common Stock,$5.22 ,-0.01,-0.19%,3231772507,United States,,23898464,Miscellaneous,Industrial Machinery/Components
QSEA,Quartzsea Acquisition Corporation Ordinary Shares,$10.62 ,-0.04,-0.38%,0,United States,2025,1782,Finance,Blank Checks
QSEAU,Quartzsea Acquisition Corporation Units,$10.71 ,0,0.00%,0,United States,2025,2,Finance,Blank Checks
QSI,Quantum-Si Incorporated Class A Common Stock,$0.71 ,-0.0076,-1.06%,155132340,United States,2020,1837632,Industrials,Industrial Machinery/Components
QTI,QT Imaging Holdings Inc. Common Stock,$2.69 ,-0.01,-0.37%,37038349,United States,,18411,Health Care,Biotechnology: Electromedical & Electrotherapeutic Apparatus
QTRX,Quanterix Corporation Common Stock,$3.48 ,-0.04,-1.14%,163928814,United States,2017,414362,Industrials,Biotechnology: Laboratory Analytical Instruments
QTTB,Q32 Bio Inc. Common Stock,$15.68 ,0.12,0.77%,466699504,United States,2018,387116,Health Care,Biotechnology: Pharmaceutical Preparations
QUBT,Quantum Computing Inc. Common Stock,$8.10 ,0.08,1.00%,1826833395,United States,,10446124,Technology,Computer Software: Prepackaged Software
QUIK,QuickLogic Corporation Common Stock,$13.11 ,0.24,1.87%,238927207,United States,1999,217007,Technology,Semiconductors
QUMS,Quantumsphere Acquisition Corp. Ordinary Shares,$10.28 ,0,0.00%,0,United States,2025,100,,
RACC,Research Alliance Corporation III Class A Ordinary Shares,$21.75 ,-0.15,-0.69%,0,United States,2026,31353,Finance,Blank Checks
RACD,Research Alliance Corporation IV Class A Ordinary Shares,$11.15 ,0.04,0.36%,0,United States,2026,8739,,
RAIL,FreightCar America Inc. Common Stock,$7.97 ,0,0.00%,261222807,United States,2005,132871,Industrials,Railroads
RAIN,Rain Enhancement Technologies Holdco Inc. Class A Common Stock,$1.44 ,-0.1,-6.49%,14808937,United States,,16170,Technology,Industrial Machinery/Components
RAINW,Rain Enhancement Technologies Holdco Inc. Warrants,$0.15 ,0,0.00%,1580648,United States,,29,Technology,Industrial Machinery/Components
RAND,Rand Capital Corporation Common Stock,$10.01 ,0,0.00%,29727838,United States,,133,Finance,Finance: Consumer Services
RANG,Range Capital Acquisition Corp. Ordinary Shares,$10.73 ,0,0.00%,0,United States,2025,1144,Finance,Blank Checks
RANGR,Range Capital Acquisition Corp. Rights,$0.25 ,0.0199,8.65%,0,United States,2025,411,Finance,Blank Checks
RANI,Rani Therapeutics Holdings Inc. Class A Common Stock,$0.77 ,-0.0462,-5.63%,95897733,United States,2021,436461,Health Care,Biotechnology: Pharmaceutical Preparations
RAPP,Rapport Therapeutics Inc. Common Stock,$40.98 ,-1.8,-4.21%,1959947550,United States,2024,240926,Health Care,Biotechnology: Pharmaceutical Preparations
RARE,Ultragenyx Pharmaceutical Inc. Common Stock,$24.91 ,-1.13,-4.34%,2453366570,United States,2014,1537467,Health Care,Biotechnology: Pharmaceutical Preparations
RAVE,Rave Restaurant Group Inc. Common Stock,$3.15 ,0.05,1.61%,44766433,United States,,33830,Consumer Discretionary,Food Distributors
RBB,RBB Bancorp Common Stock,$26.37 ,0.27,1.03%,446599367,United States,2017,205191,Finance,Major Banks
RBBN,Ribbon Communications Inc. Common Stock,$2.14 ,0.02,0.94%,376937603,United States,,793183,Technology,EDP Services
RBCAA,Republic Bancorp Inc. Class A Common Stock,$99.54 ,1.1,1.12%,1952748844,United States,1998,133711,Finance,Major Banks
RBKB,Rhinebeck Bancorp Inc. Common Stock,$12.00 ,-0.48,-3.85%,134039772,United States,2019,321278,Finance,Banks
RCAT,Red Cat Holdings Inc. Common Stock,$7.53 ,0.15,2.03%,924249978,United States,,7794077,Technology,Computer Software: Prepackaged Software
RCEL,Avita Medical Inc. Common Stock,$4.40 ,-0.09,-2.00%,135417432,United States,,121118,Health Care,Medical/Dental Instruments
RCKT,Rocket Pharmaceuticals Inc. Common Stock,$3.11 ,-0.1,-3.12%,339591937,United States,2015,1275547,Health Care,Biotechnology: Pharmaceutical Preparations
RCKTW,Rocket Pharmaceuticals Inc. Warrant,$0.00 ,-0.0018,-56.25%,152871,United States,,5022,Health Care,Biotechnology: Pharmaceutical Preparations
RCKY,Rocky Brands Inc. Common Stock,$48.84 ,-0.09,-0.18%,368320169,United States,1993,97560,Consumer Discretionary,Shoe Manufacturing
RCMT,RCM Technologies Inc. Common Stock,$28.29 ,-0.185,-0.65%,200508600,United States,,19982,Consumer Discretionary,Professional Services
RDAG,Republic Digital Acquisition Company Class A Ordinary Shares,$10.35 ,-0.01,-0.10%,0,United States,2025,2459,Finance,Blank Checks
RDAGU,Republic Digital Acquisition Company Unit,$10.48 ,0,0.00%,0,United States,2025,6,Finance,Blank Checks
RDAGW,Republic Digital Acquisition Company Warrants,$0.34 ,0,0.00%,0,United States,2025,29,Finance,Blank Checks
RDI,Reading International Inc Class A Common Stock,$1.46 ,0.01,0.69%,33167200,United States,,7472,Consumer Discretionary,Movies/Entertainment
RDIB,Reading International Inc Class B Common Stock,$8.45 ,0,0.00%,191960847,United States,,46,Consumer Discretionary,Movies/Entertainment
RDNT,RadNet Inc. Common Stock,$63.78 ,1.09,1.74%,5015291572,United States,,596199,Health Care,Medical Specialities
RDNW,RideNow Group Inc. Class B Common Stock,$6.18 ,-0.25,-3.89%,238468748,United States,,69388,Technology,EDP Services
RDVT,Red Violet Inc. Common Stock ,$69.38 ,1.02,1.49%,978876939,United States,,236733,Technology,Computer Software: Prepackaged Software
RDZN,Roadzen Inc. Ordinary Shares,$1.15 ,-0.015,-1.29%,97246993,United States,2022,328990,Finance,Specialty Insurers
RDZNW,Roadzen Inc. Warrants,$0.12 ,-0.0129,-9.92%,9902281,United States,2022,12433,Finance,Specialty Insurers
REAL,The RealReal Inc. Common Stock,$12.09 ,0.18,1.51%,1456696632,United States,2019,1831134,Consumer Discretionary,Other Specialty Stores
REBN,Reborn Coffee Inc. Common Stock,$1.35 ,-0.05,-3.57%,11088164,United States,2022,60611,Consumer Discretionary,Restaurants
REFI,Chicago Atlantic Real Estate Finance Inc. Common Stock,$9.76 ,-0.06,-0.61%,206982545,United States,2021,150244,Real Estate,Real Estate Investment Trusts
REFR,Research Frontiers Incorporated Common Stock,$0.40 ,0.01,2.56%,13954088,United States,,78614,Miscellaneous,Multi-Sector Companies
REG,Regency Centers Corporation Common Stock,$80.29 ,-0.07,-0.09%,14700841269,United States,1993,1323656,Real Estate,Real Estate Investment Trusts
REGCO,Regency Centers Corporation 5.875% Series B Cumulative Redeemable Preferred Stock,$21.64 ,-0.02,-0.09%,3962214536,United States,,9330,Real Estate,Real Estate Investment Trusts
REGCP,Regency Centers Corporation 6.25% Series A Cumulative Redeemable Preferred Stock,$22.96 ,-0.19,-0.82%,4203902298,United States,,4884,Real Estate,Real Estate Investment Trusts
REGN,Regeneron Pharmaceuticals Inc. Common Stock,$762.63 ,24.29,3.29%,79953390974,United States,1991,1158368,Health Care,Biotechnology: Pharmaceutical Preparations
REKR,Rekor Systems Inc. Common Stock,$0.62 ,0.0088,1.43%,85839942,United States,,453223,Telecommunications,Telecommunications Equipment
RELL,Richardson Electronics Ltd. Common Stock,$18.29 ,0.16,0.88%,266246103,United States,1983,201433,Technology,Electronic Components
RELY,Remitly Global Inc. Common Stock,$22.77 ,-0.68,-2.90%,4794475769,United States,2021,3108788,Consumer Discretionary,Business Services
RENT,Rent the Runway Inc. Class A Common Stock,$3.61 ,0.055,1.55%,121079077,United States,2021,27241,Consumer Discretionary,Other Specialty Stores
RENX,RenX Enterprises Corp. Common Stock,$1.89 ,0.06,3.28%,4940228,United States,,27034,Finance,Real Estate
REPL,Replimune Group Inc. Common Stock,$11.20 ,5.79,107.02%,941091995,United States,2018,33517999,Health Care,Biotechnology: Biological Products (No Diagnostic Substances)
REVB,Revelation Biosciences Inc. Common Stock,$0.95 ,-0.0453,-4.55%,3712999,United States,2020,21910,Health Care,Biotechnology: Pharmaceutical Preparations
REVBW,Revelation Biosciences Inc. Warrant,$0.01 ,0.0008,8.89%,38303,United States,2020,100,Health Care,Biotechnology: Pharmaceutical Preparations
REYN,Reynolds Consumer Products Inc. Common Stock,$24.94 ,-0.32,-1.27%,5257127091,United States,2020,1091937,Consumer Discretionary,Containers/Packaging
RFIL,RF Industries Ltd. Common Stock,$12.32 ,0.35,2.92%,133687585,United States,,243420,Technology,Electrical Products
RGCO,RGC Resources Inc. Common Stock,$21.40 ,-0.16,-0.74%,222713138,United States,,17142,Utilities,Oil & Gas Production
RGEN,Repligen Corporation Common Stock,$141.01 ,-2.59,-1.80%,7957986917,United States,1986,875342,Health Care,Biotechnology: Biological Products (No Diagnostic Substances)
RGLD,Royal Gold Inc. Common Stock,$198.35 ,-4.69,-2.31%,16833290507,United States,,854626,Industrials,Precious Metals
RGNX,REGENXBIO Inc. Common Stock,$9.69 ,-0.43,-4.25%,500949947,United States,2015,1157474,Health Care,Biotechnology: Biological Products (No Diagnostic Substances)
RGP,Resources Connection Inc. Common Stock,$4.37 ,0.1,2.34%,150518646,United States,,483174,Consumer Discretionary,Business Services
RGS,Regis Corporation Common Stock,$27.38 ,-0.05,-0.18%,68416542,United States,1991,2963,Consumer Discretionary,Other Consumer Services
RGTI,Rigetti Computing Inc. Common Stock,$14.95 ,0.09,0.61%,4969362165,United States,,16069586,Technology,EDP Services
RGTIW,Rigetti Computing Inc. Warrants,$5.75 ,0.045,0.79%,1911293140,United States,,71752,Technology,EDP Services
RICK,RCI Hospitality Holdings Inc. Common Stock,$25.09 ,-0.63,-2.45%,191800505,United States,1995,44883,Consumer Discretionary,Restaurants
RIGL,Rigel Pharmaceuticals Inc. Common Stock,$36.81 ,-1.25,-3.28%,681061565,United States,2000,175031,Health Care,Biotechnology: Pharmaceutical Preparations
RILY,BRC Group Holdings Inc. Common Stock,$7.16 ,0.15,2.14%,287794023,United States,,544516,Finance,Investment Managers
RILYG,BRC Group Holdings Inc. 5.00% Senior Notes due 2026,$24.71 ,0.34,1.40%,753582501,United States,,13137,Finance,Investment Managers
RILYL,BRC Group Holdings Inc. Depositary Shares each representing 1/1000th in a share of 7.375% Series B Cumulative Perpetual Preferred Stock par value $0.0001,$13.22 ,0.2455,1.89%,531373881,United States,,7954,Finance,Investment Managers
RILYN,BRC Group Holdings Inc. 6.50% Senior Notes Due 2026,$24.95 ,0.0638,0.26%,760901797,United States,,21650,Finance,Investment Managers
RILYP,BRC Group Holdings Inc. Depositary Shares each representing a 1/1000th fractional interest in a share of Series A Cumulative Perpetual Preferred Stock,$12.92 ,0.3683,2.94%,519138616,United States,,6727,Finance,Investment Managers
RILYT,BRC Group Holdings Inc. 6.00% Senior Notes Due 2028,$20.82 ,0.46,2.26%,634948914,United States,,17430,Finance,Investment Managers
RILYZ,BRC Group Holdings Inc. 5.25% Senior Notes due 2028,$19.31 ,0.38,2.01%,588898344,United States,,55827,Finance,Investment Managers
RIME,Algorhythm Holdings Inc. Common Stock,$0.40 ,-0.0129,-3.12%,6187352,United States,,164264,Consumer Staples,Diversified Electronic Products
RIOT,Riot Platforms Inc. Common Stock ,$20.17 ,-1.95,-8.82%,7620512555,United States,,20971837,Finance,Finance: Consumer Services
RIVN,Rivian Automotive Inc. Class A Common Stock,$15.22 ,-1.61,-9.57%,20496283825,United States,2021,54404966,Industrials,Auto Manufacturing
RJET,Republic Airways Holdings Inc. Common Stock,$20.65 ,-1.12,-5.15%,967028679,United States,2018,160896,Consumer Discretionary,Air Freight/Delivery Services
RKDA,Arcadia Biosciences Inc. Common Stock,$0.63 ,-0.008,-1.26%,1363572,United States,2015,6040,Consumer Staples,Farming/Seeds/Milling
RKLB,Rocket Lab Corporation Common Stock,$64.95 ,0.27,0.42%,37597442501,United States,2020,13489472,Industrials,Military/Government/Technical
RKTO,Rocket One Inc. Common Stock,$0.80 ,0.0096,1.21%,17873486,United States,2019,573503,Health Care,Biotechnology: Pharmaceutical Preparations
RLAY,Relay Therapeutics Inc. Common Stock,$18.83 ,-0.62,-3.19%,3607567487,United States,2020,1785680,Health Care,Biotechnology: Biological Products (No Diagnostic Substances)
RLMD,Relmada Therapeutics Inc. Common Stock,$5.31 ,-0.04,-0.75%,556967084,United States,,1717959,Health Care,Biotechnology: Pharmaceutical Preparations
RLYB,Rallybio Corporation Common Stock,$15.93 ,-0.14,-0.87%,84399322,United States,2021,18107,Health Care,Biotechnology: Pharmaceutical Preparations
RMBI,Richmond Mutual Bancorporation Inc. Common Stock,$15.65 ,0.13,0.84%,262225406,United States,2019,26902,Finance,Major Banks
RMBS,Rambus Inc. Common Stock,$91.03 ,1.45,1.62%,9873259721,United States,1997,2434870,Technology,Semiconductors
RMCF,Rocky Mountain Chocolate Factory Inc. Common Stock,$0.84 ,-0.0196,-2.28%,7933029,United States,,24415,Consumer Staples,Specialty Foods
RMCO,Royalty Management Holding Corporation Class A Common Stock,$2.26 ,-0.066,-2.84%,34260599,United States,2023,8536,Miscellaneous,Multi-Sector Companies
RMCOW,Royalty Management Holding Corporation Warrant,$0.15 ,0,0.00%,2304253,United States,2023,680,Miscellaneous,Multi-Sector Companies
RMIX,Suncrete Inc. Class A Common Stock,$16.89 ,-0.13,-0.76%,1209351902,United States,,95936,Industrials,Building Materials
RMNI,Rimini Street Inc. (DE) Common Stock,$4.81 ,-0.1,-2.04%,445213600,United States,2015,797676,Consumer Discretionary,Business Services
RMR,The RMR Group Inc. Class A Common Stock,$19.04 ,-0.42,-2.16%,592017974,United States,,148429,Consumer Discretionary,Professional Services
RMSG,Real Messenger Corporation Ordinary Shares,$0.35 ,0.0116,3.46%,5608912,United States,,10311972,Technology,Computer Software: Programming Data Processing
RMSGW,Real Messenger Corporation Warrants,$0.02 ,-0.0069,-23.00%,373496,United States,,10226,Technology,Computer Software: Programming Data Processing
RMTI,Rockwell Medical Inc. Common Stock,$7.19 ,0.09,1.27%,28379146,United States,1998,18095,Health Care,Biotechnology: Pharmaceutical Preparations
RNA,Atrium Therapeutics Inc. Common Stock,$11.35 ,-0.11,-0.96%,194149048,United States,,116301,Health Care,Biotechnology: Pharmaceutical Preparations
RNAC,Cartesian Therapeutics Inc. Common Stock,$7.80 ,0.07,0.91%,229175809,United States,2016,140255,Health Care,Biotechnology: Pharmaceutical Preparations
RNAZ,TransCode Therapeutics Inc. Common Stock,$4.56 ,-0.69,-13.14%,4826673,United States,2021,30126,Health Care,Biotechnology: Pharmaceutical Preparations
RNGT,Range Capital Acquisition Corp II Class A Ordinary Shares,$10.11 ,0,0.00%,0,United States,2025,19,Finance,Blank Checks
RNTX,Rein Therapeutics Inc. Common Stock,$0.74 ,-0.0306,-3.98%,63076482,United States,2017,387666,Health Care,Biotechnology: Pharmaceutical Preparations
RNXT,RenovoRx Inc. Common Stock,$0.96 ,0.0171,1.82%,43218499,United States,2021,244983,Health Care,Biotechnology: Pharmaceutical Preparations
ROAD,Construction Partners Inc. Class A Common Stock,$103.35 ,1.66,1.63%,5842865586,United States,2018,612036,Industrials,Military/Government/Technical
ROC,Rank One Computing Corporation Common stock,$4.42 ,-0.07,-1.56%,84334161,United States,2026,11419,Technology,Computer Software: Prepackaged Software
ROCK,Gibraltar Industries Inc. Common Stock,$42.26 ,-0.61,-1.42%,1253512697,United States,1993,666908,Industrials,Steel/Iron Ore
ROKU,Roku Inc. Class A Common Stock,$145.01 ,-0.08,-0.06%,21401095661,United States,2017,2930452,Telecommunications,Cable & Other Pay Television Services
ROOT,Root Inc. Class A Common Stock,$54.15 ,-3.89,-6.70%,856993928,United States,2020,289277,Finance,Property-Casualty Insurers
ROP,Roper Technologies Inc. Common Stock,$391.97 ,2.72,0.70%,39556577207,United States,1992,839129,Technology,Computer Software: Programming Data Processing
ROST,Ross Stores Inc. Common Stock,$251.07 ,-1.5,-0.59%,80538504751,United States,1985,1610342,Consumer Discretionary,Clothing/Shoe/Accessory Stores
RPAY,Repay Holdings Corporation Class A Common Stock,$4.00 ,0.04,1.01%,358692312,United States,2018,548590,Consumer Discretionary,Business Services
RPD,Rapid7 Inc. Common Stock,$9.65 ,0.17,1.79%,644915464,United States,2015,1345682,Technology,Computer Software: Prepackaged Software
RPID,Rapid Micro Biosystems Inc. Class A Common Stock,$2.13 ,0.02,0.95%,98340400,United States,2021,20561,Industrials,Biotechnology: Laboratory Analytical Instruments
RPRX,Royalty Pharma plc Class A Ordinary Shares ,$58.43 ,-0.59,-1.00%,33645875680,United States,2020,2157023,Health Care,Biotechnology: Pharmaceutical Preparations
RR,Richtech Robotics Inc. Class B Common Stock,$1.42 ,-0.02,-1.39%,317506282,United States,2023,3707346,Industrials,Industrial Machinery/Components
RRBI,Red River Bancshares Inc. Common Stock,$100.55 ,2.04,2.07%,662091183,United States,2019,107989,Consumer Discretionary,Hotels/Resorts
RREV,RRE Ventures Acquisition Corp. Class A Ordinary Shares,$9.90 ,0,0.00%,0,United States,2026,12,Finance,Blank Checks
RREVW,RRE Ventures Acquisition Corp. Warrants,$0.46 ,-0.04,-8.00%,0,United States,2026,1000,Finance,Blank Checks
RRGB,Red Robin Gourmet Burgers Inc. Common Stock,$7.84 ,0.03,0.38%,145037264,United States,2002,170551,Consumer Discretionary,Restaurants
RRR,Red Rock Resorts Inc. Class A Common Stock,$64.44 ,-0.49,-0.76%,6724406665,United States,2016,586286,Consumer Discretionary,Hotels/Resorts
RSSS,Research Solutions Inc Common Stock,$2.20 ,-0.02,-0.90%,72392047,United States,,34628,Technology,EDP Services
RSVR,Reservoir Media Inc. Common Stock,$10.24 ,-0.53,-4.92%,672375951,United States,2021,30834,Consumer Discretionary,Services-Misc. Amusement & Recreation
RTAC,Renatus Tactical Acquisition Corp I Class A Ordinary Shares,$10.46 ,0.02,0.19%,0,United States,2025,20598,Finance,Blank Checks
RTACU,Renatus Tactical Acquisition Corp I Unit,$10.71 ,0.02,0.19%,0,United States,2025,12145,Finance,Blank Checks
RTACW,Renatus Tactical Acquisition Corp I Warrant,$0.62 ,0.0738,13.39%,0,United States,2025,8812,Finance,Blank Checks
RTB,RTB Digital Inc. Common Stock,$15.70 ,-0.87,-5.25%,213833953,United States,,41402,Consumer Discretionary,Professional Services
RUM,RUM Group Inc. Class A Common Stock,$5.84 ,-0.06,-1.02%,2545530960,United States,2021,3408470,Technology,Computer Software: Programming Data Processing
RUMBW,RUM Group Inc. Warrant,$1.46 ,-0.01,-0.68%,636382740,United States,2021,3345,Technology,Computer Software: Programming Data Processing
RUN,Sunrun Inc. Common Stock,$9.81 ,0.29,3.05%,2340168505,United States,2015,7285239,Miscellaneous,Industrial Machinery/Components
RUSHA,Rush Enterprises Inc. Common Stock Cl A,$79.79 ,-0.14,-0.18%,6200663699,United States,,695962,Consumer Discretionary,Retail-Auto Dealers and Gas Stations
RUSHB,Rush Enterprises Inc. Class B,$77.73 ,-0.41,-0.53%,6040576379,United States,,87344,Consumer Discretionary,Retail-Auto Dealers and Gas Stations
RVMD,Revolution Medicines Inc. Common Stock,$187.53 ,-4.64,-2.42%,39868214519,United States,2020,1492107,Health Care,Biotechnology: Biological Products (No Diagnostic Substances)
RVMDW,Revolution Medicines Inc. Warrant,$9.57 ,-0.315,-3.19%,2033485159,United States,,2093,Health Care,Biotechnology: Biological Products (No Diagnostic Substances)
RVSB,Riverview Bancorp Inc Common Stock,$5.30 ,0.01,0.19%,107510214,United States,,62740,Finance,Savings Institutions
RWAY,Runway Growth Finance Corp. Common Stock,$5.46 ,-0.06,-1.09%,231856421,United States,2021,397922,Finance,Finance: Consumer Services
RWAYI,Runway Growth Finance Corp. 7.25% Notes due 2031,$24.80 ,0.02,0.08%,0,United States,,12344,Finance,Finance: Consumer Services
RWAYL,Runway Growth Finance Corp. 7.50% Notes due 2027,$25.33 ,0,0.00%,917367289,United States,,4057,Finance,Finance: Consumer Services
RXRX,Recursion Pharmaceuticals Inc. Class A Common Stock,$3.00 ,-0.04,-1.32%,1589715597,United States,2021,15296920,Health Care,Biotechnology: Biological Products (No Diagnostic Substances)
RXST,RxSight Inc. Common Stock,$6.01 ,-0.07,-1.15%,248793620,United States,2021,540873,Health Care,Ophthalmic Goods
RXT,Rackspace Technology Inc. Common Stock,$4.13 ,-0.08,-1.90%,1048642518,United States,2020,4440566,Technology,Computer Software: Programming Data Processing
RYM,RYTHM Inc. Common Stock,$18.12 ,-0.18,-0.98%,39485799,United States,2021,3559,Consumer Staples,Farming/Seeds/Milling
RYTM,Rhythm Pharmaceuticals Inc. Common Stock,$99.25 ,-6.49,-6.14%,6801861245,United States,2017,447139,Health Care,Biotechnology: Pharmaceutical Preparations
RZLT,Rezolute Inc. Common Stock (NV),$4.72 ,-0.16,-3.28%,454499802,United States,,776993,Health Care,Biotechnology: Pharmaceutical Preparations
SAAQ,Space Asset Acquisition Corp. Class A Ordinary Shares,$10.20 ,0,0.00%,0,United States,2026,204,Finance,Blank Checks
SAAQU,Space Asset Acquisition Corp. Units,$10.46 ,0,0.00%,0,United States,2026,32,Finance,Blank Checks
SAAQW,Space Asset Acquisition Corp. Warrants,$0.95 ,0,0.00%,0,United States,2026,1,Finance,Blank Checks
SABR,Sabre Corporation Common Stock,$1.85 ,-0.02,-1.07%,731329555,United States,2014,3705590,Technology,Computer Software: Programming Data Processing
SABS,SAB Biotherapeutics Inc. Common Stock,$3.57 ,0.01,0.28%,272976816,United States,2021,405032,Health Care,Biotechnology: Biological Products (No Diagnostic Substances)
SABSW,SAB Biotherapeutics Inc. Warrant,$0.02 ,0.006,42.86%,1529282,United States,2021,585405,Health Care,Biotechnology: Biological Products (No Diagnostic Substances)
SAFT,Safety Insurance Group Inc. Common Stock,$103.39 ,0.2,0.19%,1518120241,United States,2002,374278,Finance,Property-Casualty Insurers
SAFX,XCF Global Inc. Class A Common Stock,$0.36 ,-0.0141,-3.77%,119822624,United States,,3122882,Industrials,Major Chemicals
SAIA,Saia Inc. Common Stock,$347.63 ,-3,-0.86%,9271714123,United States,,821605,Industrials,Trucking Freight/Courier Services
SAIC,Science Applications International Corporation Common Stock,$117.13 ,1.41,1.22%,4951883809,United States,,624423,Technology,EDP Services
SAIL,SailPoint Inc. Common Stock,$16.77 ,0.6,3.71%,9511658860,United States,2025,2975046,Technology,Computer Software: Prepackaged Software
SAMG,Silvercrest Asset Management Group Inc. Class A Common Stock,$10.28 ,0.38,3.84%,121795045,United States,2013,57606,Finance,Investment Managers
SANA,Sana Biotechnology Inc. Common Stock,$3.13 ,-0.12,-3.69%,871052677,United States,2021,2307382,Health Care,Biotechnology: Biological Products (No Diagnostic Substances)
SANM,Sanmina Corporation Common Stock,$185.56 ,2.08,1.13%,9945525379,United States,1993,1179875,Technology,Electrical Products
SATA,Strive Inc. Variable Rate Series A Perpetual Preferred Stock,$96.90 ,-0.2584,-0.27%,8107620384,United States,,135605,Technology,Computer Software: Prepackaged Software
SBAC,SBA Communications Corporation Class A Common Stock,$180.98 ,-0.92,-0.51%,19195284817,United States,1999,2157701,Real Estate,Real Estate Investment Trusts
SBC,SBC Medical Group Holdings Incorporated Common Stock,$3.06 ,0.02,0.66%,314711646,United States,2022,51980,Health Care,Medical/Nursing Services
SBCF,Seacoast Banking Corporation of Florida Common Stock,$34.74 ,0.17,0.49%,3378352859,United States,,1595993,Finance,Major Banks
SBET,Sharplink Inc. Common Stock,$6.12 ,-0.29,-4.52%,1299859664,United States,,9245934,Technology,Computer Software: Prepackaged Software
SBFG,SB Financial Group Inc. Common Stock,$26.28 ,-0.32,-1.20%,164910075,United States,,14035,Finance,Major Banks
SBGI,Sinclair Inc. Class A Common Stock,$13.74 ,-0.03,-0.22%,991555083,United States,1995,336889,Industrials,Broadcasting
SBRA,Sabra Health Care REIT Inc. Common Stock,$21.17 ,-0.15,-0.70%,5338864311,United States,,2342592,Real Estate,Real Estate Investment Trusts
SBUX,Starbucks Corporation Common Stock,$105.25 ,-0.6,-0.57%,1.19985E+11,United States,1992,12390948,Consumer Discretionary,Restaurants
SCHL,Scholastic Corporation Common Stock,$40.65 ,-1.19,-2.84%,766763674,United States,1992,259809,Consumer Discretionary,Books
SCII,SC II Acquisition Corp. Class A ordinary share,$10.11 ,0.01,0.10%,0,United States,2026,50013,,
SCKT,Socket Mobile Inc. Common Stock,$0.40 ,-0.0435,-9.76%,3315337,United States,,98047,Technology,Computer Manufacturing
SCLX,Scilex Holding Company Common Stock,$6.67 ,0.065,0.99%,56594295,United States,2021,99840,Health Care,Biotechnology: Biological Products (No Diagnostic Substances)
SCLXW,Scilex Holding Company Warrant,$0.20 ,0.0577,40.92%,1687215,United States,2021,5784,Health Care,Biotechnology: Biological Products (No Diagnostic Substances)
SCNX,Scienture Holdings Inc. Common Stock,$0.38 ,-0.0011,-0.29%,15468151,United States,,124574,Health Care,Other Pharmaceuticals
SCOR,comScore Inc. Common Stock,$7.00 ,-0.45,-6.04%,105655872,United States,2018,8145,Consumer Discretionary,Business Services
SCPQ,Social Commerce Partners Corporation Class A Ordinary Shares,$10.00 ,0,0.00%,0,United States,2026,11,,
SCPQU,Social Commerce Partners Corporation Unit,$10.20 ,0.05,0.49%,0,United States,2025,100,,
SCSC,ScanSource Inc. Common Stock,$56.62 ,0.14,0.25%,1150774832,United States,,235426,Technology,Retail: Computer Software & Peripheral Equipment
SCTX,Scribe Therapeutics Inc. Common Stock,$19.48 ,-0.92,-4.51%,315225555,United States,2026,100230,Health Care,Biotechnology: Biological Products (No Diagnostic Substances)
SCWO,374Water Inc. Common Stock,$2.18 ,-0.06,-2.68%,38140199,United States,,15993,Consumer Discretionary,Metal Fabrications
SCYX,SCYNEXIS Inc. Common Stock,$4.84 ,1.11,29.76%,48062792,United States,2014,3176138,Health Care,Biotechnology: Pharmaceutical Preparations
SDGR,Schrodinger Inc. Common Stock,$15.14 ,-0.21,-1.37%,1131271761,United States,2020,1218219,Health Care,Biotechnology: Pharmaceutical Preparations
SDHI,Siddhi Acquisition Corp Class A Common stock,$10.46 ,0,0.00%,0,United States,2025,50035,Finance,Blank Checks
SDOT,Sadot Group Inc. Common Stock,$13.25 ,-0.79,-5.63%,17490199,United States,2020,259131,Consumer Discretionary,Restaurants
SDST,Stardust Power Inc. Common Stock,$0.54 ,-0.1951,-26.54%,5713053,United States,2021,723166,Industrials,Major Chemicals
SDSTW,Stardust Power Inc. Warrant,$0.09 ,-0.0125,-12.50%,925726,United States,2021,34203,Industrials,Major Chemicals
SEAT,Vivid Seats Inc. Class A Common Stock,$7.70 ,0.13,1.72%,84603065,United States,,50428,Consumer Discretionary,Services-Misc. Amusement & Recreation
SEER,Seer Inc. Class A Common Stock,$2.22 ,0.16,7.77%,122059043,United States,2020,2903357,Industrials,Biotechnology: Laboratory Analytical Instruments
SEGG,Sports Entertainment Gaming Global Corporation Common Stock,$0.49 ,0.0559,12.89%,11168631,United States,2023,951549,Technology,Computer Software: Prepackaged Software
SEIC,SEI Investments Company Common Stock,$102.98 ,-0.06,-0.06%,12359575362,United States,1981,824241,Finance,Investment Bankers/Brokers/Service
SELF,Global Self Storage Inc. Common Stock,$5.10 ,0.01,0.20%,58250833,United States,,21112,Real Estate,Real Estate Investment Trusts
SENEA,Seneca Foods Corp. Class A Common Stock,$165.49 ,-1.81,-1.08%,1120440116,United States,,59374,Consumer Staples,Packaged Foods
SENEB,Seneca Foods Corp. Class B Common Stock,$170.91 ,0,0.00%,1157135900,United States,,28,Consumer Staples,Packaged Foods
SENS,Senseonics Holdings Inc. Common Stock,$5.03 ,-0.04,-0.79%,210268914,United States,,501763,Health Care,Medical/Dental Instruments
SEPN,Septerna Inc. Common Stock,$34.45 ,-0.73,-2.08%,1552852112,United States,2024,241110,Health Care,Biotechnology: Pharmaceutical Preparations
SERA,Sera Prognostics Inc. Class A Common Stock,$2.04 ,-0.06,-2.86%,79883799,United States,2021,24659,Health Care,Medical Specialities
SERV,Serve Robotics Inc. Common Stock,$4.78 ,-0.03,-0.62%,369844355,United States,,2221149,Consumer Discretionary,Industrial Specialties
SEV,Aptera Motors Corp. Class B Common Stock,$1.75 ,-0.03,-1.69%,64564148,United States,,74811,Industrials,Auto Manufacturing
SEVN,Seven Hills Realty Trust Common Stock,$7.54 ,0.01,0.13%,170830809,United States,,232759,Real Estate,Real Estate Investment Trusts
SEZL,Sezzle Inc. Common Stock,$154.75 ,-0.36,-0.23%,5203781190,United States,,286682,Finance,Finance: Consumer Services
SFBC,Sound Financial Bancorp Inc. Common Stock,$47.23 ,1.34,2.92%,121195439,United States,,5014,Finance,Savings Institutions
SFD,Smithfield Foods Inc. Common Stock,$26.04 ,-0.55,-2.07%,10246147929,United States,2025,736760,Consumer Staples,Meat/Poultry/Fish
SFIX,Stitch Fix Inc. Class A Common Stock,$4.02 ,-0.08,-1.95%,536371941,United States,2017,1298518,Consumer Discretionary,Catalog/Specialty Distribution
SFM,Sprouts Farmers Market Inc. Common Stock,$87.16 ,0.31,0.36%,8127462995,United States,2013,2448102,Consumer Staples,Food Chains
SFNC,Simmons First National Corporation Class A Common Stock,$23.59 ,0.18,0.77%,3422064690,United States,,1876356,Finance,Major Banks
SFST,Southern First Bancshares Inc. Common Stock,$62.40 ,1.25,2.04%,590002296,United States,,103088,Finance,Major Banks
SGA,Saga Communications Inc. Class A Common Stock (FL),$8.95 ,-0.07,-0.78%,56957514,United States,,6951,Consumer Discretionary,Broadcasting
SGC,Superior Group of Companies Inc. Common Stock,$11.85 ,-0.4,-3.27%,185263481,United States,,40765,Consumer Discretionary,Apparel
SGHT,Sight Sciences Inc. Common Stock,$5.26 ,0,0.00%,286196295,United States,2021,95838,Health Care,Medical/Dental Instruments
SGLY,Singularity Future Technology Ltd. Common Stock,$5.23 ,0.62,13.45%,4690808,United States,2008,93705,Industrials,Integrated Freight & Logistics
SGMT,Sagimet Biosciences Inc. Series A Common Stock,$7.11 ,-0.2,-2.74%,439055348,United States,2023,616143,Health Care,Biotechnology: Pharmaceutical Preparations
SGP,SpyGlass Pharma Inc. Common Stock,$22.53 ,-0.19,-0.84%,753253488,United States,2026,61849,Health Care,Medical/Dental Instruments
SGRY,Surgery Partners Inc. Common Stock,$15.40 ,-0.5,-3.15%,2014290771,United States,2015,1138197,Health Care,Hospital/Nursing Management
SHAZ,SharonAI Holdings Inc. Class A Common Stock,$48.25 ,-0.52,-1.07%,1708292553,United States,,3385390,Technology,EDP Services
SHBI,Shore Bancshares Inc Common Stock,$24.50 ,0.05,0.20%,819670310,United States,,211199,Finance,Major Banks
SHC,Sotera Health Company Common Stock,$17.86 ,0.01,0.06%,5093082513,United States,2020,1514729,Health Care,Misc Health and Biotechnology Services
SHEN,Shenandoah Telecommunications Co Common Stock,$11.99 ,0.17,1.44%,639842513,United States,,714714,Telecommunications,Telecommunications Equipment
SHFS,SHF Holdings Inc. Class A Common Stock,$0.18 ,0.0076,4.31%,2266797,United States,2021,374113,Finance,Finance: Consumer Services
SHIM,Shimmick Corporation Common Stock,$3.78 ,-0.07,-1.82%,138713375,United States,2023,33978,Industrials,Military/Government/Technical
SHLS,Shoals Technologies Group Inc. Class A Common Stock,$8.74 ,-0.16,-1.80%,1466325681,United States,2021,4145425,Technology,Semiconductors
SHOE,Shoe Station Group Inc. Common Stock,$15.20 ,-0.28,-1.81%,412699882,United States,,340725,Consumer Discretionary,Clothing/Shoe/Accessory Stores
SHOO,Steven Madden Ltd. Common Stock,$46.08 ,-1.75,-3.66%,3367776891,United States,1993,2262100,Consumer Discretionary,Shoe Manufacturing
SHOT,RMG ML Sports Holdings Class A Ordinary Shares,$9.80 ,0,0.00%,0,United States,2026,6,,
SHOTR,RMG ML Sports Holdings Rights,$0.18 ,0,0.00%,0,United States,2026,10,,
SHOTU,RMG ML Sports Holdings Unit,$10.00 ,-0.01,-0.10%,0,United States,2026,142,,
SHPH,Shuttle Pharmaceuticals Holdings Inc. Common Stock,$3.80 ,0.71,22.98%,2223490,United States,2022,3048826,Health Care,Biotechnology: Pharmaceutical Preparations
SIBN,SI-BONE Inc. Common Stock,$17.76 ,-0.23,-1.28%,787643266,United States,2018,366424,Health Care,Medical/Dental Instruments
SIDU,Sidus Space Inc. Class A Common Stock,$1.76 ,-0.08,-4.35%,142322143,United States,2021,4838125,Telecommunications,Telecommunications Equipment
SIEB,Siebert Financial Corp. Common Stock,$1.63 ,0.03,1.88%,66733726,United States,,6357,Finance,Investment Bankers/Brokers/Service
SIGA,SIGA Technologies Inc. Common Stock,$3.27 ,0.02,0.62%,234537797,United States,,661044,Health Care,Biotechnology: Pharmaceutical Preparations
SIGI,Selective Insurance Group Inc. Common Stock,$94.79 ,0.13,0.14%,5646556790,United States,,649479,Finance,Property-Casualty Insurers
SIGIP,Selective Insurance Group Inc. Depositary Shares each representing a 1/1000th interest in a share of 4.60% Non-Cumulative Preferred Stock Series B,$15.89 ,0.16,1.02%,946553301,United States,,21388,Finance,Property-Casualty Insurers
SILO,Silo Pharma Inc. Common Stock,$4.19 ,-0.06,-1.41%,5248436,United States,,4546,Consumer Discretionary,Apparel
SIMA,SIM Acquisition Corp. I Class A Ordinary Shares,$10.94 ,0,0.00%,0,United States,2024,1021,Miscellaneous,Industrial Machinery/Components
SIMAU,SIM Acquisition Corp. I Unit,$10.90 ,-0.05,-0.46%,0,United States,2024,1156,Finance,Blank Checks
SIMAW,SIM Acquisition Corp. I Warrant,$0.27 ,0.0443,19.26%,0,United States,2024,832,Finance,Blank Checks
SINT,SiNtx Technologies Inc. Common Stock,$1.70 ,0.17,11.11%,10807971,United States,2014,28788,Health Care,Medical/Dental Instruments
SION,Sionna Therapeutics Inc. Common Stock,$47.13 ,0.35,0.75%,2127935053,United States,2025,390683,Health Care,Biotechnology: Pharmaceutical Preparations
SIRI,SiriusXM Holdings Inc. Common Stock,$29.62 ,-1.35,-4.36%,9970682504,United States,,5208288,Consumer Discretionary,Broadcasting
SITM,SiTime Corporation Common Stock,$535.20 ,7.33,1.39%,16032193769,United States,2019,471168,Technology,Semiconductors
SKIN,SkinHealth Systems Inc. Class A Common Stock,$0.69 ,0.0096,1.42%,88840827,United States,2020,1085206,Health Care,Medical/Dental Instruments
SKWD,Skyward Specialty Insurance Group Inc. Common Stock,$59.95 ,0.08,0.13%,2430556747,United States,2023,440842,Finance,Property-Casualty Insurers
SKYA,SkyAI Inc. Common Stock,$1.31 ,-0.03,-2.24%,55442040,United States,2022,80922,Health Care,Medical/Dental Instruments
SKYAW,SkyAI Inc. Warrant,$0.03 ,0.0051,20.57%,1265433,United States,2022,3798,Health Care,Medical/Dental Instruments
SKYE,Skye Bioscience Inc. Common Stock,$0.57 ,-0.0118,-2.03%,19979206,United States,,160295,Health Care,Biotechnology: Pharmaceutical Preparations
SKYQ,Sky Quarry Inc. Common Stock,$4.65 ,0.4,9.41%,39562279,United States,2024,6732805,Industrials,Environmental Services
SKYT,SkyWater Technology Inc. Common Stock,$32.46 ,1.88,6.15%,1597181381,United States,2021,2243889,Technology,Semiconductors
SKYW,SkyWest Inc. Common Stock,$106.97 ,-1.29,-1.19%,4153465925,United States,1986,335948,Consumer Discretionary,Air Freight/Delivery Services
SKYX,SKYX Platforms Corp. Common Stock,$1.09 ,-0.02,-1.80%,146587654,United States,2022,764729,Consumer Discretionary,Building Products
SLAB,Silicon Laboratories Inc. Common Stock,$217.50 ,0.57,0.26%,7173546503,United States,2000,280180,Technology,Semiconductors
SLDB,Solid Biosciences Inc. Common Stock,$8.06 ,-0.43,-5.07%,793503824,United States,2018,1060569,Health Care,Biotechnology: Biological Products (No Diagnostic Substances)
SLDE,Slide Insurance Holdings Inc. Common Stock,$19.97 ,-0.26,-1.29%,2287748143,United States,2025,969866,Finance,Property-Casualty Insurers
SLDP,Solid Power Inc. Class A Common Stock,$2.06 ,-0.005,-0.24%,463466406,United States,2021,3337474,Miscellaneous,Industrial Machinery/Components
SLDPW,Solid Power Inc. Warrant,$0.06 ,-0.0041,-6.85%,12554090,United States,2021,29329,Miscellaneous,Industrial Machinery/Components
SLE,Super League Enterprise Inc. Common Stock,$2.66 ,-0.09,-3.27%,4279804,United States,2019,15518,Consumer Discretionary,Services-Misc. Amusement & Recreation
SLM,SLM Corporation Common Stock,$26.00 ,0.155,0.60%,4885681173,United States,,2458361,Finance,Finance: Consumer Services
SLMBP,SLM Corporation Floating Rate Non-Cumulative Preferred Stock Series B,$75.08 ,0.5,0.67%,14111057607,United States,,7770,Finance,Finance: Consumer Services
SLNG,Stabilis Solutions Inc. Common Stock,$4.72 ,-0.046,-0.97%,87774541,United States,,10354,Utilities,Oil/Gas Transmission
SLNH,Soluna Holdings Inc. Common Stock,$1.22 ,-0.08,-6.15%,172443407,United States,,14545121,Technology,EDP Services
SLNHP,Soluna Holdings Inc 9.0% Series A Cumulative Perpetual Preferred Stock ,$11.50 ,0.95,9.01%,1625491133,United States,,37438,Technology,EDP Services
SLP,Simulations Plus Inc. Common Stock,$18.23 ,-0.07,-0.38%,368698797,United States,,377990,Technology,EDP Services
SLRC,SLR Investment Corp. Common Stock,$12.58 ,-0.18,-1.41%,686297296,United States,2010,332672,Finance,Finance/Investors Services
SLS,SELLAS Life Sciences Group Inc. Common Stock,$10.01 ,-0.28,-2.72%,1862186066,United States,,5031621,Health Care,Biotechnology: Pharmaceutical Preparations
SLSN,Solesence Inc. Common Stock,$0.83 ,0.0103,1.26%,58646119,United States,,25997,Consumer Discretionary,Package Goods/Cosmetics
SMBC,Southern Missouri Bancorp Inc. Common Stock,$77.41 ,0.05,0.07%,852720073,United States,,74733,Finance,Banks
SMCI,Super Micro Computer Inc. Common Stock,$28.40 ,0.67,2.42%,17080284889,United States,2020,34861779,Technology,Computer Manufacturing
SMCIP,Super Micro Computer Inc. Depositary Shares representing a 1/20th Interest in a Share of 7% Series A Mandatory Convertible Preferred Stock,$50.37 ,1.04,2.11%,30293448938,United States,,1021025,Technology,Computer Manufacturing
SMID,Smith-Midland Corporation Common Stock,$27.14 ,-1.325,-4.66%,143993343,United States,,18159,Industrials,Building Materials
SMMT,Summit Therapeutics Inc. Common Stock ,$13.02 ,-0.42,-3.13%,10386699818,United States,2015,3993205,Health Care,Biotechnology: Pharmaceutical Preparations
SMPL,The Simply Good Foods Company Common Stock,$10.18 ,-0.2,-1.93%,900528348,United States,,1646633,Consumer Staples,Packaged Foods
SMSI,Smith Micro Software Inc. Common Stock,$2.59 ,0.1,4.02%,14477789,United States,1995,52978,Technology,Computer Software: Prepackaged Software
SMTC,Semtech Corporation Common Stock,$117.82 ,3.21,2.80%,10975070614,United States,,2398590,Technology,Semiconductors
SMTI,Sanara MedTech Inc. Common Stock,$33.86 ,-0.2,-0.59%,310291990,United States,,576560,Health Care,Industrial Specialties
SMTK,SmartKem Inc. Common Stock,$0.22 ,0.0048,2.28%,4613080,United States,,114747,Technology,Semiconductors
SMXT,Solarmax Technology Inc. Common Stock,$0.35 ,-0.033,-8.73%,19632767,United States,2024,171544,Consumer Discretionary,Engineering & Construction
SNAL,Snail Inc. Class A Common Stock,$4.74 ,0.02,0.42%,41918162,United States,2022,77935,Technology,Computer Software: Prepackaged Software
SND,Smart Sand Inc. Common Stock,$4.31 ,0.14,3.36%,185268285,United States,2016,346926,Industrials,Mining & Quarrying of Nonmetallic Minerals (No Fuels)
SNDK,Sandisk Corporation Common Stock,"$1,214.83 ",-65.13,-5.09%,1.79904E+11,United States,,21095809,Technology,Electronic Components
SNDX,Syndax Pharmaceuticals Inc. Common Stock,$19.05 ,-0.43,-2.21%,1687752809,United States,2016,1206313,Health Care,Biotechnology: Pharmaceutical Preparations
SNES,SenesTech Inc. Common Stock,$1.35 ,0.03,2.27%,7159625,United States,2016,8319,Industrials,Agricultural Chemicals
SNEX,StoneX Group Inc. Common Stock,$76.57 ,-1.05,-1.35%,9102426055,United States,,756661,Finance,Investment Bankers/Brokers/Service
SNFCA,Security National Financial Corporation Class A Common Stock,$9.37 ,-0.03,-0.32%,244028082,United States,,44721,Finance,Finance: Consumer Services
SNGX,Soligenix Inc. Common Stock,$0.37 ,-0.0011,-0.29%,8138113,United States,,321865,Health Care,Biotechnology: Pharmaceutical Preparations
SNOA,Sonoma Pharmaceuticals Inc. Common Stock,$1.10 ,-0.03,-2.66%,5267268,United States,2007,26417,Health Care,Biotechnology: Pharmaceutical Preparations
SNPS,Synopsys Inc. Common Stock,$388.76 ,16.43,4.41%,74439502387,United States,1992,2248569,Technology,Computer Software: Prepackaged Software
SNTI,Senti Biosciences Holdings Inc. Common Stock,$0.34 ,-0.0199,-5.52%,10604789,United States,2021,156742,Health Care,Biotechnology: Biological Products (No Diagnostic Substances)
SNWV,SANUWAVE Health Inc. Common Stock,$6.17 ,-0.12,-1.91%,53055682,United States,,85202,Health Care,Medical/Dental Instruments
SNYR,Synergy CHC Corp. Common Stock,$0.18 ,0.0054,3.17%,2616419,United States,2024,333822,Health Care,Other Pharmaceuticals
SOBR,SOBR Safe Inc. Common Stock,$0.53 ,-0.0302,-5.39%,1487487,United States,,655291,Consumer Discretionary,Newspapers/Magazines
SOCA,Solarius Capital Acquisition Corp. Class A Ordinary Share,$10.31 ,0,0.00%,0,United States,2025,36,,
SOCAU,Solarius Capital Acquisition Corp. Units,$10.37 ,0,0.00%,0,United States,2025,4,Finance,Blank Checks
SOCAW,Solarius Capital Acquisition Corp. Warrant,$0.28 ,-0.025,-8.33%,0,United States,2025,100,,
SOFI,SoFi Technologies Inc. Common Stock  ,$16.31 ,-0.16,-0.97%,20921508972,United States,,56573602,Finance,Finance: Consumer Services
SOLS,Solstice Advanced Materials Inc. Common Stock ,$60.17 ,2.78,4.84%,9555253106,United States,,3965722,Industrials,Aerospace
SONM,DNA X Inc. Common Stock,$3.39 ,0.142,4.37%,5048205,United States,2019,7577,Utilities,Telecommunications Equipment
SONO,Sonos Inc. Common Stock,$14.66 ,0.23,1.59%,1734189732,United States,2018,2465609,Consumer Staples,Consumer Electronics/Appliances
SORN,Soren Acquisition Corp. Class A Ordinary Shares,$9.96 ,0,0.00%,0,United States,2026,6,Finance,Blank Checks
SORNW,Soren Acquisition Corp. Warrant,$0.20 ,0.0033,1.65%,0,United States,2026,7220,Finance,Blank Checks
SOTK,Sono-Tek Corporation Common Stock,$5.17 ,0.04,0.78%,81255458,United States,,27510,Technology,Industrial Machinery/Components
SOUN,SoundHound AI Inc Class A Common Stock,$6.13 ,-0.01,-0.16%,2652877863,United States,,35404574,Technology,Computer Software: Prepackaged Software
SOUNW,SoundHound AI Inc. Warrant,$1.39 ,-0.03,-2.11%,601549793,United States,2021,22964,Technology,Computer Software: Prepackaged Software
SOWG,Sow Good Inc. Common Stock,$2.89 ,-0.1,-3.34%,58147138,United States,,6339,Consumer Staples,Packaged Foods
SPAI,Safe Pro Group Inc. Common Stock,$3.97 ,0.07,1.80%,81856703,United States,2024,42468,Health Care,Industrial Specialties
SPCX,Space Exploration Technologies Corp. Class A Common Stock,$108.37 ,-3.83,-3.41%,1.41866E+12,United States,2026,58477256,Technology,Computer Software: Programming Data Processing
SPEG,Silver Pegasus Acquisition Corp Class A Ordinary Shares,$10.31 ,-0.01,-0.10%,0,United States,2025,25007,,
SPEGR,Silver Pegasus Acquisition Corp Rights.,$0.25 ,0,0.00%,0,United States,2025,97,,
SPEGU,Silver Pegasus Acquisition Corp Unit,$10.48 ,-0.07,-0.66%,0,United States,2025,268,,
SPFI,South Plains Financial Inc. Common Stock,$44.84 ,0.16,0.36%,858495609,United States,2019,100699,Finance,Major Banks
SPKL,Spark I Acquisition Corp. Class A Ordinary Share,$11.61 ,0.01,0.09%,0,United States,2023,12459,,
SPKLU,Spark I Acquisition Corp. Unit,$12.83 ,0,0.00%,0,United States,2023,1,,
SPKLW,Spark I Acquisition Corp. Warrant,$1.19 ,-0.11,-8.46%,0,United States,2023,6572,,
SPOK,Spok Holdings Inc. Common Stock,$10.90 ,0.15,1.40%,227874659,United States,,148898,Telecommunications,Telecommunications Equipment
SPRB,Spruce Biosciences Inc. Common Stock,$42.83 ,-0.54,-1.25%,117880067,United States,2020,23409,Health Care,Biotechnology: Pharmaceutical Preparations
SPRO,Spero Therapeutics Inc. Common Stock,$1.17 ,-0.03,-2.50%,67744747,United States,2017,814182,Health Care,Biotechnology: Pharmaceutical Preparations
SPRY,ARS Pharmaceuticals Inc. Common Stock,$5.13 ,-0.5,-8.88%,509425734,United States,2020,2081178,Health Care,Biotechnology: Pharmaceutical Preparations
SPSC,SPS Commerce Inc. Common Stock,$73.39 ,7.56,11.48%,2694345200,United States,2010,1414772,Technology,Computer Software: Prepackaged Software
SPT,Sprout Social Inc Class A Common Stock,$8.58 ,0.11,1.30%,515705516,United States,2019,863158,Technology,Computer Software: Prepackaged Software
SPTX,Seaport Therapeutics Inc. Common Stock,$20.46 ,0.14,0.69%,1095235053,United States,2026,115649,Health Care,Biotechnology: Pharmaceutical Preparations
SPWH,Sportsman's Warehouse Holdings Inc. Common Stock,$1.14 ,-0.02,-1.72%,44482566,United States,2014,122404,Consumer Discretionary,Other Specialty Stores
SPWR,SunPower Inc. Common Stock,$0.30 ,-0.0177,-5.55%,55155239,United States,,3312415,Technology,Semiconductors
SPWRW,SunPower Inc. Warrants,$0.04 ,-0.014,-27.94%,6608377,United States,,58524,Technology,Semiconductors
SQFT,Presidio Property Trust Inc. Class A Common Stock,$2.17 ,0,0.00%,3118355,United States,2020,985,Real Estate,Real Estate Investment Trusts
SQFTP,Presidio Property Trust Inc. 9.375% Series D Cumulative Redeemable Perpetual Preferred Stock $0.01 par value per share,$6.00 ,-0.1501,-2.44%,8622036,United States,,2933,Real Estate,Real Estate Investment Trusts
SQFTW,Presidio Property Trust Inc. Series A Common Stock Purchase Warrants,$0.01 ,-0.0001,-0.71%,20118,United States,,516,Real Estate,Real Estate Investment Trusts
SRBK,SR Bancorp Inc. Common stock,$19.55 ,0.11,0.57%,155116660,United States,2023,41316,Finance,Banks
SRCE,1st Source Corporation Common Stock,$89.74 ,0,0.00%,2161103065,United States,,105248,Finance,Major Banks
SRPT,Sarepta Therapeutics Inc. Common Stock (DE),$14.86 ,-0.7,-4.50%,1568862659,United States,,3591440,Health Care,Biotechnology: Pharmaceutical Preparations
SRRK,Scholar Rock Holding Corporation Common Stock,$47.30 ,-1.695,-3.46%,5667281246,United States,2018,786767,Health Care,Biotechnology: Biological Products (No Diagnostic Substances)
SRTA,Strata Critical Medical Inc. Class A Common Stock,$5.02 ,-0.07,-1.38%,434363381,United States,2019,760776,Consumer Discretionary,Transportation Services
SRTS,Sensus Healthcare Inc. Common Stock,$2.91 ,0.02,0.69%,47904592,United States,2016,6601,Health Care,Medical/Dental Instruments
SRZN,Surrozen Inc. Common Stock,$22.21 ,1.38,6.63%,257866340,United States,,304181,Health Care,Biotechnology: Biological Products (No Diagnostic Substances)
SRZNW,Surrozen Inc. Warrant,$0.01 ,0.0056,90.32%,137002,United States,,500,Health Care,Biotechnology: Biological Products (No Diagnostic Substances)
SSAC,SPACSphere Acquisition Corp. Class A Ordinary Shares,$10.04 ,-0.01,-0.10%,0,United States,2026,56204,Finance,Blank Checks
SSACR,SPACSphere Acquisition Corp. Rights,$0.16 ,0,0.00%,0,United States,2026,500,Finance,Blank Checks
SSACU,SPACSphere Acquisition Corp. Unit,$10.23 ,0,0.00%,0,United States,2026,15,Finance,Blank Checks
SSACW,SPACSphere Acquisition Corp. Warrant,$0.10 ,-0.0148,-13.46%,0,United States,2026,207,Finance,Blank Checks
SSBI,Summit State Bank Common Stock,$12.39 ,-0.105,-0.84%,82680081,United States,2006,21511,Finance,Major Banks
SSEA,"Starry Sea Acquisition Corp	Ordinary Shares",$10.29 ,0,0.00%,0,United States,2025,6,Finance,Blank Checks
SSEAU,Starry Sea Acquisition Corp Unit,$10.41 ,0,0.00%,0,United States,2025,1,Finance,Blank Checks
SSNC,SS&C Technologies Holdings Inc. Common Stock,$77.05 ,-0.12,-0.16%,18556262705,United States,2010,2132148,Technology,Computer Software: Prepackaged Software
SSP,E.W. Scripps Company (The) Class A Common Stock,$2.81 ,-0.015,-0.53%,257229715,United States,,439447,Industrials,Broadcasting
SSTI,SoundThinking Inc. Common Stock,$7.75 ,-0.2,-2.52%,100393012,United States,2017,45604,Technology,Computer Software: Prepackaged Software
SSYS,Stratasys Ltd. Ordinary Shares (Israel),$7.82 ,-0.21,-2.62%,673869255,United States,1994,368708,Technology,Computer peripheral equipment
STAA,STAAR Surgical Company Common Stock,$24.36 ,0.14,0.58%,1212847738,United States,,1477665,Health Care,Ophthalmic Goods
STBA,S&T Bancorp Inc. Common Stock,$52.15 ,-0.06,-0.12%,1876194605,United States,,279368,Finance,Major Banks
STEP,StepStone Group Inc. Class A Common Stock,$43.86 ,0.23,0.53%,5292878658,United States,2020,1078088,Finance,Investment Managers
STEX,Streamex Corp. Common Stock,$0.71 ,-0.039,-5.21%,74024693,United States,,735638,Health Care,Biotechnology: Electromedical & Electrotherapeutic Apparatus
STHO,Star Holdings Shares of Beneficial Interest,$9.37 ,0.05,0.54%,113202090,United States,,15751,Real Estate,Real Estate
STI,Solidion Technology Inc. Common Stock,$6.30 ,0.115,1.86%,53522803,United States,2022,112449,Miscellaneous,Industrial Machinery/Components
STIM,Neuronetics Inc. Common Stock,$1.98 ,0.01,0.51%,137783923,United States,2018,1152963,Health Care,Medical/Dental Instruments
STKS,The ONE Group Hospitality Inc. Common Stock,$1.78 ,-0.01,-0.56%,56184456,United States,,5863,Consumer Discretionary,Restaurants
STLD,Steel Dynamics Inc.,$251.26 ,-1.24,-0.49%,36012615391,United States,1996,902732,Industrials,Steel/Iron Ore
STOK,Stoke Therapeutics Inc. Common Stock,$28.86 ,-1.18,-3.93%,1797448563,United States,2019,715835,Health Care,Biotechnology: Pharmaceutical Preparations
STRA,Strategic Education Inc. Common Stock,$82.00 ,-3.08,-3.62%,1821019838,United States,1996,292012,Real Estate,Other Consumer Services
STRC,Strategy Inc Variable Rate Series A Perpetual Stretch Preferred Stock,$89.46 ,0.46,0.52%,31351066629,United States,,2073822,Technology,Computer Software: Prepackaged Software
STRD,Strategy Inc 10.00% Series A Perpetual Stride Preferred Stock,$57.89 ,-2.26,-3.76%,20287427310,United States,,268095,Technology,Computer Software: Prepackaged Software
STRF,Strategy Inc 10.00% Series A Perpetual Strife Preferred Stock,$94.76 ,-3.24,-3.31%,33208440351,United States,,256531,Technology,Computer Software: Prepackaged Software
STRK,Strategy Inc 8.00% Series A Perpetual Strike Preferred Stock,$59.56 ,-3.46,-5.49%,20872675256,United States,,246910,Technology,Computer Software: Prepackaged Software
STRL,Sterling Infrastructure Inc. Common Stock,$596.77 ,16.04,2.76%,18312456769,United States,,826269,Industrials,Military/Government/Technical
STRO,Sutro Biopharma Inc. Common Stock,$24.17 ,-0.65,-2.62%,400507511,United States,2018,163237,Health Care,Biotechnology: Biological Products (No Diagnostic Substances)
STRR,Star Equity Holdings Inc. Common Stock,$10.80 ,0.188,1.77%,39915612,United States,,2250,Consumer Discretionary,Professional Services
STRRP,Star Equity Holdings Inc. 10% Series A Cumulative Perpetual Preferred Stock,$10.10 ,0,0.00%,37328489,United States,,12,Consumer Discretionary,Professional Services
STRS,Stratus Properties Inc. Common Stock,$19.60 ,0.2,1.03%,156461371,United States,,216801,Real Estate,Homebuilding
STRT,STRATTEC SECURITY CORPORATION Common Stock,$87.89 ,-0.5,-0.57%,367274644,United States,,84514,Consumer Discretionary,Auto Parts:O.E.M.
STRZ,Starz Entertainment Corp. Common Shares,$26.02 ,-1.24,-4.55%,436851836,United States,,103703,Consumer Discretionary,Movies/Entertainment
STTK,Shattuck Labs Inc. Common Stock,$7.07 ,-0.12,-1.67%,542131255,United States,2020,660507,Health Care,Biotechnology: Pharmaceutical Preparations
SUIG,Sui Group Holdings Limited Common Stock,$0.86 ,-0.0099,-1.14%,66058150,United States,,179823,Finance,Finance Companies
SUJA,Suja Life Inc. Class A Common Stock,$10.59 ,0.27,2.62%,409038877,United States,2026,48336,Consumer Staples,Beverages (Production/Distribution)
SUNE,SUNation Energy Inc. Common Stock,$2.17 ,-0.12,-5.24%,8947140,United States,,95633,Utilities,Telecommunications Equipment
SUNS,Sunrise Realty Trust Inc. Common Stock,$7.84 ,-0.17,-2.12%,105982727,United States,,38037,Real Estate,Real Estate Investment Trusts
SUPN,Supernus Pharmaceuticals Inc. Common Stock,$44.63 ,-0.98,-2.15%,2590312748,United States,2012,572106,Health Care,Biotechnology: Pharmaceutical Preparations
SURG,SurgePays Inc. Common Stock,$0.22 ,0.002,0.93%,5476573,United States,,963488,Consumer Discretionary,Advertising
SVAQ,Silicon Valley Acquisition Corp. Class A Ordinary Shares,$10.02 ,0,0.00%,0,United States,2026,50780,Finance,Blank Checks
SVAQU,Silicon Valley Acquisition Corp. Units,$10.35 ,0,0.00%,0,United States,2025,20,Finance,Blank Checks
SVAQW,Silicon Valley Acquisition Corp. Warrants,$0.40 ,-0.0591,-12.87%,0,United States,2026,3103,Finance,Blank Checks
SVC,Service Properties Trust Common Shares of Beneficial Interest,$8.03 ,-0.03,-0.37%,1039414378,United States,,1303568,Real Estate,Real Estate Investment Trusts
SVCC,Stellar V Capital Corp. Class A Ordinary Shares,$10.60 ,-0.035,-0.33%,0,United States,2025,15019,,
SVCCU,Stellar V Capital Corp. Unit,$10.65 ,0,0.00%,0,United States,2025,2,Finance,Blank Checks
SVCO,Silvaco Group Inc. Common Stock,$7.78 ,0.19,2.50%,254316973,United States,2024,352542,Technology,Computer Software: Prepackaged Software
SVIV,Spring Valley Acquisition Corp. IV Class A Ordinary Shares,$10.22 ,0,0.00%,0,United States,2026,7,Finance,Blank Checks
SVIVW,Spring Valley Acquisition Corp. IV Warrants,$1.00 ,0,0.00%,0,United States,2026,81,Finance,Blank Checks
SVRA,Savara Inc. Common Stock,$5.46 ,-0.08,-1.44%,1118902578,United States,,1168557,Health Care,Biotechnology: Pharmaceutical Preparations
SWAG,Stran & Company Inc. Common Stock,$1.97 ,-0.01,-0.51%,36977209,United States,2021,12324,Consumer Discretionary,Advertising
SWBI,Smith & Wesson Brands Inc. Common Stock,$14.55 ,-0.4,-2.68%,650778839,United States,,364311,Industrials,Ordnance And Accessories
SWIM,Latham Group Inc. Common Stock,$5.36 ,-0.02,-0.37%,629326117,United States,2021,506763,Industrials,Plastic Products
SWKHL,SWK Holdings Corporation 9.00% Senior Notes due 2027,$25.24 ,-0.11,-0.43%,306600149,United States,,2419,,
SWKS,Skyworks Solutions Inc. Common Stock,$62.28 ,-0.2,-0.32%,9371444863,United States,,6203528,Technology,Semiconductors
SWMR,Swarmer Inc Common Stock,$36.77 ,-1.53,-4.00%,412201113,United States,2026,207574,Technology,Computer Software: Prepackaged Software
SXTP,60 Degrees Pharmaceuticals Inc. Common Stock,$1.17 ,-0.08,-6.40%,3111367,United States,2023,157179,Health Care,Biotechnology: Pharmaceutical Preparations
SXTPW,60 Degrees Pharmaceuticals Inc. Warrant,$0.03 ,0,0.00%,81374,United States,2023,80,Health Care,Biotechnology: Pharmaceutical Preparations
SYBT,Stock Yards Bancorp Inc. Common Stock,$85.10 ,-1.1,-1.28%,2511742499,United States,,277463,Finance,Major Banks
SYM,Symbotic Inc. Class A Common Stock,$43.05 ,0.11,0.26%,25946528386,United States,2021,1071869,Industrials,Industrial Machinery/Components
SYNA,Synaptics Incorporated Common Stock $0.001 Par Value,$107.32 ,-1.53,-1.41%,4146596354,United States,2002,840147,Technology,Semiconductors
SYPR,Sypris Solutions Inc. Common Stock,$1.86 ,-0.06,-3.13%,42800702,United States,,21153,Industrials,Industrial Machinery/Components
SYRE,Spyre Therapeutics Inc. Common Stock,$98.33 ,-3.17,-3.12%,8646793783,United States,2016,621771,Health Care,Biotechnology: Pharmaceutical Preparations
SZZL,Sizzle Acquisition Corp. II Class A ordinary shares,$10.39 ,0.005,0.05%,0,United States,2025,867830,Finance,Blank Checks
TACH,Titan Acquisition Corp. Class A Ordinary Shares,$10.44 ,0,0.00%,0,United States,2025,240216,Finance,Blank Checks
TACHW,Titan Acquisition Corp. Warrants,$0.58 ,0,0.00%,0,United States,2025,1668,Finance,Blank Checks
TACO,Berto Acquisition Corp. Ordinary Shares,$10.43 ,-0.01,-0.10%,380092480,United States,2025,12177,Finance,Blank Checks
TACOU,Berto Acquisition Corp. Unit,$10.85 ,-0.02,-0.18%,0,United States,2025,2600,Finance,Blank Checks
TACOW,Berto Acquisition Corp. Warrant,$0.72 ,-0.0272,-3.64%,0,United States,2025,22303,Finance,Blank Checks
TACT,TransAct Technologies Incorporated Common Stock,$5.18 ,0.3,6.15%,53231125,United States,1996,14639,Technology,Computer peripheral equipment
TALK,Talkspace Inc. Common Stock,$5.22 ,0.01,0.19%,874415595,United States,2020,1774898,Health Care,Medical/Nursing Services
TAOX,Tao Synergies Inc. Common Stock,$3.29 ,-0.09,-2.66%,24582653,United States,,104134,Health Care,Biotechnology: Pharmaceutical Preparations
TARA,Protara Therapeutics Inc.  Common Stock,$3.92 ,-0.11,-2.73%,220320609,United States,2014,294641,Health Care,Biotechnology: Biological Products (No Diagnostic Substances)
TARS,Tarsus Pharmaceuticals Inc. Common Stock,$59.04 ,-0.5,-0.84%,2540134539,United States,2020,637051,Health Care,Biotechnology: Biological Products (No Diagnostic Substances)
TASK,TaskUs Inc. Class A Common Stock,$6.07 ,0.155,2.62%,555879704,United States,2021,437670,Technology,EDP Services
TAVI,Tavia Acquisition Corp. Ordinary Shares,$10.70 ,0,0.00%,0,United States,2024,3286,Finance,Blank Checks
TAVIR,Tavia Acquisition Corp. Right,$0.13 ,0,0.00%,0,United States,2024,400,Finance,Blank Checks
TAYD,Taylor Devices Inc. Common Stock,$51.33 ,-0.77,-1.48%,165237019,United States,,18029,Industrials,Industrial Machinery/Components
TBBK,The Bancorp Inc Common Stock,$67.07 ,2.29,3.54%,2792421824,United States,2004,633263,Finance,Major Banks
TBCH,Turtle Beach Corporation Common Stock,$12.25 ,-0.01,-0.08%,243130907,United States,,153658,Telecommunications,Telecommunications Equipment
TBLD,Thornburg Income Builder Opportunities Trust Common Stock,$21.91 ,0.1,0.46%,702914057,United States,2021,52759,Finance,Investment Managers
TCBI,Texas Capital Bancshares Inc. Common Stock,$98.85 ,0.11,0.11%,4297441376,United States,2003,349219,Finance,Major Banks
TCBIO,Texas Capital Bancshares Inc. Depositary Shares 5.75% Fixed Rate Non-Cumulative Perpetual Preferred Stock Series B,$20.44 ,0.14,0.69%,888616102,United States,,30935,Finance,Major Banks
TCBK,TriCo Bancshares Common Stock,$57.54 ,-0.4,-0.69%,1836135349,United States,,213673,Finance,Major Banks
TCBS,Texas Community Bancshares Inc. Common Stock,$17.60 ,0.1,0.57%,50782899,United States,2021,2009,Finance,Banks
TCMD,Tactile Systems Technology Inc. Common Stock,$28.17 ,-0.03,-0.11%,635409844,United States,2016,150382,Health Care,Medical/Dental Instruments
TCPC,BlackRock TCP Capital Corp. Common Stock,$3.25 ,0,0.00%,272684019,United States,2012,565401,Finance,Finance/Investors Services
TCRT,Alaunos Therapeutics Inc. Common Stock,$1.88 ,0,0.00%,45913634,United States,,9615,Health Care,Biotechnology: Pharmaceutical Preparations
TCRX,TScan Therapeutics Inc. Common Stock,$0.74 ,-0.0127,-1.68%,48555657,United States,2021,248458,Health Care,Biotechnology: Biological Products (No Diagnostic Substances)
TDAC,Translational Development Acquisition Corp. Ordinary Shares,$10.83 ,0,0.00%,0,United States,2025,12925,,
TDACU,Translational Development Acquisition Corp. Units,$12.57 ,0,0.00%,0,United States,2024,2,,
TDACW,Translational Development Acquisition Corp. Warrants,$1.85 ,-0.065,-3.39%,0,United States,2025,689,,
TDUP,ThredUp Inc. Class A Common Stock,$5.78 ,-0.09,-1.53%,745856090,United States,2021,1317570,Consumer Discretionary,Catalog/Specialty Distribution
TDWD,Tailwind 2.0 Acquisition Corp. Class A Ordinary Shares,$10.04 ,0,0.00%,0,United States,2025,4,Finance,Blank Checks
TEAD,Teads Holding Co. Common Stock,$0.71 ,-0.0162,-2.24%,68679632,United States,2021,139411,Technology,Computer Software: Programming Data Processing
TECH,Bio-Techne Corp Common Stock,$72.09 ,0.06,0.08%,11287041260,United States,,4033553,Health Care,Biotechnology: Biological Products (No Diagnostic Substances)
TECX,Tectonic Therapeutic Inc. Common Stock,$28.03 ,-0.48,-1.68%,528903284,United States,2018,253107,Health Care,Biotechnology: Biological Products (No Diagnostic Substances)
TELA,TELA Bio Inc. Common Stock,$0.73 ,0.0201,2.83%,32674810,United States,2019,19516,Health Care,Medical/Dental Instruments
TELO,Telomir Pharmaceuticals Inc. Common Stock,$1.21 ,-0.04,-3.20%,83217697,United States,2024,43818,Health Care,Biotechnology: Pharmaceutical Preparations
TEM,Tempus AI Inc. Class A Common Stock,$43.87 ,-0.42,-0.95%,7877506328,United States,2024,7300571,Technology,Computer Software: Programming Data Processing
TENB,Tenable Holdings Inc. Common Stock,$32.64 ,0.09,0.28%,3599277199,United States,2018,3448910,Technology,Computer Software: Prepackaged Software
TENX,Tenax Therapeutics Inc. Common Stock,$13.70 ,-1.4,-9.27%,363394678,United States,,1778488,Health Care,Biotechnology: Pharmaceutical Preparations
TER,Teradyne Inc. Common Stock,$367.69 ,2.2,0.60%,57558987546,United States,,3768663,Industrials,Electrical Products
TFSL,TFS Financial Corporation Common Stock,$18.41 ,0.36,1.99%,5162755716,United States,2007,2241754,Finance,Savings Institutions
TGL,Treasure Global Inc. Common Stock,$2.84 ,0.09,3.27%,5551723,United States,2022,13331,Consumer Discretionary,Business Services
TGTX,TG Therapeutics Inc. Common Stock,$52.03 ,-1.5,-2.80%,7964938667,United States,,2489467,Health Care,Biotechnology: Pharmaceutical Preparations
TH,Target Hospitality Corp. Common Stock,$15.20 ,0.7,4.83%,1513699083,United States,2018,1375809,Consumer Discretionary,Hotels/Resorts
THFF,First Financial Corporation Common Stock,$80.55 ,-0.29,-0.36%,957892223,United States,,77322,Finance,Major Banks
THRM,Gentherm Inc Common Stock,$40.58 ,-1.74,-4.11%,1246017341,United States,,490617,Consumer Discretionary,Auto Parts:O.E.M.
THRY,Thryv Holdings Inc. Common Stock,$4.05 ,0,0.00%,179616633,United States,,299110,Consumer Discretionary,Advertising
TIL,Instil Bio Inc. Common Stock,$7.12 ,-0.02,-0.28%,48287669,United States,2021,10384,Health Care,Biotechnology: Biological Products (No Diagnostic Substances)
TILE,Interface Inc. Common Stock,$34.26 ,0.46,1.36%,1989005138,United States,,265071,Consumer Discretionary,Home Furnishings
TIPT,Tiptree Inc. Common Stock,$17.77 ,0.19,1.08%,661749327,United States,,271521,Finance,Property-Casualty Insurers
TITN,Titan Machinery Inc. Common Stock,$16.99 ,-0.74,-4.17%,395904038,United States,2007,468279,Consumer Discretionary,Other Specialty Stores
TKNO,Alpha Teknova Inc. Common Stock,$5.00 ,-0.05,-0.99%,268070140,United States,2021,46982,Health Care,Biotechnology: In Vitro & In Vivo Diagnostic Substances
TLF,Tandy Leather Factory Inc. Common Stock,$2.37 ,-0.03,-1.25%,19300259,United States,,3724,Consumer Discretionary,Apparel
TLN,Talen Energy Corporation Common Stock,$334.10 ,1.56,0.47%,16001604570,United States,,640953,Utilities,Electric Utilities: Central
TLNC,Talon Capital Corp. Class A Ordinary Shares,$10.25 ,-0.05,-0.49%,0,United States,2025,251361,Finance,Blank Checks
TLNCU,Talon Capital Corp. Units,$10.42 ,-0.03,-0.29%,0,United States,2025,317,Finance,Blank Checks
TLNCW,Talon Capital Corp. Warrants,$0.77 ,0,0.00%,0,United States,2025,1,,
TLPH,Talphera Inc. Common Stock,$1.28 ,-0.075,-5.54%,66431549,United States,2011,197348,Health Care,Biotechnology: Pharmaceutical Preparations
TLRY,Tilray Brands Inc. Common Stock ,$4.54 ,0.34,8.10%,529012604,United States,2018,6381591,Health Care, Medicinal Chemicals and Botanical Products 
TLS,Telos Corporation Common Stock,$4.44 ,0.105,2.42%,332197137,United States,2020,318536,Technology,EDP Services
TLSI,TriSalus Life Sciences Inc. Common Stock,$4.54 ,-0.02,-0.44%,278831069,United States,2021,190526,Health Care,Medical Specialities
TLSIW,TriSalus Life Sciences Inc. Warrant,$0.77 ,-0.0001,-0.01%,47290732,United States,2021,25757,Health Care,Medical Specialities
TMCI,Treace Medical Concepts Inc. Common Stock,$4.31 ,-0.07,-1.60%,279602527,United States,2021,208521,Health Care,Medical/Dental Instruments
TMDX,TransMedics Group Inc. Common Stock,$76.51 ,0.38,0.50%,2644255301,United States,2019,532491,Health Care,Biotechnology: Electromedical & Electrotherapeutic Apparatus
TMS,Teamshares Inc. Common Stock,$5.50 ,0.11,2.04%,497107111,United States,2025,195132,,
TMSWW,Teamshares Inc. Warrants,$1.00 ,0,0.00%,90383111,United States,2025,75,,
TMTS,Spartacus Acquisition Corp. II Class A Ordinary Shares,$10.05 ,-0.02,-0.20%,0,United States,2026,485009,,
TMTSW,Spartacus Acquisition Corp. II Warrants,$0.46 ,0.0635,15.88%,0,United States,2026,42756,,
TMUS,T-Mobile US Inc. Common Stock,$172.71 ,-0.63,-0.36%,1.85261E+11,United States,,6744380,Telecommunications,Telecommunications Equipment
TMUSI,T-Mobile US Inc. 5.500% Senior Notes due June 2070,$20.75 ,0.35,1.72%,0,United States,,47966,Telecommunications,Telecommunications Equipment
TMUSL,T-Mobile US Inc. 6.250% Senior Notes due 2069,$23.06 ,0.14,0.61%,0,United States,,51069,Telecommunications,Telecommunications Equipment
TMUSZ,T-Mobile US Inc. 5.500% Senior Notes due March 2070,$20.42 ,0.165,0.82%,0,United States,,60278,Telecommunications,Telecommunications Equipment
TNDM,Tandem Diabetes Care Inc. Common Stock,$19.50 ,0.49,2.58%,1336317236,United States,2013,1834043,Health Care,Medical/Dental Instruments
TNGX,Tango Therapeutics Inc.,$27.18 ,-0.39,-1.42%,3931532151,United States,2020,1687738,Health Care,Biotechnology: Pharmaceutical Preparations
TNON,Tenon Medical Inc. Common Stock,$0.20 ,0.002,1.02%,2346235,United States,2022,258450,Health Care,Medical/Dental Instruments
TNXP,Tonix Pharmaceuticals Holding Corp. Common Stock,$10.01 ,-0.08,-0.79%,159567418,United States,,466915,Health Care,Biotechnology: Pharmaceutical Preparations
TNYA,Tenaya Therapeutics Inc. Common Stock,$0.74 ,-0.0097,-1.29%,160644268,United States,2021,1607928,Health Care,Biotechnology: Biological Products (No Diagnostic Substances)
TOI,The Oncology Institute Inc. Common Stock,$4.86 ,-0.21,-4.14%,485917054,United States,2020,1004884,Health Care,Medical/Nursing Services
TOIIW,The Oncology Institute Inc. Warrant,$0.05 ,-0.001,-2.00%,4899164,United States,2020,901,Health Care,Medical/Nursing Services
TOMZ,TOMI Environmental Solutions Inc. Common Stock,$1.60 ,0,0.00%,13027981,United States,,8791,Industrials,Major Chemicals
TONX,TON Strategy Company Common Stock,$2.98 ,-0.12,-3.87%,168461239,United States,,232462,Consumer Discretionary,Other Consumer Services
TOWN,TowneBank Common Stock,$37.91 ,-0.3,-0.79%,2828742980,United States,,631063,Finance,Major Banks
TPCS,TechPrecision Corporation Common stock,$4.72 ,0.14,3.06%,47315494,United States,,47038,Industrials,Metal Fabrications
TPG,TPG Inc. Class A Common Stock,$43.66 ,0.96,2.25%,16779076939,United States,2022,2452330,Finance,Investment Managers
TPGXL,TPG Operating Group II L.P. 6.950% Fixed-Rate Junior Subordinated Notes due 2064,$22.90 ,-0.08,-0.35%,8354510248,United States,,37952,,
TPST,Tempest Therapeutics Inc. Common Stock,$0.86 ,-0.0074,-0.86%,13683170,United States,,69052,Health Care,Biotechnology: Pharmaceutical Preparations
TRAW,Traws Pharma Inc. Common Stock,$0.45 ,0.0089,2.02%,6852748,United States,2013,80992,Health Care,Biotechnology: Pharmaceutical Preparations
TRAX,First Tracks Biotherapeutics Inc. Ordinary Shares ,$44.04 ,-3.74,-7.83%,1536660459,United States,,869754,Health Care,Biotechnology: Pharmaceutical Preparations
TRDA,Entrada Therapeutics Inc. Common Stock,$6.79 ,0.02,0.30%,263591983,United States,2021,352605,Health Care,Biotechnology: Pharmaceutical Preparations
TREE,LendingTree Inc. Common Stock,$31.86 ,0.14,0.44%,444543153,United States,,555185,Finance,Finance: Consumer Services
TRGS,TRG Latin America Acquisitions Corp. Class A Ordinary Shares,$9.92 ,0,0.00%,0,United States,2026,141786,Finance,Blank Checks
TRGSU,TRG Latin America Acquisitions Corp. Units,$10.05 ,0,0.00%,0,United States,2026,4009,,
TRI,Thomson Reuters Corporation Common Shares,$98.13 ,-0.7,-0.71%,42804841888,United States,,1811673,Consumer Discretionary,Publishing
TRIP,TripAdvisor Inc. Common Stock,$14.17 ,-0.025,-0.18%,1648255959,United States,,1884397,Technology,Computer Software: Programming Data Processing
TRMB,Trimble Inc. Common Stock,$56.58 ,-0.48,-0.84%,13189449745,United States,1990,2585917,Industrials,Industrial Machinery/Components
TRMK,Trustmark Corporation Common Stock,$47.45 ,-0.09,-0.19%,2780833205,United States,,360446,Finance,Major Banks
TRNR,Interactive Strength Inc. Common Stock,$3.02 ,0.04,1.34%,1553488,United States,2023,16313,Technology,Consumer Electronics/Appliances
TRNS,Transcat Inc. Common Stock,$85.37 ,2.03,2.44%,799046980,United States,,73686,Industrials,Electrical Products
TRON,Tron Inc. Common Stock,$1.40 ,-0.08,-5.41%,664134890,United States,2023,624315,Consumer Discretionary,Recreational Games/Products/Toys
TROW,T. Rowe Price Group Inc. Common Stock,$111.75 ,-7.53,-6.31%,23944293221,United States,1986,5188209,Finance,Investment Bankers/Brokers/Service
TRS,TriMas Corporation Common Stock,$39.93 ,1.87,4.91%,1430599462,United States,2007,693102,Industrials,Industrial Specialties
TRST,TrustCo Bank Corp NY Common Stock,$56.98 ,0.42,0.74%,995714731,United States,,113151,Finance,Major Banks
TRUG,TruGolf Holdings Inc. Class A Common Stock,$0.85 ,-0.2217,-20.72%,944740,United States,2021,307907,Consumer Discretionary,Recreational Games/Products/Toys
TRUP,Trupanion Inc. Common Stock,$24.49 ,0.01,0.04%,1068265359,United States,,240065,Health Care,Medical Specialities
TRVI,Trevi Therapeutics Inc. Common Stock,$18.25 ,-0.15,-0.82%,2591129671,United States,2019,1350353,Health Care,Biotechnology: Pharmaceutical Preparations
TSBK,Timberland Bancorp Inc. Common Stock,$44.83 ,-0.05,-0.11%,350927133,United States,,69461,Finance,Banks
TSCO,Tractor Supply Company Common Stock,$30.77 ,0.56,1.85%,16137314684,United States,1994,10821505,Consumer Discretionary,RETAIL: Building Materials
TSHA,Taysha Gene Therapies Inc. Common Stock,$5.86 ,-0.015,-0.26%,1683935577,United States,2020,2287912,Health Care,Biotechnology: Biological Products (No Diagnostic Substances)
TSLA,Tesla Inc. Common Stock,$311.21 ,2.36,0.76%,1.22914E+12,United States,2010,36527153,Industrials,Auto Manufacturing
TSSI,TSS Inc. Common Stock,$9.92 ,0.18,1.85%,278493644,United States,,591282,Consumer Discretionary,Professional Services
TTAN,ServiceTitan Inc. Class A Common Stock,$83.06 ,3.19,3.99%,7923722912,United States,2024,1358280,Technology,Computer Software: Prepackaged Software
TTD,The Trade Desk Inc. Class A Common Stock,$18.04 ,-0.24,-1.31%,8480754832,United States,2016,16431491,Technology,Computer Software: Programming Data Processing
TTEC,TTEC Holdings Inc. Common Stock,$2.49 ,-0.085,-3.30%,121159369,United States,1996,169263,Consumer Discretionary,Professional Services
TTEK,Tetra Tech Inc. Common Stock,$33.16 ,0.71,2.19%,8605839019,United States,1991,3546519,Consumer Discretionary,Military/Government/Technical
TTGT,TechTarget Inc. Common Stock,$4.49 ,0,0.00%,324624499,United States,,451138,Telecommunications,Telecommunications Equipment
TTMI,TTM Technologies Inc. Common Stock,$115.44 ,-0.07,-0.06%,11988450811,United States,2000,2433332,Technology,Electrical Products
TTRX,Turn Therapeutics Inc. Common Stock,$8.36 ,0.11,1.33%,249028014,United States,,46544,Health Care,Biotechnology: Pharmaceutical Preparations
TTWO,Take-Two Interactive Software Inc. Common Stock,$242.92 ,-4.51,-1.82%,45102145776,United States,1997,1929807,Consumer Discretionary,Services-Misc. Amusement & Recreation
TULP,Bloomia Holdings Inc. Common Stock,$3.27 ,0,0.00%,15606261,United States,,630,Consumer Staples,Farming/Seeds/Milling
TUSK,Mammoth Energy Services Inc. Common Stock,$2.65 ,0.05,1.92%,127652215,United States,2016,230615,Energy,Oilfield Services/Equipment
TVA,Texas Ventures Acquisition III Corp Class A Ordinary Share,$10.49 ,-0.01,-0.10%,0,United States,2025,30079,,
TVACW,Texas Ventures Acquisition III Corp Warrants,$0.54 ,0,0.00%,0,United States,2025,2346,,
TVAI,Thayer Ventures Acquisition Corporation II Class A Ordinary Shares,$10.37 ,0.01,0.10%,0,United States,2025,10017,,
TVAIR,Thayer Ventures Acquisition Corporation II Rights,$0.19 ,0.0139,8.08%,0,United States,2025,306,,
TVGN,Tevogen Inc. Common Stock,$7.05 ,0.33,4.91%,45236607,United States,2022,10670,Health Care,Biotechnology: Biological Products (No Diagnostic Substances)
TVGNW,Tevogen Inc. Warrant,$0.05 ,0.0018,4.09%,293878,United States,2022,1104245,Health Care,Biotechnology: Biological Products (No Diagnostic Substances)
TVIV,Texas Ventures Acquisition IV Corp Class A Ordinary Shares,$9.90 ,0,0.00%,0,United States,2026,198,,
TVIVU,Texas Ventures Acquisition IV Corp Units,$10.05 ,0,0.00%,0,United States,2026,4,,
TVIVW,Texas Ventures Acquisition IV Corp Warrant,$0.35 ,0.0493,16.41%,0,United States,2026,1650,,
TVRD,Tvardi Therapeutics Inc. Common Stock,$2.10 ,0,0.00%,26127757,United States,2014,185435,Health Care,Biotechnology: Pharmaceutical Preparations
TVTX,Travere Therapeutics Inc. Common Stock,$55.89 ,-1.39,-2.43%,5197373460,United States,,1715077,Health Care,Biotechnology: Pharmaceutical Preparations
TW,Tradeweb Markets Inc. Class A Common Stock,$100.50 ,2.7,2.76%,23720615111,United States,2019,3439376,Finance,Investment Bankers/Brokers/Service
TWAV,TaoWeave Inc. Common Stock,$1.30 ,0.12,10.17%,4492994,United States,,31731,Technology,Computer Software: Programming Data Processing
TWFG,TWFG Inc. Class A Common Stock,$26.80 ,-0.11,-0.41%,1451717756,United States,2024,75674,Finance,Specialty Insurers
TWIN,Twin Disc Incorporated Common Stock,$22.81 ,0.02,0.09%,328984684,United States,,58158,Industrials,Industrial Machinery/Components
TWLV,Twelve Seas Investment Company III Class A Ordinary Shares,$10.01 ,0,0.00%,0,United States,2026,149,Finance,Blank Checks
TWLVR,Twelve Seas Investment Company III Rights,$0.20 ,0,0.00%,0,United States,2026,3,Finance,Blank Checks
TWST,Twist Bioscience Corporation Common Stock,$91.55 ,0.22,0.24%,5700938797,United States,2018,1494318,Health Care,Biotechnology: Biological Products (No Diagnostic Substances)
TXG,10x Genomics Inc. Class A Common Stock,$47.27 ,-2.16,-4.37%,6001219054,United States,2019,2868958,Industrials,Biotechnology: Laboratory Analytical Instruments
TXMD,TherapeuticsMD Inc. Common Stock,$2.03 ,0,0.00%,23495955,United States,,9545,Health Care,Biotechnology: Pharmaceutical Preparations
TXN,Texas Instruments Incorporated Common Stock,$275.74 ,-1.6,-0.58%,2.51819E+11,United States,,8832268,Technology,Semiconductors
TXRH,Texas Roadhouse Inc. Common Stock,$205.44 ,-2.78,-1.34%,13503492106,United States,2004,492759,Consumer Discretionary,Restaurants
TYGO,Tigo Energy Inc. Common Stock,$1.91 ,0.18,10.41%,144989617,United States,2021,1950647,Technology,Semiconductors
TYRA,Tyra Biosciences Inc. Common Stock,$31.88 ,-1.18,-3.57%,1895915746,United States,2021,712754,Health Care,Biotechnology: Pharmaceutical Preparations
TZOO,Travelzoo Common Stock,$7.23 ,0.1,1.40%,74322296,United States,,154716,Consumer Discretionary,Advertising
UAL,United Airlines Holdings Inc. Common Stock,$121.33 ,-2.23,-1.81%,39381749057,United States,,2655603,Consumer Discretionary,Air Freight/Delivery Services
UBCP,United Bancorp Inc. Common Stock,$15.25 ,0.145,0.96%,88160708,United States,,575,Finance,Major Banks
UBSI,United Bankshares Inc. Common Stock,$48.45 ,0.09,0.19%,6676341686,United States,,1197363,Finance,Major Banks
UCTT,Ultra Clean Holdings Inc. Common Stock,$83.31 ,0.08,0.10%,3734650005,United States,2004,1395268,Technology,Semiconductors
UEIC,Universal Electronics Inc. Common Stock,$4.58 ,-0.01,-0.22%,57846783,United States,1993,53761,Consumer Staples,Consumer Electronics/Appliances
UFCS,United Fire Group Inc. Common Stock,$51.36 ,-0.69,-1.33%,1317700686,United States,,121540,Finance,Property-Casualty Insurers
UFPI,UFP Industries Inc. Common Stock,$86.74 ,0.565,0.66%,4926822892,United States,1993,602523,Basic Materials,Forest Products
UFPT,UFP Technologies Inc. Common Stock,$254.78 ,-0.25,-0.10%,1971217318,United States,1993,121240,Health Care,Medical/Dental Instruments
UG,United-Guardian Inc. Common Stock,$7.05 ,-0.17,-2.36%,32389949,United States,,5616,Consumer Discretionary,Package Goods/Cosmetics
UK,Ucommune International Ltd Class A Ordinary Shares,$2.09 ,0.004,0.19%,1419629,United States,2019,6043,Consumer Discretionary,Business Services
ULBI,Ultralife Corporation Common Stock,$5.19 ,0.03,0.58%,86448112,United States,1992,35584,Miscellaneous,Industrial Machinery/Components
ULCC,Frontier Group Holdings Inc. Common Stock,$6.75 ,-0.23,-3.30%,1553956454,United States,2021,3893349,Consumer Discretionary,Air Freight/Delivery Services
ULH,Universal Logistics Holdings Inc. Common Stock,$13.38 ,0,0.00%,352826466,United States,2005,44029,Industrials,Trucking Freight/Courier Services
ULTA,Ulta Beauty Inc. Common Stock,$512.83 ,-3.9,-0.76%,22046208360,United States,2007,511279,Consumer Discretionary,Other Specialty Stores
UMBF,UMB Financial Corporation Common Stock,$145.73 ,0.22,0.15%,11072379886,United States,,724112,Finance,Major Banks
UMBFO,UMB Financial Corporation Depositary Shares Each Representing a 1/400th Interest in a Share of 7.750% Fixed-Rate Reset Non-Cumulative Perpetual Preferred Stock Series B,$26.40 ,0.06,0.23%,2005838393,United States,,30235,Finance,Major Banks
UNB,Union Bankshares Inc. Common Stock,$23.03 ,-0.25,-1.07%,106261618,United States,,7513,Finance,Major Banks
UNCY,Unicycive Therapeutics Inc. Common Stock,$5.01 ,-0.29,-5.47%,137239065,United States,2021,486093,Health Care,Biotechnology: Pharmaceutical Preparations
UNIT,Uniti Group Inc. Common Stock,$9.72 ,0.43,4.63%,2360168137,United States,,4291798,Real Estate,Real Estate Investment Trusts
UNTY,Unity Bancorp Inc. Common Stock,$58.89 ,0.22,0.38%,591308719,United States,,53823,Finance,Major Banks
UONE,Urban One Inc. Class A Common Stock,$5.04 ,-0.01,-0.20%,22767923,United States,,4667,Consumer Discretionary,Broadcasting
UONEK,Urban One Inc. Class D Common Stock,$5.04 ,0.15,3.07%,22767923,United States,,7899,Consumer Discretionary,Broadcasting
UPB,Upstream Bio Inc. Common Stock,$6.31 ,-0.26,-3.96%,343390112,United States,2024,297722,Health Care,Biotechnology: Pharmaceutical Preparations
UPBD,Upbound Group Inc. Common Stock,$19.39 ,-0.73,-3.63%,1130315347,United States,,4170053,Consumer Discretionary,Diversified Commercial Services
UPLD,Upland Software Inc. Common Stock,$4.36 ,-0.285,-6.14%,12802355,United States,2014,15524,Technology,Computer Software: Prepackaged Software
UPST,Upstart Holdings Inc. Common stock,$27.44 ,0.4,1.48%,2626325453,United States,2020,3314479,Finance,Finance: Consumer Services
UPWK,Upwork Inc. Common Stock,$9.16 ,-0.09,-0.97%,1131426135,United States,2018,3283672,Technology,EDP Services
UPXI,Upexi Inc. Common Stock,$0.76 ,-0.0544,-6.72%,55507947,United States,2021,989361,Health Care, Medicinal Chemicals and Botanical Products 
URBN,Urban Outfitters Inc. Common Stock,$74.18 ,-1.56,-2.06%,6352410457,United States,1993,852774,Consumer Discretionary,Clothing/Shoe/Accessory Stores
USAR,USA Rare Earth Inc. Class A Common Stock,$14.95 ,0.3,2.05%,3416426056,United States,2023,11651055,Basic Materials,Metal Mining
USAU,U.S. Gold Corp. Common Stock,$12.98 ,-0.54,-3.99%,214509596,United States,,175475,Basic Materials,Metal Mining
USCB,USCB Financial Holdings Inc. Class A Common Stock,$21.97 ,0.13,0.60%,401257883,United States,2021,55221,Finance,Major Banks
USDE,StablecoinX Inc. Class A Common Stock,$1.57 ,-0.07,-4.27%,99721060,United States,,438784,Finance,Finance: Consumer Services
USDEW,StablecoinX Inc. Warrants,$0.37 ,0.0099,2.75%,23501142,United States,,14917,Finance,Finance: Consumer Services
USGO,U.S. GoldMining Inc. Common stock,$7.64 ,0.19,2.55%,102027769,United States,2023,46149,Basic Materials,Precious Metals
USIO,Usio Inc. Common Stock,$2.13 ,-0.01,-0.47%,58779467,United States,,248341,Finance,Investment Bankers/Brokers/Service
USLM,United States Lime & Minerals Inc. Common Stock,$110.30 ,-2.63,-2.33%,3163630777,United States,,442804,Industrials,Mining & Quarrying of Nonmetallic Minerals (No Fuels)
UTHR,United Therapeutics Corporation Common Stock,$517.71 ,-8.11,-1.54%,21975098141,United States,1999,402268,Health Care,Biotechnology: Pharmaceutical Preparations
UTMD,Utah Medical Products Inc. Common Stock,$70.52 ,0.95,1.37%,224537443,United States,,22536,Health Care,Medical/Dental Instruments
UVSP,Univest Financial Corporation Common Stock,$44.24 ,-0.16,-0.36%,1220173176,United States,,262638,Finance,Major Banks
UYSC,UY Scuti Acquisition Corp. Ordinary Shares,$10.78 ,0,0.00%,0,United States,2025,6,Finance,Blank Checks
VABK,Virginia National Bankshares Corporation Common Stock,$45.80 ,-0.205,-0.45%,248323983,United States,,6702,Finance,Major Banks
VALU,Value Line Inc. Common Stock,$34.19 ,-0.24,-0.70%,320824361,United States,1983,1595,Finance,Investment Managers
VANI,Vivani Medical Inc. Common Stock (DE),$1.28 ,-0.02,-1.54%,110380933,United States,2014,33542,Health Care,Biotechnology: Electromedical & Electrotherapeutic Apparatus
VBIO,Valion Bio Inc. Common Stock,$0.31 ,0.032,11.51%,1286890,United States,2021,3449556,Health Care,Biotechnology: Electromedical & Electrotherapeutic Apparatus
VC,Visteon Corporation Common Stock,$104.54 ,-0.52,-0.50%,2790740148,United States,,439376,Consumer Discretionary,Auto Parts:O.E.M.
VCEL,Vericel Corporation Common Stock,$45.96 ,-1.65,-3.47%,2347095759,United States,,521497,Health Care,Biotechnology: Biological Products (No Diagnostic Substances)
VCTR,Victory Capital Holdings Inc. Class A Common Stock,$99.03 ,0.55,0.56%,6192455427,United States,2018,409569,Finance,Investment Managers
VCYT,Veracyte Inc. Common Stock,$46.32 ,-13.46,-22.52%,3695995409,United States,2013,5994410,Health Care,Medical Specialities
VECO,Veeco Instruments Inc. Common Stock,$50.00 ,1.63,3.37%,3051674250,United States,1994,992332,Technology,Industrial Machinery/Components
VEEA,Veea Inc. Common Stock,$0.15 ,0.0048,3.28%,8339195,United States,2021,312089,Finance,Blank Checks
VEEE,Twin Vee PowerCats Co. Common Stock,$11.70 ,-0.88,-7.00%,6193161,United States,2021,97530,Industrials,Marine Transportation
VELO,Velo3D Inc. Common stock,$10.13 ,0.425,4.38%,301884150,United States,,1588412,Technology,Industrial Machinery/Components
VERA,Vera Therapeutics Inc. Class A Common Stock,$32.10 ,-0.95,-2.87%,2304231218,United States,2021,1443818,Health Care,Biotechnology: Pharmaceutical Preparations
VERI,Veritone Inc. Common Stock,$1.09 ,0.04,3.81%,101325272,United States,2017,2092905,Technology,EDP Services
VERU,Veru Inc. Common Stock,$2.24 ,0.02,0.90%,35952717,United States,,153691,Health Care,Biotechnology: Pharmaceutical Preparations
VERX,Vertex Inc. Class A Common Stock,$12.91 ,0.31,2.46%,2089056579,United States,2020,2309352,Technology,Computer Software: Prepackaged Software
VGAS,Verde Clean Fuels Inc. Class A Common Stock,$1.02 ,0,0.00%,45440613,United States,2021,7558,Industrials,Major Chemicals
VHC,VirnetX Holding Corp Common Stock,$13.00 ,-0.0636,-0.49%,54416076,United States,,4058,Miscellaneous,Multi-Sector Companies
VHCP,Vine Hill Capital Investment Corp. II Class A Ordinary Shares,$10.00 ,0,0.00%,0,United States,2026,36,,
VHCPU,Vine Hill Capital Investment Corp. II Units,$10.14 ,0,0.00%,0,United States,2025,99,Finance,Blank Checks
VHCPW,Vine Hill Capital Investment Corp. II Warrants,$0.43 ,0,0.00%,0,United States,2026,1,,
VHUB,VenHub Global Inc. Common Stock,$0.68 ,0.0116,1.73%,62180907,United States,,28131,Technology,Industrial Machinery/Components
VIAV,Viavi Solutions Inc. Common Stock,$36.95 ,1.9,5.42%,8642895797,United States,,5996316,Technology,Semiconductors
VICR,Vicor Corporation Common Stock,$207.37 ,0.7,0.34%,9561153015,United States,,757326,Technology,Industrial Machinery/Components
VIP,Vulcan Infrastructure and Power Inc. Class A Common Stock,$2.10 ,-0.04,-1.87%,33650488,United States,,266718,Finance,Finance: Consumer Services
VIR,Vir Biotechnology Inc. Common Stock,$8.66 ,-0.24,-2.70%,1460526095,United States,2019,1126917,Health Care,Biotechnology: Biological Products (No Diagnostic Substances)
VIRC,Virco Manufacturing Corporation Common Stock,$6.05 ,0.05,0.83%,95163735,United States,,95904,Consumer Discretionary,Industrial Specialties
VISN,Vistance Networks Inc. Common Stock,$11.74 ,0.03,0.26%,2648187468,United States,2013,6905329,Technology,Radio And Television Broadcasting And Communications Equipment
VITL,Vital Farms Inc. Common Stock,$12.73 ,0.22,1.76%,545460819,United States,2020,1394576,Consumer Staples,Packaged Foods
VIVK,Vivakor Inc. Common Stock,$1.94 ,-0.09,-4.43%,1420468,United States,,7342697,,
VIVS,VivoSim Labs Inc. Common Stock,$0.34 ,-0.0414,-10.73%,4155114,United States,,5748195,Health Care,Biotechnology: Biological Products (No Diagnostic Substances)
VKTX,Viking Therapeutics Inc. Common Stock,$31.74 ,-1.37,-4.14%,3702564220,United States,2015,1862521,Health Care,Biotechnology: Pharmaceutical Preparations
VLGEA,Village Super Market Inc. Class A Common Stock,$43.94 ,-0.04,-0.09%,650729035,United States,,35805,Consumer Staples,Food Chains
VLOS,Velos Acquisition I Corp. Class A Ordinary shares,$10.71 ,-0.0049,-0.05%,0,United States,2024,3951,,
VLOSW,Velos Acquisition I Corp. Warrant,$0.50 ,0,0.00%,0,United States,2024,910,Finance,Blank Checks
VLY,Valley National Bancorp Common Stock,$14.29 ,-0.03,-0.21%,7918538821,United States,,7446927,Finance,Major Banks
VLYPN,Valley National Bancorp 8.250% Fixed-Rate Reset Non-Cumulative Perpetual Preferred Stock Series C,$25.88 ,0.17,0.66%,14340922651,United States,,13002,Finance,Major Banks
VLYPO,Valley National Bancorp 5.50% Fixed-to-Floating Rate Non-Cumulative Perpetual Preferred Stock Series B,$25.02 ,0.105,0.42%,13864369580,United States,,15670,Finance,Major Banks
VLYPP,Valley National Bancorp 6.25% Fixed-to-Floating Rate Non-Cumulative Perpetual Preferred Stock Series A,$25.13 ,0.1018,0.41%,13925324042,United States,,17289,Finance,Major Banks
VMD,Viemed Healthcare Inc. Common Shares,$11.67 ,-0.09,-0.77%,447390479,United States,,453383,Health Care,Misc Health and Biotechnology Services
VNCE,Vince Holding Corp. Common Stock,$6.33 ,0.05,0.80%,81323371,United States,,45618,Consumer Discretionary,Clothing/Shoe/Accessory Stores
VNDA,Vanda Pharmaceuticals Inc. Common Stock,$5.10 ,-0.08,-1.54%,306691366,United States,2006,539530,Health Care,Biotechnology: Pharmaceutical Preparations
VNME,Vendome Acquisition Corporation I Class A Ordinary Shares,$10.25 ,0,0.00%,0,United States,2025,3126,Finance,Blank Checks
VNOM,Viper Energy Inc. Class A Common Stock,$44.61 ,1.15,2.65%,15896064023,United States,2014,1391103,Energy,Oil & Gas Production
VOR,Vor Biopharma Inc. Common Stock,$21.15 ,-0.65,-2.98%,1146031299,United States,2021,905024,Health Care,Biotechnology: Biological Products (No Diagnostic Substances)
VRA,Vera Bradley Inc. Common Stock,$3.41 ,-0.08,-2.29%,96974439,United States,2010,259113,Consumer Discretionary,Apparel
VRCA,Verrica Pharmaceuticals Inc. Common Stock,$5.22 ,-0.04,-0.76%,89673263,United States,2018,5045,Health Care,Biotechnology: Pharmaceutical Preparations
VRDN,Viridian Therapeutics Inc. Common Stock,$18.92 ,-0.98,-4.93%,1950174081,United States,2014,1088056,Health Care,Medical Specialities
VREX,Varex Imaging Corporation Common Stock,$11.19 ,0.12,1.08%,471099000,United States,,314636,Technology,Industrial Machinery/Components
VRM,Vroom Inc. Common Stock,$7.49 ,0.59,8.55%,39202001,United States,,6425,Consumer Discretionary,Retail-Auto Dealers and Gas Stations
VRME,VerifyMe Inc. Common Stock,$0.72 ,0.016,2.29%,9381443,United States,,9261,Technology,EDP Services
VRNS,Varonis Systems Inc. Common Stock,$39.95 ,0.02,0.05%,4588676376,United States,2014,1751028,Technology,Computer Software: Prepackaged Software
VRRM,Verra Mobility Corporation Class A Common Stock,$5.29 ,0.15,2.92%,803586194,United States,2017,5226560,Consumer Discretionary,Transportation Services
VRSK,Verisk Analytics Inc. Common Stock,$194.85 ,-5.5,-2.75%,25360898938,United States,2009,1947134,Industrials,Diversified Commercial Services
VRSN,VeriSign Inc. Common Stock,$290.02 ,3.44,1.20%,26188806000,United States,1998,1108619,Technology,EDP Services
VRTX,Vertex Pharmaceuticals Incorporated Common Stock,$477.10 ,-4.6,-0.96%,1.21091E+11,United States,1991,957219,Health Care,Biotechnology: Pharmaceutical Preparations
VSAT,ViaSat Inc. Common Stock,$76.93 ,-0.67,-0.86%,10597529846,United States,1996,1366540,Technology,Radio And Television Broadcasting And Communications Equipment
VSEC,VSE Corporation Common Stock,$194.39 ,2.84,1.48%,5454029777,United States,,233584,Consumer Discretionary,Military/Government/Technical
VSECU,VSE Corporation Tangible Equity Units,$50.78 ,-0.0812,-0.16%,1424742179,United States,,41732,,
VSEE,VSee Health Inc. Common Stock,$0.08 ,0.0067,9.31%,4382001,United States,2021,99439999,Health Care,Medical/Nursing Services
VSEEW,VSee Health Inc. Warrant,$0.02 ,-0.001,-4.63%,1147004,United States,2021,13362,Health Care,Medical/Nursing Services
VSNT,Versant Media Group Inc. Class A Common Stock ,$35.99 ,0.1,0.28%,5092513560,United States,,1590656,Industrials,Broadcasting
VSTM,Verastem Inc. Common Stock,$5.80 ,-0.3,-4.92%,509667106,United States,2012,1857257,Health Care,Biotechnology: Pharmaceutical Preparations
VTGN,Vistagen Therapeutics Inc. Common Stock,$0.24 ,0,0.00%,9888821,United States,,792716,Health Care,Biotechnology: Pharmaceutical Preparations
VTIX,Virtuix Holdings Inc. Class A Common Stock,$1.57 ,-0.04,-2.48%,51649901,United States,,487982,Technology,Computer peripheral equipment
VTRS,Viatris Inc. Common Stock,$17.56 ,-0.2,-1.13%,20449544604,United States,,15565586,Health Care,Biotechnology: Pharmaceutical Preparations
VTSI,VirTra Inc. Common Stock,$3.09 ,-0.07,-2.22%,34938275,United States,,15819,Consumer Discretionary,Miscellaneous manufacturing industries
VTVT,vTv Therapeutics Inc. Class A Common Stock,$32.35 ,-0.33,-1.01%,127423253,United States,2015,136841,Health Care,Biotechnology: Pharmaceutical Preparations
VUZI,Vuzix Corporation Common Stock,$2.33 ,0,0.00%,193758741,United States,,644741,Technology,Radio And Television Broadcasting And Communications Equipment
VVOS,Vivos Therapeutics Inc. Common Stock,$0.41 ,0.0041,1.01%,5696786,United States,2020,180798,Health Care,Medical/Dental Instruments
VWAV,VisionWave Holdings Inc. Common Stock,$1.72 ,-0.22,-11.34%,47441159,United States,,722453,Technology,Computer Software: Prepackaged Software
VWAVW,VisionWave Holdings Inc. Warrant,$0.21 ,-0.07,-25.00%,5792234,United States,,12518,Technology,Computer Software: Prepackaged Software
VYGR,Voyager Therapeutics Inc. Common Stock,$3.03 ,-0.1,-3.20%,183076500,United States,2015,418941,Health Care,Biotechnology: Biological Products (No Diagnostic Substances)
WABC,Westamerica Bancorporation Common Stock,$60.15 ,0.25,0.42%,1412800493,United States,,139122,Finance,Major Banks
WAFD,WaFd Inc. Common Stock,$36.77 ,0.34,0.93%,2716879410,United States,,666764,Finance,Major Banks
WAFDP,WaFd Inc. Depositary Shares,$16.31 ,-0.17,-1.03%,1205121109,United States,,17646,Finance,Major Banks
WALD,Waldencast plc Class A Ordinary Share,$1.73 ,0.02,1.17%,222479579,United States,2021,778074,Consumer Discretionary,Package Goods/Cosmetics
WALDW,Waldencast plc Warrant ,$0.04 ,-0.0057,-12.75%,5015436,United States,2021,1202,Consumer Discretionary,Package Goods/Cosmetics
WASH,Washington Trust Bancorp Inc. Common Stock,$38.98 ,-0.22,-0.56%,743176815,United States,,115435,Finance,Major Banks
WATT,Energous Corporation Common Stock,$14.11 ,0.08,0.57%,77620535,United States,2014,117583,Technology,Radio And Television Broadcasting And Communications Equipment
WAY,Waystar Holding Corp. Common Stock,$21.11 ,0.17,0.81%,4047809062,United States,2024,3860923,Technology,EDP Services
WBD,Warner Bros. Discovery Inc. Series A Common Stock ,$26.30 ,0.83,3.26%,65937695263,United States,,37063580,Consumer Discretionary,Services-Misc. Amusement & Recreation
WBTN,WEBTOON Entertainment Inc. Common stock,$9.12 ,0.11,1.22%,1233340738,United States,2024,318737,Consumer Discretionary,Publishing
WDAY,Workday Inc. Class A Common Stock,$160.34 ,2.23,1.41%,39603980000,United States,,4086686,Technology,EDP Services
WDC,Western Digital Corporation Common Stock,$544.84 ,11.8,2.21%,1.87797E+11,United States,,9486458,Technology,Electronic Components
WDFC,WD-40 Company Common Stock,$227.14 ,-0.62,-0.27%,3048467745,United States,1973,111593,Industrials,Major Chemicals
WEN,Wendy's Company (The) Common Stock,$7.36 ,0,0.00%,1401937510,United States,,5317600,Consumer Discretionary,Restaurants
WENN,Wen Acquisition Corp Class A Ordinary Shares,$10.33 ,0,0.00%,0,United States,2025,58307,,
WENNW,Wen Acquisition Corp Warrant,$0.35 ,0.0499,16.63%,0,United States,2025,138,Finance,Blank Checks
WERN,Werner Enterprises Inc. Common Stock,$37.42 ,0.54,1.46%,2243333303,United States,1986,1667140,Industrials,Trucking Freight/Courier Services
WEST,Westrock Coffee Company Common Stock,$8.12 ,-0.05,-0.61%,792170651,United States,,377263,Consumer Staples,Beverages (Production/Distribution)
WEYS,Weyco Group Inc. Common Stock,$39.00 ,-0.56,-1.42%,371755878,United States,,16938,Consumer Staples,Apparel
WFCF,Where Food Comes From Inc. Common Stock,$12.12 ,-0.08,-0.66%,61076025,United States,,842,Technology,Computer Software: Prepackaged Software
WFRD,Weatherford International plc Ordinary Shares,$87.79 ,3.08,3.64%,6293265041,United States,,952310,Consumer Discretionary,Oil and Gas Field Machinery
WGS,GeneDx Holdings Corp. Class A Common Stock,$65.11 ,-3.85,-5.58%,1932987438,United States,2020,885741,Technology,Retail: Computer Software & Peripheral Equipment
WHF,WhiteHorse Finance Inc. Common Stock,$6.39 ,-0.015,-0.23%,137127267,United States,,81016,Finance,Finance Companies
WHFCL,WhiteHorse Finance Inc. 7.875% Notes due 2028,$25.30 ,-0.1,-0.39%,588050126,United States,,433,,
WHLR,Wheeler Real Estate Investment Trust Inc. Common Stock,$0.59 ,-0.099,-14.35%,549167,United States,2012,1354271,Real Estate,Real Estate Investment Trusts
WHLRD,Wheeler Real Estate Investment Trust Inc. Series D Cumulative Preferred Stock,$36.00 ,0,0.00%,33451812,United States,,1,Real Estate,Real Estate Investment Trusts
WHLRP,Wheeler Real Estate Investment Trust Inc. Class B Preferred Stock,$9.82 ,0.32,3.37%,9124911,United States,,488,Real Estate,Real Estate Investment Trusts
WHWK,Whitehawk Therapeutics Inc. Common Stock,$3.85 ,0,0.00%,207065817,United States,,309836,Health Care,Biotechnology: Pharmaceutical Preparations
WINA,Winmark Corporation Common Stock,$333.50 ,2.15,0.65%,1197988362,United States,,56262,Consumer Discretionary,Other Specialty Stores
WING,Wingstop Inc. Common Stock,$129.49 ,-4.85,-3.61%,3527637282,United States,2015,1175547,Consumer Discretionary,Restaurants
WKHS,Workhorse Group Inc. Common Stock,$3.05 ,-0.12,-3.79%,33224870,United States,,42292,Industrials,Auto Manufacturing
WLDN,Willdan Group Inc. Common Stock,$68.53 ,-1.82,-2.59%,1035529829,United States,2006,356562,Consumer Discretionary,Military/Government/Technical
WLFC,Willis Lease Finance Corporation Common Stock,$71.33 ,-1.19,-1.64%,1641257649,United States,1996,149796,Consumer Discretionary,Industrial Specialties
WLII,Willow Lane Acquisition Corp. II Class A Ordinary Shares,$10.24 ,0,0.00%,0,United States,2026,168,Finance,Blank Checks
WLIIW,Willow Lane Acquisition Corp. II Warrants,$0.70 ,-0.03,-4.11%,0,United States,2026,1104,Finance,Blank Checks
WLTH,Wealthfront Corporation Common Stock,$9.49 ,0.03,0.32%,1417437940,United States,2025,761877,Finance,Finance: Consumer Services
WMG,Warner Music Group Corp. Class A Common Stock,$25.96 ,-1.6,-5.81%,13541139107,United States,2020,3306328,Consumer Discretionary,Services-Misc. Amusement & Recreation
WMT,Walmart Inc. Common Stock,$111.20 ,0.1,0.09%,8.84938E+11,United States,,22780128,Consumer Discretionary,Department/Specialty Retail Stores
WNEB,Western New England Bancorp Inc. Common Stock,$12.93 ,-0.16,-1.22%,260218875,United States,,77667,Finance,Savings Institutions
WOOF,Petco Health and Wellness Company Inc. Class A Common Stock,$2.79 ,0.01,0.36%,902163335,United States,2021,808681,Consumer Discretionary,Other Specialty Stores
WRAP,Wrap Technologies Inc. Common Stock,$1.84 ,0.08,4.55%,102558380,United States,,373992,Industrials,Ordnance And Accessories
WRLD,World Acceptance Corporation Common Stock,$179.81 ,-1.29,-0.71%,837988862,United States,1991,97554,Finance,Finance: Consumer Services
WSBC,WesBanco Inc. Common Stock,$41.38 ,-0.19,-0.46%,3979951573,United States,,682549,Finance,Major Banks
WSBCO,WesBanco Inc. Depositary Shares each representing 1/40th interest in a share of 7.375% Fixed-Rate Reset Non-Cumulative Perpetual Preferred Stock Series B,$25.51 ,-0.09,-0.35%,2453566086,United States,,150450,Finance,Major Banks
WSBF,Waterstone Financial Inc. Common Stock (MD),$20.52 ,0.05,0.24%,370449243,United States,2005,62440,Finance,Savings Institutions
WSBK,Winchester Bancorp Inc. Common Stock,$13.00 ,-0.0699,-0.54%,120839888,United States,2025,3983,,
WSC,WillScot Holdings Corporation Class A Common Stock,$24.28 ,0.25,1.04%,4394550806,United States,2015,1293549,Industrials,Misc Corporate Leasing Services
WSFS,WSFS Financial Corporation Common Stock,$80.20 ,0.38,0.48%,4173932489,United States,,347093,Finance,Major Banks
WTBA,West Bancorporation Common Stock,$28.05 ,0.28,1.01%,478076991,United States,,57653,Finance,Major Banks
WTFC,Wintrust Financial Corporation Common Stock,$159.54 ,-0.11,-0.07%,10760614992,United States,,480782,Finance,Major Banks
WTFCN,Wintrust Financial Corporation Depositary Shares Each Representing a 1/1000th Interest in a Share of 7.875% Fixed-Rate Reset Non-Cumulative Perpetual Preferred StocK,$26.20 ,0,0.00%,1767131207,United States,,38930,Finance,Major Banks
WULF,TeraWulf Inc. Common Stock,$17.66 ,-0.16,-0.90%,8751106511,United States,,30648333,Technology,EDP Services
WVVI,Willamette Valley Vineyards Inc. Common Stock,$2.54 ,-0.125,-4.69%,12648004,United States,,1840,Consumer Staples,Beverages (Production/Distribution)
WVVIP,Willamette Valley Vineyards Inc. Series A Redeemable Preferred Stock,$2.89 ,0.045,1.59%,14365941,United States,,571,Consumer Staples,Beverages (Production/Distribution)
WW,WW International Inc.  Common Stock,$14.36 ,0.46,3.31%,143582194,United States,,83247,Consumer Discretionary,Other Consumer Services
WWD,Woodward Inc. Common Stock,$360.75 ,4.47,1.26%,21494517106,United States,,901779,Energy,Industrial Machinery/Components
WYFI,WhiteFiber Inc. Ordinary Shares,$23.70 ,-2.55,-9.71%,915156919,United States,2025,1776947,Finance,Finance: Consumer Services
WYNN,Wynn Resorts Limited Common stock,$99.31 ,-1.39,-1.38%,10307060057,United States,2002,1487633,Consumer Discretionary,Hotels/Resorts
XAIR,Beyond Air Inc. Common Stock,$5.28 ,-0.145,-2.68%,3800801,United States,,27960,Health Care,Medical/Dental Instruments
XBIO,Xenetic Biosciences Inc. Common Stock,$2.54 ,-0.015,-0.59%,5807827,United States,,8780,Health Care,Biotechnology: Pharmaceutical Preparations
XBIT,XBiotech Inc. Common Stock,$2.23 ,-0.01,-0.45%,67987640,United States,2015,37808,Health Care,Biotechnology: Pharmaceutical Preparations
XBP,XBP Global Holdings Inc. Common Stock,$2.86 ,-0.22,-7.14%,33656623,United States,2021,6455,Technology,EDP Services
XCBE,X3 Acquisition Corp. Ltd. Class A Ordinary Shares,$9.95 ,0,0.00%,0,United States,2026,33960,,
XCBEW,X3 Acquisition Corp. Ltd. Warrant,$0.27 ,0.0149,5.96%,0,United States,2026,100,Finance,Blank Checks
XCUR,Exicure Inc. Common Stock,$1.60 ,0.03,1.91%,10198299,United States,,17689,Health Care,Biotechnology: Pharmaceutical Preparations
XE,X-Energy Inc. Class A Common Stock,$16.31 ,-0.74,-4.34%,6627831221,United States,2026,18338905,Industrials,Metal Fabrications
XEL,Xcel Energy Inc. Common Stock,$78.20 ,-0.03,-0.04%,48817879592,United States,,7003416,Utilities,Power Generation
XELB,Xcel Brands Inc. Common Stock,$1.20 ,-0.02,-1.64%,7258345,United States,,45193,Miscellaneous,Multi-Sector Companies
XELLL,Xcel Energy Inc. 6.25% Junior Subordinated Notes Series due 2085,$23.28 ,0.1,0.43%,0,United States,,88598,Utilities,Power Generation
XERS,Xeris Biopharma Holdings Inc. Common Stock,$8.08 ,-0.34,-4.04%,1394947804,United States,2018,1623847,Health Care,Biotechnology: Pharmaceutical Preparations
XFOR,X4 Pharmaceuticals Inc. Common Stock,$3.98 ,-0.02,-0.50%,375392390,United States,2017,415488,Health Care,Biotechnology: Biological Products (No Diagnostic Substances)
XGN,Exagen Inc. Common Stock,$4.53 ,-0.14,-3.00%,109444071,United States,2019,105882,Health Care,Medical Specialities
XHLD,TEN Holdings Inc. Common Stock,$1.00 ,-0.09,-8.26%,11977443,United States,2025,229263,Consumer Discretionary,Business Services
XIIIU,Churchill Capital Corp XIII Units,$10.36 ,0.36,3.60%,0,United States,,7291979,,
XLO,Xilio Therapeutics Inc. Common Stock,$9.11 ,0.03,0.33%,59899516,United States,2021,11435,Health Care,Biotechnology: Pharmaceutical Preparations
XMAX,XMAX Inc. Common Stock,$8.62 ,-0.15,-1.71%,548252050,United States,,623266,Consumer Discretionary,Home Furnishings
XMTR,Xometry Inc. Class A Common Stock,$85.72 ,0.81,0.95%,4508768965,United States,2021,509090,Consumer Discretionary,Business Services
XNCR,Xencor Inc. Common Stock,$20.21 ,-1.28,-5.96%,1498401655,United States,2013,1296399,Health Care,Biotechnology: Pharmaceutical Preparations
XOS,Xos Inc. Common Stock,$2.10 ,0.075,3.71%,28740926,United States,2020,114730,Consumer Discretionary,Auto Parts:O.E.M.
XOSWW,Xos Inc. Warrants,$0.00 ,-0.001,-32.26%,28810,United States,2020,13129,Consumer Discretionary,Auto Parts:O.E.M.
XPEL,XPEL Inc. Common Stock,$44.37 ,0.22,0.50%,1222880904,United States,,135483,Industrials,Industrial Specialties
XPON,Expion360 Inc. Common Stock,$3.61 ,0.02,0.56%,3441023,United States,2022,14744,Miscellaneous,Industrial Machinery/Components
XRAY,DENTSPLY SIRONA Inc. Common Stock,$13.37 ,-0.37,-2.69%,2678367752,United States,1987,3632768,Health Care,Medical/Dental Instruments
XRPN,Armada Acquisition Corp. II Class A Ordinary Shares,$10.45 ,0,0.00%,0,United States,2025,49881,Finance,Blank Checks
XRPNU,Armada Acquisition Corp. II Units,$10.80 ,0,0.00%,0,United States,2025,13,Finance,Blank Checks
XRPNW,Armada Acquisition Corp. II Warrant,$0.76 ,-0.0142,-1.85%,0,United States,2025,54912,Finance,Blank Checks
XRX,Xerox Holdings Corporation Common Stock,$2.95 ,-0.54,-15.47%,385789946,United States,,11697761,Technology,Computer peripheral equipment
XRXDW,Xerox Holdings Corporation Warrants,$0.31 ,-0.0525,-14.38%,40867579,United States,,719102,Technology,Computer peripheral equipment
XSLL,Xsolla SPAC 1 Class A Ordinary Shares,$9.91 ,0,0.00%,0,United States,2026,22,Finance,Blank Checks
XSLLW,Xsolla SPAC 1 Warrants,$0.21 ,-0.03,-12.50%,0,United States,2026,139500,Finance,Blank Checks
XTIA,XTI Aerospace Inc. Common Stock,$1.49 ,-0.04,-2.61%,57331906,United States,2014,237569,Technology,EDP Services
XWEL,XWELL Inc. Common Stock,$0.98 ,-0.11,-10.09%,8275381,United States,,56176,Consumer Discretionary,Other Consumer Services
XXII,22nd Century Group Inc. Common Stock,$4.00 ,0.13,3.36%,2065312,United States,,8588,Health Care, Medicinal Chemicals and Botanical Products 
YARW,Yarrow Bioscience Inc. Common Stock,$35.02 ,2.03,6.15%,98163792,United States,2018,18507,Health Care,Biotechnology: Pharmaceutical Preparations
YDES,YD Bio Limited Ordinary Shares,$2.17 ,-0.03,-1.36%,153704021,United States,,10134,Health Care,Medical Specialities
YDESW,YD Bio Limited Warrants,$0.25 ,-0.0001,-0.04%,17700753,United States,,1019,Health Care,Medical Specialities
YHC,LQR House Inc. Common Stock,$2.10 ,0.17,8.81%,2055554,United States,2023,294490,Consumer Staples,Beverages (Production/Distribution)
YHGJ,Yunhong Green CTI Ltd. Common Stock,$2.89 ,-0.0813,-2.74%,7537845,United States,,5922,Industrials,Specialty Chemicals
YICC,Yorkville International Capital Corp. Class A Ordinary Shares,$9.94 ,0,0.00%,0,United States,2026,8,Finance,Blank Checks
YICCU,Yorkville International Capital Corp. Units,$10.10 ,0,0.00%,0,United States,2026,18,Finance,Blank Checks
YICCW,Yorkville International Capital Corp. Warrants,$0.42 ,-0.01,-2.33%,0,United States,2026,6606,Finance,Blank Checks
YORW,York Water Company (The) Common Stock,$30.97 ,0.06,0.19%,502003229,United States,,116628,Utilities,Water Supply
YSWY,Yesway Inc. Class A Common Stock,$20.92 ,0.02,0.10%,1322034107,United States,2026,163885,Consumer Staples,Food Chains
YYAI,AiRWA Inc. Common Stock,$0.12 ,-0.05,-29.41%,126427,United States,,43545441,Consumer Discretionary,Recreational Games/Products/Toys
Z,Zillow Group Inc. Class C Capital Stock,$34.06 ,0.35,1.04%,7792989649,United States,,4396732,Consumer Discretionary,Business Services
ZBIO,Zenas BioPharma Inc. Common Stock,$31.44 ,-0.83,-2.57%,1984913373,United States,2024,452266,Health Care,Biotechnology: Pharmaceutical Preparations
ZBRA,Zebra Technologies Corporation Class A Common Stock,$293.82 ,5.25,1.82%,13995643237,United States,1991,977113,Industrials,Industrial Machinery/Components
ZD,Ziff Davis Inc. Common Stock,$53.08 ,0.47,0.89%,1955223032,United States,,397644,Telecommunications,Telecommunications Equipment
ZEO,Zeo Energy Corporation Class A Common Stock,$0.50 ,-0.0194,-3.73%,29174954,United States,2021,39329361,Miscellaneous,Industrial Machinery/Components
ZEOWW,Zeo Energy Corporation Warrants,$0.03 ,0.0027,9.89%,1748399,United States,2021,84450,Miscellaneous,Industrial Machinery/Components
ZG,Zillow Group Inc. Class A Common Stock,$34.69 ,0.64,1.88%,7937134789,United States,2011,2936958,Consumer Discretionary,Business Services
ZION,Zions Bancorporation N.A. Common Stock,$69.70 ,0.24,0.35%,10252299645,United States,,1195464,Finance,Major Banks
ZIONP,Zions Bancorporation N.A. Depositary Shares (Each representing 1/40th Interest in a Share of Series A Floating-Rate Non-Cumulative Perpetual Preferred Stock),$18.35 ,0.0174,0.10%,2699134842,United States,,3196,Finance,Major Banks
ZKP,Lafayette Digital Acquisition Corp. I Class A Ordinary Shares,$9.98 ,0,0.00%,0,United States,2026,26680,Finance,Blank Checks
ZKPU,Lafayette Digital Acquisition Corp. I Unit,$10.03 ,0.04,0.40%,0,United States,2026,10925,Finance,Blank Checks
ZKPW,Lafayette Digital Acquisition Corp. I Warrant,$0.29 ,0.0057,2.00%,0,United States,2026,2125,Finance,Blank Checks
ZM,Zoom Communications Inc. Class A Common Stock,$96.07 ,3.75,4.06%,28170819183,United States,2019,4597830,Technology,Computer Software: Programming Data Processing
ZNB,Zeta Network Group Class A Ordinary Shares,$2.38 ,-0.45,-15.90%,623755,United States,,224733,Consumer Discretionary,Engineering & Construction
ZNTL,Zentalis Pharmaceuticals Inc. Common Stock,$4.74 ,-0.18,-3.66%,337423290,United States,2020,941205,Health Care,Biotechnology: Pharmaceutical Preparations
ZS,Zscaler Inc. Common Stock,$151.20 ,2.81,1.89%,24450480180,United States,2018,2647156,Technology,EDP Services
ZSQR,Z Squared Inc. Common Stock,$4.81 ,-0.41,-7.85%,247385481,United States,2020,299463,Finance,Finance: Consumer Services
ZUMZ,Zumiez Inc. Common Stock,$19.67 ,-0.13,-0.66%,331876469,United States,2005,190131,Consumer Discretionary,Clothing/Shoe/Accessory Stores
ZVRA,Zevra Therapeutics Inc. Common Stock,$9.51 ,-0.13,-1.35%,562184449,United States,,971154,Health Care,Biotechnology: Pharmaceutical Preparations
ZYME,Zymeworks Inc. Common Stock,$21.94 ,-0.77,-3.39%,1602125958,United States,,375146,Health Care,Biotechnology: Pharmaceutical Preparations
