Symbol,Name,Last Sale,Net Change,% Change,Market Cap,Country,IPO Year,Volume,Sector,Industry
A,Agilent Technologies Inc. Common Stock,$138.37 ,-0.34,-0.25%,39080108091,United States,1999,1720610,Industrials,Biotechnology: Laboratory Analytical Instruments
AA,Alcoa Corporation Common Stock ,$45.26 ,0.29,0.65%,11943655743,United States,2016,5332101,Industrials,Aluminum
AAP,Advance Auto Parts Inc.,$55.54 ,-0.65,-1.16%,3353766738,United States,,1069447,Consumer Discretionary,Auto & Home Supply Stores
AAT,American Assets Trust Inc. Common Stock,$23.59 ,-0.44,-1.83%,1448212180,United States,2011,437489,Real Estate,Real Estate Investment Trusts
AB,AllianceBernstein Holding L.P.  Units,$36.76 ,0.04,0.11%,3433525636,United States,,211919,Finance,Investment Managers
ABBV,AbbVie Inc. Common Stock,$250.94 ,-6.47,-2.51%,4.43359E+11,United States,2012,7251818,Health Care,Biotechnology: Pharmaceutical Preparations
ABCB,Ameris Bancorp Common Stock,$87.21 ,-0.36,-0.41%,5954212081,United States,1994,405664,Finance,Major Banks
ABG,Asbury Automotive Group Inc Common Stock,$231.70 ,-1.44,-0.62%,4313975960,United States,2002,225927,Consumer Discretionary,Retail-Auto Dealers and Gas Stations
ABM,ABM Industries Incorporated Common Stock,$47.91 ,0.31,0.65%,2806612021,United States,,550271,Consumer Discretionary,Diversified Commercial Services
ABR,Arbor Realty Trust Common Stock,$5.01 ,0.22,4.59%,963729627,United States,2004,8874404,Real Estate,Real Estate Investment Trusts
ABR^D,Arbor Realty Trust 6.375% Series D Cumulative Redeemable Preferred Stock Liquidation Preference $25.00 per Share,$15.91 ,-0.04,-0.25%,,United States,,6184,,
ABR^E,Arbor Realty Trust 6.25% Series E Cumulative Redeemable Preferred Stock,$15.75 ,0.02,0.13%,,United States,,7638,,
ABR^F,Arbor Realty Trust 6.25% Series F Fixed-to-Floating Rate Cumulative Redeemable Preferred Stock Liquidation Preference $25.00 per share,$22.54 ,-0.06,-0.27%,,United States,,23677,,
ABT,Abbott Laboratories Common Stock,$105.70 ,0.09,0.09%,1.82902E+11,United States,,9606927,Health Care,Biotechnology: Pharmaceutical Preparations
ABX,Abacus Global Management Inc. Class A Common Stock,$10.31 ,-0.16,-1.53%,988959604,United States,,395656,Finance,Investment Managers
ABXL,Abacus Global Management Inc. 9.875% Fixed Rate Senior Notes due 2028,$25.86 ,0,0.00%,1930483833,United States,,4094,Finance,Investment Managers
ACA,Arcosa Inc. Common Stock ,$145.20 ,-0.03,-0.02%,7128792053,United States,2018,599543,Industrials,Metal Fabrications
ACCO,Acco Brands Corporation Common Stock,$4.22 ,-0.01,-0.24%,389327891,United States,,710572,Consumer Discretionary,Publishing
ACEL,Accel Entertainment Inc. ,$12.02 ,0.06,0.50%,978342658,United States,2017,253524,Consumer Discretionary,Services-Misc. Amusement & Recreation
ACH,Accendra Health Inc. Common Stock,$3.09 ,-0.25,-7.49%,236643639,United States,,610919,Health Care,Medical Specialities
ACHR,Archer Aviation Inc. Class A Common Stock,$4.64 ,-0.1,-2.11%,3524534762,United States,2020,29763253,Industrials,Aerospace
ACI,Albertsons Companies Inc. Class A Common Stock,$11.58 ,-0.02,-0.17%,5620071409,United States,2020,9126648,Consumer Staples,Food Chains
ACM,AECOM Common Stock,$72.39 ,0.63,0.88%,9303774179,United States,2007,1174693,Consumer Discretionary,Military/Government/Technical
ACP,abrdn Income Credit Strategies Fund Common Shares,$5.06 ,-0.01,-0.20%,0,United States,2011,506682,Finance,Investment Managers
ACP^A,abrdn Income Credit Strategies Fund 5.250% Series A Perpetual Preferred Stock,$19.59 ,-0.1176,-0.60%,,United States,,2280,,
ACR,ACRES Commercial Realty Corp. Common Stock,$17.50 ,-0.14,-0.79%,124794268,United States,,38684,Real Estate,Real Estate Investment Trusts
ACR^C,ACRES Commercial Realty Corp. 8.625% Fixed-to-Floating Series C Cumulative Redeemable Preferred Stock ,$24.80 ,-0.1201,-0.48%,,United States,,24606,,
ACR^D,ACRES Commercial Realty Corp. 7.875% Series D Cumulative Redeemable Preferred Stock,$21.70 ,-0.0482,-0.22%,,United States,,2320,,
ACRE,Ares Commercial Real Estate Corporation Common Stock,$4.26 ,-0.05,-1.16%,236349541,United States,2012,825018,Real Estate,Real Estate Investment Trusts
ACV,Virtus Diversified Income & Convertible Fund Common Shares of Beneficial Interest,$26.74 ,0.09,0.34%,277105390,United States,2015,45817,Finance,Finance/Investors Services
ACVA,ACV Auctions Inc. Class A Common Stock,$7.49 ,-0.54,-6.73%,1307640856,United States,2025,4950908,Consumer Discretionary,Business Services
AD,Array Digital Infrastructure Inc. Common Shares,$34.84 ,-0.14,-0.40%,3010176000,United States,1988,114735,Telecommunications,Telecommunications Equipment
ADC,Agree Realty Corporation Common Stock,$77.80 ,-0.61,-0.78%,9344002430,United States,,1231041,Real Estate,Real Estate Investment Trusts
ADC^A,Agree Realty Corporation Depositary Shares each representing 1/1000th of a 4.250% Series A Cumulative Redeemable Preferred Stock,$17.04 ,-0.035,-0.21%,,United States,,19157,,
ADM,Archer-Daniels-Midland Company Common Stock,$79.27 ,-1.34,-1.66%,38204693895,United States,,7587615,Consumer Staples,Packaged Foods
ADNT,Adient plc Ordinary Shares ,$21.04 ,-0.84,-3.84%,1649817662,United States,2016,1192329,Consumer Discretionary,Auto Parts:O.E.M.
ADT,ADT Inc. Common Stock,$7.64 ,0.13,1.73%,5602009288,United States,2018,9168805,Consumer Discretionary,Diversified Commercial Services
ADX,Adams Diversified Equity Fund Inc.,$25.52 ,0.32,1.27%,0,United States,,221076,Finance,Investment Managers
AEE,Ameren Corporation Common Stock,$109.61 ,0.86,0.79%,30334744630,United States,,2758577,Utilities,Power Generation
AEFC,Aegon Funding Company LLC 5.10% Subordinated Notes due 2049,$18.15 ,-0.03,-0.17%,0,United States,2019,70553,,
AEO,American Eagle Outfitters Inc. Common Stock,$17.18 ,-0.13,-0.75%,2878909861,United States,,4469026,Consumer Discretionary,Clothing/Shoe/Accessory Stores
AES,The AES Corporation Common Stock,$14.68 ,-0.17,-1.15%,10469155227,United States,,10354976,Utilities,Electric Utilities: Central
AESI,Atlas Energy Solutions Inc. Common Stock,$10.79 ,0.49,4.76%,1347731251,United States,2023,3314055,Industrials,Mining & Quarrying of Nonmetallic Minerals (No Fuels)
AFB,AllianceBernstein National Municipal Income Fund Inc,$10.88 ,-0.03,-0.28%,0,United States,2002,53935,Finance,Trusts Except Educational Religious and Charitable
AFG,American Financial Group Inc. Common Stock,$141.72 ,0.02,0.01%,11774959683,United States,,367546,Finance,Property-Casualty Insurers
AFGB,American Financial Group Inc. 5.875% Subordinated Debentures due 2059,$20.66 ,0.16,0.78%,1716558475,United States,2019,18005,Finance,Property-Casualty Insurers
AFGC,American Financial Group Inc. 5.125% Subordinated Debentures due 2059,$17.96 ,0.08,0.45%,1492226051,United States,2019,21077,Finance,Property-Casualty Insurers
AFGD,American Financial Group Inc. 5.625% Subordinated Debentures due 2060,$19.67 ,0.08,0.41%,1634303253,United States,2020,18116,Finance,Property-Casualty Insurers
AFGE,American Financial Group Inc. 4.500% Subordinated Debentures due 2060,$16.19 ,0.05,0.31%,1345163684,United States,2020,31039,Finance,Property-Casualty Insurers
AFL,AFLAC Incorporated Common Stock,$127.48 ,0.12,0.09%,64885395562,United States,,2041850,Finance,Accident &Health Insurance
AGCO,AGCO Corporation Common Stock,$102.16 ,-4.97,-4.64%,7397255118,United States,,1138906,Industrials,Industrial Machinery/Components
AGD,abrdn Global Dynamic Dividend Fund Common Shares of Beneficial Interest,$12.15 ,0.06,0.50%,0,United States,2006,117192,Finance,Trusts Except Educational Religious and Charitable
AGL,agilon health inc. Common Stock,$91.61 ,-5.14,-5.31%,1528401635,United States,2021,174062,Health Care,Misc Health and Biotechnology Services
AGM,Federal Agricultural Mortgage Corporation Common Stock,$227.60 ,7.3,3.31%,2469231945,United States,,223160,Finance,Finance Companies
AGM^D,Federal Agricultural Mortgage Corporation 5.700% Non-Cumulative Preferred Stock Series D,$21.30 ,-0.14,-0.65%,,United States,,1387,,
AGM^E,Federal Agricultural Mortgage Corporation 5.750% Non-Cumulative Preferred Stock Series E,$20.91 ,-0.2,-0.95%,,United States,,2320,,
AGM^F,Federal Agricultural Mortgage Corporation 5.250% Non-Cumulative Preferred Stock Series F,$18.96 ,0.06,0.32%,,United States,,14709,,
AGM^G,Federal Agricultural Mortgage Corporation 4.875% Non-Cumulative Preferred Stock Series G,$17.85 ,0.1,0.56%,,United States,,9305,,
AGM^H,Federal Agricultural Mortgage Corporation 6.500% Non-Cumulative Preferred Stock Series H,$23.35 ,0.1,0.43%,,United States,,13004,,
AGM^I,Federal Agricultural Mortgage Corporation 6.875% Non-Cumulative Preferred Stock Series I,$24.24 ,0.09,0.37%,,United States,,16984,,
AGX,Argan Inc. Common Stock,$570.43 ,-9.44,-1.63%,7996999066,United States,,322649,Consumer Discretionary,Engineering & Construction
AHR,American Healthcare REIT Inc. Common Stock,$55.60 ,-0.13,-0.23%,10715360325,United States,2024,1548611,Real Estate,Real Estate Investment Trusts
AHRT,AH Realty Trust Inc. Common Stock,$6.96 ,-0.1,-1.42%,528649556,United States,2013,897494,Finance,Real Estate
AHRT^A,AH Realty Trust Inc. 6.75% Series A Cumulative Redeemable Perpetual Preferred Stock,$22.58 ,0.03,0.13%,,United States,,5996,,
AHT,Ashford Hospitality Trust Inc Common Stock,$3.23 ,0.01,0.31%,20919066,United States,2003,4831,Real Estate,Real Estate Investment Trusts
AHT^D,Ashford Hospitality Trust Inc 8.45% Series D Cumulative Preferred Stock,$5.43 ,0.025,0.46%,,United States,,4135,,
AHT^F,Ashford Hospitality Trust Inc 7.375% Series F Cumulative Preferred Stock,$6.07 ,-0.1615,-2.59%,,United States,,5175,,
AHT^G,Ashford Hospitality Trust Inc 7.375% Series G Cumulative Preferred Stock,$5.36 ,0.12,2.29%,,United States,,9297,,
AHT^H,Ashford Hospitality Trust Inc 7.50% Series H Cumulative Preferred Stock,$5.33 ,0.01,0.19%,,United States,,2446,,
AHT^I,Ashford Hospitality Trust Inc 7.50% Series I Cumulative Preferred Stock,$5.25 ,-0.005,-0.10%,,United States,,5427,,
AI,C3.ai Inc. Class A Common Stock,$9.18 ,0.11,1.21%,1427024363,United States,2020,8654930,Technology,Computer Software: Prepackaged Software
AIG,American International Group Inc. New Common Stock,$78.58 ,-0.31,-0.39%,41663604846,United States,,3570075,Finance,Life Insurance
AII,American Integrity Insurance Group Inc. Common Stock,$20.29 ,0.03,0.15%,397497677,United States,2025,103618,Finance,Property-Casualty Insurers
AIN,Albany International Corporation Common Stock,$74.51 ,0.39,0.53%,2116084000,United States,,162570,Consumer Discretionary,Textiles
AIR,AAR Corp. Common Stock,$140.04 ,0.56,0.40%,5586541779,United States,,263339,Industrials,Aerospace
AIT,Applied Industrial Technologies Inc. Common Stock,$345.21 ,5.36,1.58%,12758803149,United States,,212576,Consumer Discretionary,Industrial Specialties
AIV,Apartment Investment and Management Company Common Stock,$2.69 ,0.03,1.13%,386973132,United States,1994,616548,Real Estate,Real Estate Investment Trusts
AIZ,Assurant Inc. Common Stock,$279.19 ,-3.27,-1.16%,13833204774,United States,2004,531173,Finance,Property-Casualty Insurers
AIZN,Assurant Inc. 5.25% Subordinated Notes due 2061,$19.10 ,-0.21,-1.09%,963770930,United States,2020,27914,Finance,Property-Casualty Insurers
AJG,Arthur J. Gallagher & Co. Common Stock,$249.42 ,-7.04,-2.75%,64075998000,United States,,1736115,Finance,Specialty Insurers
AKR,Acadia Realty Trust Common Stock,$22.47 ,0.04,0.18%,3085866263,United States,,1141239,Real Estate,Real Estate Investment Trusts
ALB,Albemarle Corporation Common Stock,$117.64 ,-0.12,-0.10%,13873832344,United States,,3649002,Industrials,Major Chemicals
ALB^A,Albemarle Corporation Depositary Shares each representing a 1/20th of 7.25% Series A Mandatory Convertible Preferred Stock,$49.78 ,-2.59,-4.95%,,United States,,152589,,
ALG,Alamo Group Inc. Common Stock,$159.08 ,1.24,0.79%,1935740004,United States,,110286,Industrials,Industrial Machinery/Components
ALH,Alliance Laundry Holdings Inc. Common Stock,$26.37 ,0.15,0.57%,5237310153,United States,2025,706560,Industrials,Industrial Machinery/Components
ALIT,Alight Inc. Class A Common Stock,$16.98 ,-1.29,-7.06%,456118441,United States,2021,535932,Consumer Discretionary,Business Services
ALK,Alaska Air Group Inc. Common Stock,$47.45 ,0.21,0.45%,5287305006,United States,,1819238,Consumer Discretionary,Air Freight/Delivery Services
ALL,Allstate Corporation (The) Common Stock,$264.08 ,-1.3,-0.49%,67979719194,United States,,1309239,Finance,Property-Casualty Insurers
ALL^B,Allstate Corporation (The) 5.100% Fixed-to-Floating Rate Subordinated Debentures due 2053,$25.55 ,0.02,0.08%,,United States,,55401,,
ALL^H,Allstate Corporation (The) Depositary Shares each representing a 1/1000th interest in a share of Fixed Rate Noncumulative Perpetual Preferred Stock Series H,$19.38 ,-0.02,-0.10%,,United States,,132855,,
ALL^I,Allstate Corporation (The) Depositary Shares each representing a 1/1000th interest in a share of Fixed Rate Noncumulative Perpetual Preferred Stock Series I,$18.25 ,0.03,0.17%,,United States,,39176,,
ALL^J,Allstate Corporation (The) Depositary Shares each representing a 1/1000th interest in a share of Fixed Rate Noncumulative Perpetual Preferred Stock Series J,$25.92 ,-0.01,-0.04%,,United States,,127130,,
ALLE,Allegion plc Ordinary Shares,$157.40 ,0.34,0.22%,13384790116,United States,2013,933964,Consumer Discretionary,Diversified Commercial Services
ALLY,Ally Financial Inc. Common Stock,$43.33 ,-0.15,-0.35%,13180972698,United States,2014,1809266,Finance,Major Banks
ALSN,Allison Transmission Holdings Inc. Common Stock,$114.54 ,-0.9,-0.78%,9499487264,United States,2012,693451,Consumer Discretionary,Auto Parts:O.E.M.
ALTG,Alta Equipment Group Inc. Class A Common Stock,$6.58 ,0.51,8.40%,214083853,United States,2019,200862,Industrials,Industrial Machinery/Components
ALTG^A,Alta Equipment Group Inc. Depositary Shares (each representing 1/1000th in a share of 10% Series A Cumulative Perpetual Preferred Stock),$25.46 ,0.05,0.20%,,United States,,433,,
ALX,Alexander's Inc. Common Stock,$255.00 ,-10.83,-4.07%,1302358950,United States,,41374,Real Estate,Real Estate Investment Trusts
AM,Antero Midstream Corporation Common Stock,$21.97 ,0.42,1.95%,10428587780,United States,2017,3226222,Utilities,Natural Gas Distribution
AMBQ,Ambiq Micro Inc. Common Stock,$63.59 ,0.36,0.57%,1359284197,United States,2025,368869,Technology,Semiconductors
AMC,AMC Entertainment Holdings Inc. Class A Common Stock,$2.82 ,0.05,1.81%,2517145079,United States,2013,39458456,Consumer Discretionary,Movies/Entertainment
AME,AMETEK Inc.,$241.71 ,1.7,0.71%,55400657613,United States,,1051286,Industrials,Industrial Machinery/Components
AMG,Affiliated Managers Group Inc. Common Stock,$366.73 ,1.27,0.35%,9686103932,United States,,232438,Finance,Investment Managers
AMH,American Homes 4 Rent Common Shares of Beneficial Interest,$33.42 ,0.21,0.63%,12051104685,United States,2013,2398362,Real Estate,Real Estate Investment Trusts
AMH^G,American Homes 4 Rent Series G cumulative redeemable perpetual preferred shares of beneficial interest,$22.93 ,-0.61,-2.59%,,United States,,17407,,
AMH^H,American Homes 4 Rent Series H cumulative redeemable perpetual Preferred Shares of Beneficial Interest,$23.79 ,-0.09,-0.38%,,United States,,6684,,
AMN,AMN Healthcare Services Inc,$33.63 ,-1.08,-3.11%,1304374929,United States,,681826,Consumer Discretionary,Professional Services
AMP,Ameriprise Financial Inc. Common Stock,$545.84 ,1.38,0.25%,49069424331,United States,,480586,Finance,Investment Managers
AMPX,Amprius Technologies Inc. Common Stock,$9.60 ,0.13,1.37%,1359620832,United States,2022,5250979,Miscellaneous,Industrial Machinery/Components
AMPY,Amplify Energy Corp. Common Stock,$3.91 ,0.16,4.27%,161433879,United States,2016,389938,Energy,Oil & Gas Production
AMR,Alpha Metallurgical Resources Inc. Common Stock,$137.16 ,-6.65,-4.62%,1743937828,United States,2018,389873,Energy,Coal Mining
AMRC,Ameresco Inc. Class A Common Stock,$21.07 ,0.41,1.99%,1115686356,United States,2010,603073,Consumer Discretionary,Engineering & Construction
AMT,American Tower Corporation (REIT) Common Stock,$173.36 ,-1.1,-0.63%,80778833921,United States,,4301539,Real Estate,Real Estate Investment Trusts
AMTB,Amerant Bancorp Inc. Class A Common Stock,$29.60 ,-0.01,-0.03%,1138666120,United States,,400616,Finance,Major Banks
AMTM,Amentum Holdings Inc. Common Stock,$22.20 ,0.47,2.16%,5423822282,United States,2024,1392362,Consumer Discretionary,Business Services
AMWL,American Well Corporation Class A Common Stock,$10.75 ,-0.09,-0.83%,179616192,United States,2020,65638,Consumer Discretionary,Business Services
AN,AutoNation Inc. Common Stock,$212.40 ,-2.25,-1.05%,7107221538,United States,,1338795,Consumer Discretionary,Retail-Auto Dealers and Gas Stations
ANET,Arista Networks Inc. Common Stock,$180.35 ,9.33,5.46%,2.27097E+11,United States,,8467984,Telecommunications,Computer Communications Equipment
ANF,Abercrombie & Fitch Company Common Stock,$99.54 ,-0.72,-0.72%,4422732413,United States,,676436,Consumer Discretionary,Clothing/Shoe/Accessory Stores
ANG^D,American National Group Inc. Depositary Shares each representing a 1/1000th interest in a share of 7.375% Fixed-Rate Non-Cumulative Preferred Stock Series D,$23.80 ,0.02,0.08%,,United States,,31683,,
ANGX,Angel Studios Inc. Class A Common Stock,$4.06 ,-0.03,-0.73%,756834198,United States,2025,843635,Consumer Discretionary,Movies/Entertainment
ANRO,Alto Neuroscience Inc. Common Stock,$27.07 ,-1.56,-5.45%,1052221078,United States,2024,323684,Health Care,Biotechnology: Pharmaceutical Preparations
ANVS,Annovis Bio Inc. Common Stock,$1.75 ,-0.02,-1.13%,60632019,United States,2020,352324,Health Care,Biotechnology: Pharmaceutical Preparations
AOD,abrdn Total Dynamic Dividend Fund Common Shares of Beneficial Interest,$10.54 ,0.13,1.25%,0,United States,2007,498228,Finance,Investment Managers
AOMD,Angel Oak Mortgage REIT Inc. 9.750% Senior Notes due 2030,$25.30 ,0.065,0.26%,0,United States,2025,5191,Finance,Real Estate
AOMN,Angel Oak Mortgage REIT Inc. 9.500% Senior Notes due 2029,$24.85 ,-0.095,-0.38%,0,United States,2024,6566,Finance,Real Estate
AOMR,Angel Oak Mortgage REIT Inc. Common Stock,$8.85 ,-0.06,-0.67%,220494626,United States,2021,58521,Finance,Real Estate
AON,Aon plc Class A Ordinary Shares (Ireland),$360.55 ,-6.02,-1.64%,76481825229,United States,,1315617,Finance,Specialty Insurers
AORT,Artivion Inc. Common Stock,$26.83 ,-0.84,-3.04%,1302418081,United States,,614667,Health Care,Medical/Dental Instruments
AOS,A.O. Smith Corporation Common Stock,$60.13 ,0.32,0.54%,8287635161,United States,,2938852,Consumer Discretionary,Consumer Electronics/Appliances
AP,Ampco-Pittsburgh Corporation Common Stock,$8.04 ,-0.28,-3.37%,163424168,United States,,63063,Industrials,Fluid Controls
APAM,Artisan Partners Asset Management Inc. Class A Common Stock,$39.24 ,-0.42,-1.06%,3180971176,United States,2013,791555,Finance,Investment Managers
APD,Air Products and Chemicals Inc. Common Stock,$294.89 ,-5.31,-1.77%,65666307495,United States,,1463887,Basic Materials,Major Chemicals
APG,APi Group Corporation Common Stock,$39.68 ,0.48,1.22%,17190486604,United States,2020,3066382,Consumer Discretionary,Engineering & Construction
APH,Amphenol Corporation Common Stock,$160.70 ,0.88,0.55%,1.97699E+11,United States,,9277121,Technology,Electrical Products
APLE,Apple Hospitality REIT Inc. Common Shares,$16.51 ,-0.1,-0.60%,3897475317,United States,2015,3404148,Real Estate,Real Estate Investment Trusts
APO,Apollo Global Management Inc. (New) Common Stock,$125.59 ,5.34,4.44%,72404834458,United States,,4656389,Finance,Investment Managers
APOS,Apollo Global Management Inc. 7.625% Fixed-Rate Resettable Junior Subordinated Notes due 2053,$25.68 ,-0.06,-0.23%,14625640079,United States,1987,51736,Finance,Investment Managers
AQN,Algonquin Power & Utilities Corp. Common Shares,$5.84 ,-0.14,-2.34%,4493633015,United States,2016,6008703,Utilities,Electric Utilities: Central
AQNB,Algonquin Power & Utilities Corp. 6.20% Fixed-to-Floating Subordinated Notes Series 2019-A due July 1 2079,$25.71 ,0.2,0.78%,19745922776,United States,2019,27708,Utilities,Electric Utilities: Central
AR,Antero Resources Corporation Common Stock,$36.14 ,0.84,2.38%,11110845460,United States,2013,5365203,Energy,Oil & Gas Production
ARDC,Ares Dynamic Credit Allocation Fund Inc. Common Shares,$12.38 ,0.04,0.32%,283686945,United States,2012,84435,Finance,Investment Managers
ARDT,Ardent Health Inc. Common Stock,$10.67 ,-0.06,-0.56%,1529544831,United States,2024,423924,Health Care,Hospital/Nursing Management
ARE,Alexandria Real Estate Equities Inc. Common Stock,$51.45 ,-1.04,-1.98%,8966164746,United States,,1559188,Real Estate,Real Estate Investment Trusts
ARES,Ares Management Corporation Class A Common Stock,$128.09 ,3.97,3.20%,42250182414,United States,2014,4178438,Finance,Investment Managers
ARES^B,Ares Management Corporation 6.75% Series B Mandatory Convertible Preferred Stock,$41.12 ,-0.18,-0.44%,,United States,,133292,,
ARI,Apollo Commercial Real Estate Finance Inc,$6.62 ,0.12,1.85%,879465027,United States,2009,3187629,Real Estate,Real Estate Investment Trusts
ARL,American Realty Investors Inc. Common Stock,$15.22 ,0.23,1.53%,245834094,United States,,52938,Real Estate,Other Consumer Services
ARLO,Arlo Technologies Inc. Common Stock,$14.72 ,0.25,1.73%,1598736506,United States,2018,1139208,Consumer Staples,Consumer Electronics/Appliances
ARMK,Aramark Common Stock,$56.97 ,-0.28,-0.49%,14980464541,United States,2013,1510485,Consumer Discretionary,Restaurants
AROC,Archrock Inc. Common Stock,$35.76 ,0.34,0.96%,6267354673,United States,,1223913,Utilities,Natural Gas Distribution
ARR,ARMOUR Residential REIT Inc.,$16.47 ,0.02,0.12%,2752094145,United States,,2789984,Real Estate,Real Estate Investment Trusts
ARR^C,ARMOUR Residential REIT Inc. 7% Series C Cumulative Redeemable Preferred Stock (liquidation preference $25.00 per share),$20.93 ,0.0101,0.05%,,United States,,14187,,
ARW,Arrow Electronics Inc. Common Stock,$216.57 ,3.72,1.75%,11074078685,United States,,459572,Technology,Electronic Components
ASA,ASA  Gold and Precious Metals Limited,$48.93 ,-1.89,-3.72%,891355021,United States,,81913,Industrials,Precious Metals
ASAN,Asana Inc. Class A Common Stock,$8.32 ,0.37,4.65%,1917841761,United States,2020,5703396,Technology,Computer Software: Prepackaged Software
ASB,Associated Banc-Corp Common Stock,$30.88 ,0.12,0.39%,5824227238,United States,,1227100,Finance,Major Banks
ASB^E,Associated Banc-Corp Depositary Shares each representing a 1/40th interest in a share of 5.875% Non-Cumulative Perpetual Preferred Stock Series E,$19.96 ,-0.19,-0.94%,,United States,,11924,,
ASB^F,Associated Banc-Corp Depositary Shares each representing a 1/40th interest in a share of Associated Banc-Corp 5.625% Non-Cumulative Perpetual Preferred Stock Series F,$19.22 ,-0.1,-0.52%,,United States,,6416,,
ASBA,Associated Banc-Corp 6.625% Fixed-Rate Reset Subordinated Notes due 2033,$24.66 ,0.04,0.16%,3721214098,United States,2023,38372,Finance,Major Banks
ASG,Liberty All-Star Growth Fund Inc.,$5.14 ,0.04,0.78%,0,United States,,360343,Finance,Investment Managers
ASGI,abrdn Global Infrastructure Income Fund Common Shares of Beneficial Interest,$23.90 ,0.08,0.34%,0,United States,2020,94907,Finance,Investment Managers
ASH,Ashland Inc. Common Stock,$72.61 ,-0.09,-0.12%,3325056596,United States,,544096,Consumer Discretionary,Specialty Chemicals
ASIX,AdvanSix Inc. Common Stock ,$20.06 ,-0.54,-2.62%,540798262,United States,2016,198089,Industrials,Major Chemicals
ASPN,Aspen Aerogels Inc. Common Stock,$4.63 ,0.12,2.66%,383722607,United States,2014,991550,Consumer Discretionary,RETAIL: Building Materials
ATEN,A10 Networks Inc. Common Stock,$29.57 ,-0.38,-1.27%,2128986035,United States,2014,1702039,Telecommunications,Computer Communications Equipment
ATI,ATI Inc. Common Stock,$187.44 ,5.54,3.05%,25580016837,United States,,1157171,Industrials,Steel/Iron Ore
ATKR,Atkore Inc. Common Stock,$72.96 ,1.96,2.76%,2463659727,United States,2016,581805,Miscellaneous,Industrial Machinery/Components
ATMU,Atmus Filtration Technologies Inc. Common Stock,$51.63 ,0,0.00%,4216747458,United States,2023,450371,Consumer Discretionary,Auto Parts:O.E.M.
ATO,Atmos Energy Corporation Common Stock,$172.78 ,-1.48,-0.85%,28840406845,United States,,1045647,Utilities,Oil/Gas Transmission
ATR,AptarGroup Inc. Common Stock,$133.96 ,0.09,0.07%,8549369531,United States,,886537,Industrials,Plastic Products
AUB,Atlantic Union Bankshares Corporation Common Stock,$42.43 ,0.15,0.36%,6072397963,United States,,908826,Finance,Major Banks
AUB^A,Atlantic Union Bankshares Corporation Depositary Shares each representing a 1/400th ownership interest in a share of 6.875% Perpetual Non-Cumulative Preferred Stock Series A,$24.45 ,-0.07,-0.29%,,United States,,6557,,
AVA,Avista Corporation Common Stock,$40.45 ,-0.58,-1.41%,3342724494,United States,,980350,Utilities,Power Generation
AVB,AvalonBay Communities Inc. Common Stock,$185.61 ,-2.17,-1.16%,25820591127,United States,,729875,Real Estate,Real Estate Investment Trusts
AVBC,Avidia Bancorp Inc. Common Stock,$22.30 ,-0.11,-0.49%,447700375,United States,2025,95493,Finance,Banks
AVD,American Vanguard Corporation Common Stock ($0.10 Par Value),$2.39 ,-0.07,-2.85%,81844546,United States,1998,126842,Industrials,Agricultural Chemicals
AVK,Advent Convertible and Income Fund,$12.38 ,0.07,0.57%,0,United States,2003,137687,Finance,Trusts Except Educational Religious and Charitable
AVNT,Avient Corporation Common Stock,$36.32 ,-0.36,-0.98%,3330913265,United States,,630822,Industrials,Major Chemicals
AVTR,Avantor Inc. Common Stock,$13.78 ,-0.08,-0.58%,9320224815,United States,2019,12415936,Industrials,Biotechnology: Laboratory Analytical Instruments
AVY,Avery Dennison Corporation Common Stock,$169.73 ,-5.09,-2.91%,12982713046,United States,,1336988,Consumer Discretionary,Containers/Packaging
AWF,Alliancebernstein Global High Income Fund,$10.09 ,-0.02,-0.20%,0,United States,1993,302238,Finance,Trusts Except Educational Religious and Charitable
AWI,Armstrong World Industries Inc Common Stock,$174.66 ,0.29,0.17%,7381625189,United States,,587693,Industrials,Plastic Products
AWK,American Water Works Company Inc. Common Stock,$134.17 ,-2.64,-1.93%,26663468454,United States,2008,3254363,Utilities,Water Supply
AWP,abrdn Global Premier Properties Fund Common Shares of Beneficial Interest,$12.06 ,-0.09,-0.74%,0,United States,2007,204608,Finance,Trusts Except Educational Religious and Charitable
AWR,American States Water Company Common Stock,$85.64 ,-0.32,-0.37%,3356458803,United States,,346494,Utilities,Water Supply
AX,Axos Financial Inc. Common Stock,$101.41 ,2.93,2.98%,5768670835,United States,2018,599117,Finance,Savings Institutions
AXP,American Express Company Common Stock,$336.25 ,-1.27,-0.38%,2.27073E+11,United States,,2349260,Finance,Finance: Consumer Services
AXR,AMREP Corporation Common Stock,$23.24 ,-0.23,-0.98%,123749491,United States,,7758,Real Estate,Homebuilding
AXTA,Axalta Coating Systems Ltd. Common Shares,$35.81 ,-0.22,-0.61%,7664056093,United States,2014,1357918,Consumer Discretionary,Paints/Coatings
AYI,Acuity Inc. Common Stock,$328.39 ,-9.46,-2.80%,9830534279,United States,,569215,Consumer Discretionary,Building Products
AZO,AutoZone Inc. Common Stock,"$3,016.25 ",9.68,0.32%,49241352019,United States,,121168,Consumer Discretionary,Auto & Home Supply Stores
AZZ,AZZ Inc.,$144.72 ,-0.24,-0.17%,4349053225,United States,,285381,Industrials,Industrial Specialties
BA,Boeing Company (The) Common Stock,$216.14 ,-4.76,-2.16%,1.70831E+11,United States,,7317543,Industrials,Aerospace
BA^A,Boeing Company (The) Depositary Shares each representing a 1/20th interest in a share of 6.00% Series A Mandatory Convertible Preferred Stock par value $1.00,$66.81 ,-1.55,-2.27%,,United States,,504708,,
BAC,Bank of America Corporation Common Stock,$61.95 ,0.22,0.36%,4.39634E+11,United States,,27282518,Finance,Major Banks
BAC^B,Bank of America Corporation Depositary Shares each representing a 1/1000th interest in a share of 6.000% Non-Cumulative Preferred Stock Series GG,$24.58 ,-0.36,-1.44%,,United States,,128859,,
BAC^E,Bank of America Corporation Depositary Sh repstg 1/1000th Perp Pfd Ser E,$18.26 ,-0.51,-2.72%,,United States,,88417,,
BAC^K,Bank of America Corporation Depositary Shares each representing a 1/1000th interest in a share of 5.875% Non- Cumulative Preferred Stock Series HH,$23.99 ,-0.07,-0.29%,,United States,,119371,,
BAC^L,Bank of America Corporation Non Cumulative Perpetual Conv Pfd Ser L,"$1,289.90 ",3.69,0.29%,,United States,,11737,,
BAC^M,Bank of America Corporation Depositary Shares each representing a 1/1000th interest in a share of 5.375% Non-Cumulative Preferred Stock Series KK,$20.94 ,-0.13,-0.62%,,United States,,380317,,
BAC^N,Bank of America Corporation Depositary shares each representing 1/1000th interest in a share of 5.000% Non-Cumulative Preferred Stock Series LL,$19.58 ,-0.08,-0.41%,,United States,,127381,,
BAC^O,Bank of America Corporation Depositary shares each representing 1/1000th interest in a share of 4.375% Non-Cumulative Preferred Stock Series NN,$17.06 ,-0.1,-0.58%,,United States,,160735,,
BAC^P,Bank of America Corporation Depositary Shares each representing a 1/1000th interest in a share of 4.125% Non-Cumulative Preferred Stock Series PP,$16.24 ,-0.16,-0.98%,,United States,,132991,,
BAC^Q,Bank of America Corporation Depositary shares each representing 1/1000th interest in a share of 4.250% Non-Cumulative Preferred Stock Series QQ,$16.41 ,-0.38,-2.26%,,United States,,302693,,
BAC^S,Bank of America Corporation Depositary shares each representing 1/1000th interest in a share of 4.750% Non-Cumulative Preferred Stock Series SS,$18.46 ,-0.47,-2.48%,,United States,,182801,,
BAH,Booz Allen Hamilton Holding Corporation Common Stock,$69.72 ,1.41,2.06%,8386268318,United States,2010,2276552,Consumer Discretionary,Professional Services
BALL,Ball Corporation Common Stock,$64.90 ,-0.41,-0.63%,17279398564,United States,,2168686,Industrials,Containers/Packaging
BALY,Bally's Corporation Common Stock,$13.93 ,-0.38,-2.66%,681856714,United States,2024,44767,Consumer Discretionary,Hotels/Resorts
BANC,Banc of California Inc. Common Stock,$19.15 ,0.31,1.65%,3033982758,United States,,4663362,Finance,Major Banks
BANC^F,Banc of California Inc. Depositary Shares each representing a 1/40th interest in a share of 7.75% non-cumulative perpetual preferred stock Series F,$25.24 ,-0.07,-0.28%,,United States,,26166,,
BARK,BARK Inc. Class A Common Stock,$9.06 ,0.23,2.61%,79663756,United States,2020,59836,Consumer Discretionary,Other Specialty Stores
BAX,Baxter International Inc. Common Stock,$26.16 ,-0.59,-2.21%,13510829249,United States,,9282411,Health Care,Medical/Dental Instruments
BBAI,BigBear.ai Inc. Common Stock,$2.79 ,-0.04,-1.41%,1336268966,United States,2021,39402916,Technology,Computer Software: Prepackaged Software
BBBY,Bed Bath & Beyond Inc. Common Stock,$5.05 ,0.1,2.02%,481418414,United States,,1758493,Consumer Discretionary,Catalog/Specialty Distribution
BBDC,Barings BDC Inc. Common Stock,$8.25 ,-0.01,-0.12%,863831793,United States,,652538,Finance,Diversified Financial Services
BBN,BlackRock Taxable Municipal Bond Trust Common Shares of Beneficial Interest,$15.82 ,0.02,0.13%,0,United States,2010,247881,Finance,Finance Companies
BBT,Beacon Financial Corporation Common stock,$31.51 ,0.88,2.87%,2641044870,United States,,1059965,Finance,Banks
BBW,Build-A-Bear Workshop Inc. Common Stock,$33.92 ,-1.35,-3.83%,425270067,United States,2004,267102,Consumer Discretionary,Recreational Games/Products/Toys
BBWI,Bath & Body Works Inc.,$20.12 ,0.17,0.85%,4055423657,United States,,4038269,Consumer Discretionary,Clothing/Shoe/Accessory Stores
BBY,Best Buy Co. Inc. Common Stock,$86.26 ,-1.56,-1.78%,18180772289,United States,,3807055,Consumer Discretionary,Consumer Electronics/Video Chains
BC,Brunswick Corporation Common Stock,$79.00 ,-0.75,-0.94%,5132980602,United States,,1160861,Industrials,Industrial Machinery/Components
BC^C,Brunswick Corporation 6.375% Notes due 2049,$24.10 ,0.15,0.63%,,United States,,24296,,
BCAT,BlackRock Capital Allocation Term Trust Common Shares of Beneficial Interest,$15.76 ,0.14,0.90%,1704207600,United States,2020,1046220,Finance,Finance/Investors Services
BCC,Boise Cascade L.L.C. Common Stock,$76.38 ,1,1.33%,2687792036,United States,2013,302421,Consumer Discretionary,RETAIL: Building Materials
BCO,Brinks Company (The) Common Stock,$118.45 ,0.97,0.83%,4877842544,United States,,436812,Industrials,Integrated Freight & Logistics
BCSF,Bain Capital Specialty Finance Inc. Common Stock,$12.42 ,-0.07,-0.56%,805666857,United States,2018,326646,Finance,Finance/Investors Services
BCX,BlackRock Resources Common Shares of Beneficial Interest,$12.05 ,0.22,1.86%,1022539021,United States,2011,180750,Finance,Finance/Investors Services
BDC,Belden Inc Common Stock,$124.05 ,6.94,5.93%,4831008162,United States,,745861,Industrials,Telecommunications Equipment
BDJ,Blackrock Enhanced Equity Dividend Trust,$9.78 ,0.09,0.93%,1731041535,United States,2005,722384,Finance,Finance Companies
BDN,Brandywine Realty Trust Common Stock,$3.04 ,-0.01,-0.33%,530713767,United States,,2788275,Real Estate,Real Estate Investment Trusts
BDX,Becton Dickinson and Company Common Stock,$165.62 ,0.17,0.10%,45635005520,United States,,2024693,Health Care,Medical/Dental Instruments
BE,Bloom Energy Corporation Class A Common Stock,$205.81 ,-1.31,-0.63%,60616673080,United States,2018,21881857,Energy,Industrial Machinery/Components
BEN,Franklin Resources Inc. Common Stock,$33.86 ,0.69,2.08%,17594914305,United States,,11986153,Finance,Investment Managers
BEPC,Brookfield Renewable Corporation Brookfield Renewable Corporation Class A Subordinate Voting Shares,$33.35 ,0.21,0.63%,12569155904,United States,,1597766,Utilities,Electric Utilities: Central
BETA,Beta Technologies Inc. Class A Common Stock,$18.93 ,1.36,7.74%,4368211440,United States,2025,1338208,Industrials,Aerospace
BF/A,Brown Forman Corporation,$29.22 ,0.01,0.03%,,United States,,138940,,
BF/B,Brown Forman Corporation,$28.73 ,-0.1,-0.35%,,United States,,2931853,,
BFAM,Bright Horizons Family Solutions Inc. Common Stock,$74.54 ,-3.41,-4.38%,3921301555,United States,2013,1089805,Consumer Discretionary,Other Consumer Services
BFH,Bread Financial Holdings Inc. Common Stock,$108.07 ,-2.55,-2.31%,4151970293,United States,,561308,Consumer Discretionary,Business Services
BFH^A,Bread Financial Holdings Inc. Depositary Shares each representing a 1/40th interest in a share of 8.625% Non-Cumulative Perpetual Preferred Stock Series A,$25.24 ,0.13,0.52%,,United States,,4546,,
BFH^B,Bread Financial Holdings Inc. Depositary Shares each representing a 1/40th interest in a share of 8.875% Fixed Rate Reset Non-Cumulative Perpetual Preferred Stock Series B,$25.06 ,-0.08,-0.32%,,United States,,24667,,
BFLY,Butterfly Network Inc. Class A Common Stock,$7.11 ,-1.06,-12.97%,1857627603,United States,2020,10879314,Health Care,Medical Electronics
BFS,Saul Centers Inc. Common Stock,$34.07 ,-0.59,-1.70%,835932798,United States,1993,86369,Real Estate,Real Estate Investment Trusts
BFS^D,Saul Centers Inc. Depositary Shares each representing 1/100th of a share of 6.125% Series D Cumulative Redeemable Preferred Stock,$21.00 ,0.04,0.19%,,United States,,2721,,
BFS^E,Saul Centers Inc. Depositary shares each representing a 1/100th fractional interest in a share of 6.000% Series E Cumulative Redeemable Preferred Stock,$21.61 ,-0.39,-1.77%,,United States,,1840,,
BG,Bunge Limited Common Shares,$106.23 ,1.16,1.10%,20408814436,United States,,1600144,Consumer Staples,Packaged Foods
BGB,Blackstone Strategic Credit 2027 Term Fund Common Shares of Beneficial Interest,$11.17 ,0,0.00%,0,United States,2012,172857,Finance,Trusts Except Educational Religious and Charitable
BGH,Barings Global Short Duration High Yield Fund Common Shares of Beneficial Interests,$14.03 ,0.03,0.21%,0,United States,2012,84989,Finance,Investment Managers
BGR,BlackRock Energy and Resources Trust,$16.55 ,0.18,1.10%,2243951511,United States,2004,81359,Finance,Trusts Except Educational Religious and Charitable
BGS,B&G Foods Inc. Common Stock,$3.53 ,-0.08,-2.22%,286519514,United States,,1705072,Consumer Staples,Packaged Foods
BGSF,BGSF Inc. Common Stock,$5.55 ,0.3,5.71%,62404017,United States,,14682,Consumer Discretionary,Professional Services
BGT,BlackRock Floating Rate Income Trust,$10.83 ,0.08,0.74%,0,United States,2004,122080,Finance,Trusts Except Educational Religious and Charitable
BGY,Blackrock Enhanced International Dividend Trust,$5.78 ,0.03,0.52%,0,United States,2007,236792,Finance,Trusts Except Educational Religious and Charitable
BH,Biglari Holdings Inc. Class B Common Stock,$397.49 ,-1.53,-0.38%,911967667,United States,2018,198896,Consumer Discretionary,Restaurants
BHE,Benchmark Electronics Inc. Common Stock,$79.77 ,0.35,0.44%,2865333055,United States,,411496,Technology,Electrical Products
BHK,Blackrock Core Bond Trust,$8.90 ,-0.07,-0.78%,0,United States,2001,258014,Finance,Finance Companies
BHR,Braemar Hotels & Resorts Inc. Common Stock,$2.27 ,-0.06,-2.58%,155902052,United States,2013,341887,Real Estate,Real Estate Investment Trusts
BHR^B,Braemar Hotels & Resorts Inc. 5.50% Series B Cumulative Convertible Preferred Stock par value $0.01 per share,$14.10 ,0.06,0.43%,,United States,,3811,,
BHR^D,Braemar Hotels & Resorts Inc. 8.25% Series D Cumulative Preferred Stock  par value $0.01 per share,$17.10 ,-0.32,-1.84%,,United States,,5077,,
BHV,BlackRock Virginia Municipal Bond Trust,$12.81 ,0,0.00%,0,United States,2002,4946,Finance,Finance/Investors Services
BHVN,Biohaven Ltd. Common Shares ,$13.50 ,-0.32,-2.32%,2031837615,United States,2022,1429824,Health Care,Biotechnology: Pharmaceutical Preparations
BILL,BILL Holdings Inc. Common Stock,$45.13 ,-0.26,-0.57%,4494800290,United States,2019,2206038,Technology,EDP Services
BIO,Bio-Rad Laboratories Inc. Class A Common Stock,$325.48 ,-1.24,-0.38%,8710364917,United States,1980,190143,Industrials,Biotechnology: Laboratory Analytical Instruments
BIO/B,Bio-Rad Laboratories Inc.,$309.37 ,0,0.00%,,United States,,7,,
BIT,BlackRock Multi-Sector Income Trust Common Shares of Beneficial Interest,$12.23 ,0.03,0.25%,0,United States,2013,292647,Finance,Trusts Except Educational Religious and Charitable
BJ,BJ's Wholesale Club Holdings Inc. Common Stock,$97.78 ,-0.67,-0.68%,12485918049,United States,2018,1107140,Consumer Discretionary,Department/Specialty Retail Stores
BKD,Brookdale Senior Living Inc. Common Stock,$14.60 ,-0.02,-0.14%,3486331022,United States,2005,3693985,Health Care,Hospital/Nursing Management
BKE,Buckle Inc. (The) Common Stock,$43.77 ,-0.24,-0.55%,2254946624,United States,,341270,Consumer Discretionary,Clothing/Shoe/Accessory Stores
BKH,Black Hills Corporation Common Stock,$71.21 ,-1.02,-1.41%,5421083283,United States,,964097,Utilities,Electric Utilities: Central
BKKT,Bakkt Inc. Class A Common Stock,$7.17 ,-0.27,-3.63%,319870399,United States,,1029466,Finance,Finance: Consumer Services
BKSY,BlackSky Technology Inc. Class A Common Stock,$23.05 ,0.59,2.63%,943243479,United States,2019,860789,Technology,Radio And Television Broadcasting And Communications Equipment
BKT,BlackRock Income Trust Inc. (The),$10.18 ,-0.04,-0.39%,1514401955,United States,,154712,Finance,Investment Bankers/Brokers/Service
BKU,BankUnited Inc. Common Stock,$46.65 ,0.57,1.24%,3390601958,United States,2011,730331,Finance,Savings Institutions
BKV,BKV Corporation Common Stock,$24.46 ,0.39,1.62%,2675596505,United States,2024,738565,Energy,Oil & Gas Production
BLDR,Builders FirstSource Inc. Common Stock,$66.44 ,0.43,0.65%,7146278161,United States,2005,3117360,Consumer Discretionary,RETAIL: Building Materials
BLK,BlackRock Inc. Common Stock,"$1,090.39 ",-7.98,-0.73%,1.69266E+11,United States,1999,378160,Finance,Investment Bankers/Brokers/Service
BLND,Blend Labs Inc. Class A Common Stock,$1.78 ,0.03,1.71%,430967648,United States,2021,1070682,Technology,Computer Software: Programming Data Processing
BLW,Blackrock Limited Duration Income Trust,$12.54 ,-0.02,-0.16%,447819113,United States,2003,129723,Consumer Discretionary,Other Consumer Services
BME,Blackrock Health Sciences Trust,$43.49 ,-0.04,-0.09%,579852953,United States,2005,85040,Finance,Trusts Except Educational Religious and Charitable
BMEZ,BlackRock Health Sciences Term Trust Common Shares of Beneficial Interest,$15.48 ,-0.12,-0.77%,206395119,United States,2020,151812,Finance,Trusts Except Educational Religious and Charitable
BMI,Badger Meter Inc. Common Stock,$134.35 ,3.96,3.04%,3894382894,United States,1971,636248,Industrials,Industrial Machinery/Components
BML^G,Bank of America Corporation Depositary Shares (Each representing a 1/1200th interest in a share of Floating Rate Non-Cumulative Preferred Stock  Series 1),$18.73 ,-0.05,-0.27%,,United States,,4398,,
BML^H,Bank of America Corporation Depositary Shares (Each representing a 1/1200th interest in a Share of Floating Rate Non-Cumulative Preferred Stock Series 2),$18.57 ,-0.16,-0.85%,,United States,,78463,,
BML^J,Bank of America Corporation Depositary Shares (Each representing a 1/1200th interest in a Share of Floating Rate Non-Cumulative Preferred Stock Series 4),$19.50 ,-0.1734,-0.88%,,United States,,44321,,
BML^L,Bank of America Corporation Depositary Shares (Each representing a 1/1200th Interest in a Share of Floating Rate Non-Cumulative Preferred Stock Series 5),$18.85 ,-0.4,-2.08%,,United States,,75750,,
BMNR,BitMine Immersion Technologies Inc. Common Stock,$17.28 ,-0.8,-4.43%,10423752088,United States,2025,35638028,Finance,Finance: Consumer Services
BMY,Bristol-Myers Squibb Company Common Stock,$65.31 ,0.45,0.69%,1.33368E+11,United States,,14574050,Health Care,Biotechnology: Pharmaceutical Preparations
BNED,Barnes & Noble Education Inc Common Stock,$12.44 ,0.02,0.16%,430963548,United States,2015,143523,Consumer Discretionary,Other Specialty Stores
BNL,Broadstone Net Lease Inc. Common Stock,$21.41 ,-0.09,-0.42%,4108428509,United States,2020,1495590,Real Estate,Real Estate Investment Trusts
BNY,The Bank of New York Mellon Corporation Common Stock,$156.33 ,0.25,0.16%,1.07302E+11,United States,,2335997,Finance,Major Banks
BNY^K,The Bank Of New York Mellon Corporation  Depositary Shares each representing a 1/4000th interest in a share of Series K Noncumulative Perpetual Preferred Stock,$24.97 ,0.02,0.08%,,United States,,269448,,
BOC,Boston Omaha Corporation Class A Common Stock,$14.18 ,0.13,0.93%,431134491,United States,2022,67061,Finance,Real Estate
BOE,Blackrock Enhanced Global Dividend Trust Common Shares of Beneficial Interest,$12.11 ,-0.03,-0.25%,0,United States,2005,87505,Finance,Trusts Except Educational Religious and Charitable
BOH,Bank of Hawaii Corporation Common Stock,$79.90 ,0.03,0.04%,3152086640,United States,,397833,Finance,Major Banks
BOH^A,Bank of Hawaii Corporation Depositary Shares Each Representing a 1/40th Interest in a Share of 4.375% Fixed Rate Non-Cumulative Perpetual Preferred Stock Series A,$15.28 ,-0.08,-0.52%,,United States,,13092,,
BOH^B,Bank of Hawaii Corporation Depositary Shares Each Representing a 1/40th Interest in a Share of 8.000% Fixed Rate Non-Cumulative Perpetual Preferred Stock Series B,$26.33 ,-0.17,-0.64%,,United States,,20574,,
BOOT,Boot Barn Holdings Inc. Common Stock,$148.99 ,-5.38,-3.49%,4512138908,United States,2014,927013,Consumer Discretionary,Clothing/Shoe/Accessory Stores
BOW,Bowhead Specialty Holdings Inc. Common Stock,$30.59 ,0.14,0.46%,1004515491,United States,2024,107238,Finance,Property-Casualty Insurers
BOX,Box Inc. Class A Common Stock,$31.55 ,0.46,1.48%,4368091979,United States,2015,1869960,Technology,Computer Software: Prepackaged Software
BR,Broadridge Financial Solutions Inc. Common Stock,$153.95 ,-0.82,-0.53%,17805594823,United States,,935509,Consumer Discretionary,Business Services
BRBR,BellRing Brands Inc. Common Stock ,$12.39 ,-0.76,-5.78%,1440682562,United States,2022,3265635,Consumer Staples,Packaged Foods
BRC,Brady Corporation Common Stock,$94.27 ,1.13,1.21%,4441322713,United States,,180038,Consumer Discretionary,Miscellaneous manufacturing industries
BRCC,BRC Inc. Class A Common Stock,$1.03 ,0.01,0.98%,256987362,United States,2022,477971,Consumer Staples,Beverages (Production/Distribution)
BRK/A,Berkshire Hathaway Inc.,"$766,600.01 ",1610,0.21%,1.12757E+12,United States,,163,,
BRK/B,Berkshire Hathaway Inc.,$511.54 ,1.86,0.37%,1.12862E+12,United States,,3934348,,
BRO,Brown & Brown Inc. Common Stock,$70.40 ,-0.47,-0.66%,23556569133,United States,,2741986,Finance,Specialty Insurers
BROS,Dutch Bros Inc. Class A Common Stock,$65.83 ,0.4,0.61%,11497094495,United States,2021,2003151,Consumer Discretionary,Restaurants
BRSL,Brightstar Lottery PLC Trading under the Legal Name to begin at the market open on July 21 2025. Ordinary Shares,$10.04 ,-0.13,-1.28%,1852380000,United States,2015,1523466,Consumer Discretionary,Services-Misc. Amusement & Recreation
BRSP,BrightSpire Capital Inc. Class A Common Stock,$5.01 ,0.02,0.40%,633886142,United States,2018,2227842,Real Estate,Real Estate Investment Trusts
BRT,BRT Apartments Corp. (MD) Common Stock,$14.91 ,-0.19,-1.26%,280640791,United States,,59757,Real Estate,Real Estate Investment Trusts
BRW,Saba Capital Income & Opportunities Fund SBI,$6.61 ,-0.11,-1.64%,0,United States,,268760,Finance,Trusts Except Educational Religious and Charitable
BRX,Brixmor Property Group Inc. Common Stock,$31.51 ,0.01,0.03%,9669546677,United States,2013,1902522,Real Estate,Real Estate Investment Trusts
BSL,Blackstone Senior Floating Rate 2027 Term Fund Common Shares of Beneficial Interest,$12.95 ,-0.02,-0.15%,0,United States,2010,26864,Finance,Trusts Except Educational Religious and Charitable
BSM,Black Stone Minerals L.P. Common units representing limited partner interests,$14.95 ,0.15,1.01%,3176864998,United States,2015,147027,Energy,Oil & Gas Production
BST,BlackRock Science and Technology Trust Common Shares of Beneficial Interest,$46.26 ,0.59,1.29%,1025021216,United States,2014,94297,Finance,Finance Companies
BSTZ,BlackRock Science and Technology Term Trust Common Shares of Beneficial Interest,$28.43 ,0.49,1.75%,629947107,United States,2019,171679,Finance,Trusts Except Educational Religious and Charitable
BSX,Boston Scientific Corporation Common Stock,$46.73 ,0.73,1.59%,69457377515,United States,,18685808,Health Care,Medical/Dental Instruments
BTGO,BitGo Holdings Inc. Class A Common Stock,$4.86 ,-0.19,-3.76%,563562728,United States,2026,682509,Finance,Finance: Consumer Services
BTO,John Hancock Financial Opportunities Fund Common Stock,$40.28 ,-0.41,-1.01%,0,United States,1994,53194,Finance,Investment Managers
BTT,BlackRock Municipal 2030 Target Term Trust,$22.40 ,-0.14,-0.62%,0,United States,2012,72273,Finance,Investment Managers
BTU,Peabody Energy Corporation Common Stock ,$21.32 ,-0.08,-0.37%,2597501498,United States,2017,2128888,Energy,Coal Mining
BTX,BlackRock Technology and Private Equity Term Trust Common Shares of Beneficial Interest,$8.05 ,0.15,1.90%,1898159201,United States,2021,701624,,
BTZ,BlackRock Credit Allocation Income Trust,$9.97 ,-0.05,-0.50%,1078105950,United States,2006,250478,Finance,Finance/Investors Services
BUI,BlackRock Utility Infrastructure & Power Opportunities Trust,$27.31 ,-0.08,-0.29%,0,United States,2011,75552,Finance,Trusts Except Educational Religious and Charitable
BURL,Burlington Stores Inc. Common Stock,$368.48 ,-3.71,-1.00%,23192944067,United States,2013,484047,Consumer Discretionary,Department/Specialty Retail Stores
BV,BrightView Holdings Inc. Common Stock,$13.04 ,-0.15,-1.14%,1215328000,United States,2018,775483,Consumer Discretionary,Business Services
BW,Babcock & Wilcox Enterprises Inc. Common Stock,$9.32 ,-0.15,-1.58%,1387184429,United States,2015,3594754,Industrials,Building Products
BW^A,Babcock & Wilcox Enterprises Inc. 7.75% Series A Cumulative Perpetual Preferred Stock,$21.75 ,-0.09,-0.41%,,United States,,19096,,
BWA,BorgWarner Inc. Common Stock,$63.74 ,-0.67,-1.04%,13074026339,United States,,1931129,Consumer Discretionary,Auto Parts:O.E.M.
BWG,BrandywineGLOBAL Global Income Opportunities Fund Inc.,$7.73 ,0.04,0.52%,0,United States,2012,45580,Finance,Finance/Investors Services
BWNB,Babcock & Wilcox Enterprises Inc. 6.50% Senior Notes due 2026,$25.22 ,-0.02,-0.08%,2549680009,United States,2021,17231,Industrials,Building Products
BWXT,BWX Technologies Inc. Common Stock,$168.70 ,3.11,1.88%,15455391286,United States,,887143,Industrials,Industrial Machinery/Components
BX,Blackstone Inc. Common Stock,$127.75 ,-0.32,-0.25%,94902895344,United States,2007,4894399,Finance,Investment Managers
BXC,Bluelinx Holdings Inc. Common Stock,$54.22 ,0.76,1.42%,421961457,United States,2004,170777,Consumer Discretionary,Wholesale Distributors
BXMT,Blackstone Mortgage Trust Inc. Common Stock,$14.54 ,-0.43,-2.87%,2452658381,United States,,6003357,Real Estate,Real Estate Investment Trusts
BXP,BXP Inc. Common Stock,$70.12 ,-1.55,-2.16%,11182554657,United States,1997,1834415,Real Estate,Real Estate Investment Trusts
BY,Byline Bancorp Inc. Common Stock,$39.27 ,0.05,0.13%,1783221601,United States,2017,208417,Finance,Major Banks
BYD,Boyd Gaming Corporation Common Stock,$85.06 ,-1.99,-2.29%,6322523069,United States,1993,1142582,Consumer Discretionary,Hotels/Resorts
BZH,Beazer Homes USA Inc. Common Stock,$32.10 ,-0.49,-1.50%,877415783,United States,1994,343791,Consumer Discretionary,Homebuilding
C,Citigroup Inc. Common Stock,$132.45 ,0.13,0.10%,2.25904E+11,United States,,9603647,Finance,Major Banks
C^N,Citigroup Capital XIII 7.875% Fixed rate Floating Rate trust Preferred Securities (TruPS),$27.33 ,-0.1,-0.37%,,United States,,436955,,
C^R,Citigroup Inc. Depositary Shares Each Representing a 1/1000th Interest in a Share of 6.250% Noncumulative Preferred Stock Series II,$24.57 ,0.07,0.29%,,United States,,161724,,
CABO,Cable One Inc. Common Stock,$39.99 ,0.43,1.09%,226857391,United States,2015,138019,Telecommunications,Cable & Other Pay Television Services
CACI,CACI International Inc. Class A Common Stock,$497.75 ,20.4,4.27%,10995947064,United States,,228939,Technology,EDP Services
CAF,Morgan Stanley China A Share Fund Inc. Common Stock,$19.15 ,-0.18,-0.93%,0,United States,2006,25017,Finance,Investment Managers
CAG,ConAgra Brands Inc. Common Stock,$14.51 ,-0.52,-3.46%,6943987465,United States,,12973003,Consumer Staples,Packaged Foods
CAH,Cardinal Health Inc. Common Stock,$230.03 ,2.96,1.30%,53874372826,United States,,1737781,Health Care,Other Pharmaceuticals
CAL,Caleres Inc. Common Stock,$12.84 ,-0.18,-1.38%,431292313,United States,,454011,Consumer Discretionary,Shoe Manufacturing
CALX,Calix Inc Common Stock,$35.90 ,0.72,2.05%,2260407205,United States,2010,1754825,Consumer Discretionary,Telecommunications Equipment
CALY,Callaway Golf Company Common Stock,$18.46 ,-0.07,-0.38%,3359278271,United States,,1154341,Consumer Discretionary,Recreational Games/Products/Toys
CAPL,CrossAmerica Partners LP Common Units representing limited partner interests,$22.21 ,0.43,1.97%,847407692,United States,2012,113889,Energy,Oil Refining/Marketing
CARR,Carrier Global Corporation Common Stock ,$61.81 ,0.42,0.68%,50951531773,United States,2020,8660315,Industrials,Industrial Machinery/Components
CARS,Cars.com Inc. Common Stock ,$11.85 ,-0.03,-0.25%,675681857,United States,2017,603709,Technology,EDP Services
CAT,Caterpillar Inc. Common Stock,$814.81 ,5.67,0.70%,3.75332E+11,United States,,2395725,Industrials,Construction/Ag Equipment/Trucks
CATO,Cato Corporation (The) Class A Common Stock,$3.42 ,0.09,2.70%,68259294,United States,,58663,Consumer Discretionary,Clothing/Shoe/Accessory Stores
CAVA,CAVA Group Inc. Common Stock,$65.23 ,-1.21,-1.82%,7597589627,United States,2023,2155518,Consumer Discretionary,Restaurants
CBAN,Colony Bankcorp Inc. Common Stock,$21.92 ,0.17,0.78%,463819944,United States,,218968,Finance,Major Banks
CBL,CBL & Associates Properties Inc. Common Stock,$58.71 ,0.43,0.74%,1816766742,United States,2021,292582,Real Estate,Real Estate Investment Trusts
CBRE,CBRE Group Inc Common Stock Class A,$146.81 ,-2.65,-1.77%,42512549499,United States,,1831036,Finance,Real Estate
CBT,Cabot Corporation Common Stock,$88.02 ,-0.21,-0.24%,4543717124,United States,,454579,Industrials,Major Chemicals
CBU,Community Financial System Inc. Common Stock,$64.81 ,-0.27,-0.42%,3406084948,United States,,317264,Finance,Major Banks
CBZ,CBIZ Inc. Common Stock,$55.08 ,-0.17,-0.31%,2954972159,United States,,1725971,Consumer Discretionary,Business Services
CC,Chemours Company (The) Common Stock,$16.61 ,-0.5,-2.92%,2497773746,United States,2015,1935955,Industrials,Major Chemicals
CCI,Crown Castle Inc. Common Stock,$76.30 ,-0.21,-0.27%,33301286303,United States,,5006084,Real Estate,Real Estate Investment Trusts
CCK,Crown Holdings Inc.,$117.85 ,-0.52,-0.44%,13169338813,United States,,973542,Industrials,Containers/Packaging
CCL,Carnival Corporation Ltd. Common Shares,$27.81 ,0.04,0.14%,38089941999,United States,1987,17264833,Consumer Discretionary,Marine Transportation
CCO,Clear Channel Outdoor Holdings Inc. Common Stock,$2.42 ,0.01,0.42%,1231740085,United States,2005,13987540,Consumer Discretionary,Advertising
CCS,Century Communities Inc. Common Stock,$67.16 ,-1.41,-2.06%,1909553564,United States,2014,195403,Consumer Discretionary,Homebuilding
CCZ,Comcast Holdings ZONES,$65.99 ,0,0.00%,2.34175E+11,United States,,138,Telecommunications,Cable & Other Pay Television Services
CDE,Coeur Mining Inc. Common Stock,$14.91 ,-0.49,-3.18%,15424555521,United States,,30364691,Basic Materials,Precious Metals
CDP,COPT Defense Properties Common Shares of Beneficial Interest,$37.96 ,-0.39,-1.02%,4303786479,United States,,863005,Real Estate,Real Estate Investment Trusts
CDR^B,Cedar Realty Trust Inc. 7.25% Series B Cumulative Redeemable Preferred Stock,$18.26 ,0.8561,4.92%,,United States,,8701,,
CDR^C,Cedar Realty Trust Inc. 6.50% Series C Cumulative Redeemable Preferred Stock,$17.09 ,0.84,5.17%,,United States,,3743,,
CDRE,Cadre Holdings Inc. Common Stock,$30.83 ,0.23,0.75%,1319445414,United States,2021,377733,Health Care,Industrial Specialties
CE,Celanese Corporation Common Stock,$44.72 ,-0.09,-0.20%,4904108744,United States,2005,1547372,Industrials,Major Chemicals
CEE,The Central and Eastern Europe Fund Inc. (The) Common Stock,$20.51 ,-0.55,-2.61%,0,United States,,57393,Finance,Finance Companies
CF,CF Industries Holdings Inc. Common Stock,$125.19 ,-0.58,-0.46%,19232848812,United States,2005,2354256,Industrials,Agricultural Chemicals
CFG,Citizens Financial Group Inc. Common Stock,$71.65 ,-0.08,-0.11%,30299491144,United States,2014,2741174,Finance,Major Banks
CFG^E,Citizens Financial Group Inc. Depositary Shares Each Representing 1/40th Interest in a Share of 5.000% Fixed-Rate Non-Cumulative Perpetual Preferred Stock Series E,$18.24 ,-0.09,-0.49%,,United States,,68288,,
CFG^H,Citizens Financial Group Inc. Depositary Shares Each Representing a 1/40th Interest in a Share of 7.375% Fixed-Rate Non-Cumulative Perpetual Preferred Stock Series H,$25.82 ,0.05,0.19%,,United States,,36795,,
CFG^I,Citizens Financial Group Inc. Depositary Shares Each Representing a 1/40th Interest in a Share of 6.500% Fixed-Rate Reset Non-Cumulative Perpetual Preferred Stock Series I,$24.79 ,-0.09,-0.36%,,United States,,46382,,
CFR,Cullen/Frost Bankers Inc. Common Stock,$166.34 ,2.85,1.74%,10445660964,United States,,890555,Finance,Major Banks
CFR^B,Cullen/Frost Bankers Inc. Depositary Shares each representing a 1/40th ownership interest in a share of 4.450% non-cumulative perpetual preferred stock Series B,$16.54 ,0.01,0.06%,,United States,,21111,,
CHCT,Community Healthcare Trust Incorporated Common Stock,$18.31 ,-0.25,-1.35%,523149530,United States,2015,166864,Real Estate,Real Estate Investment Trusts
CHD,Church & Dwight Company Inc. Common Stock,$98.81 ,1.13,1.16%,23412397314,United States,,2657148,Consumer Discretionary,Package Goods/Cosmetics
CHE,Chemed Corp,$532.25 ,-2.54,-0.48%,7065141854,United States,,221613,Health Care,Medical/Nursing Services
CHGG,Chegg Inc. Common Stock,$0.98 ,-0.067,-6.38%,110055538,United States,2013,840771,Real Estate,Other Consumer Services
CHH,Choice Hotels International Inc. Common Stock,$111.49 ,-0.17,-0.15%,5072292515,United States,,533443,Consumer Discretionary,Hotels/Resorts
CHPT,ChargePoint Holdings Inc. Common Stock,$5.46 ,-0.03,-0.55%,141401065,United States,2019,246741,Consumer Discretionary,Industrial Specialties
CHWY,Chewy Inc. Class A Common Stock,$22.60 ,-0.22,-0.96%,9252987078,United States,2019,4900994,Consumer Discretionary,Catalog/Specialty Distribution
CI,The Cigna Group Common Stock,$279.05 ,-8.61,-2.99%,73817767336,United States,,2187797,Health Care,Medical Specialities
CIA,Citizens Inc. Class A Common Stock ($1.00 Par),$4.73 ,-0.13,-2.68%,239118358,United States,1994,116726,Finance,Life Insurance
CICB,CION Investment Corporation 7.50% Notes due 2029,$24.83 ,0.27,1.10%,0,United States,2024,8773,Finance,Finance/Investors Services
CICC,CION Investment Corporation 7.50% Notes due 2031,$24.66 ,0.22,0.90%,0,United States,2026,15346,Finance,Finance/Investors Services
CIEN,Ciena Corporation Common Stock,$377.05 ,4.98,1.34%,53372529240,United States,1997,1946424,Utilities,Telecommunications Equipment
CII,BlackRock Enhanced Large Cap Core Fund Inc. Common Stock,$24.11 ,0.19,0.79%,3586663176,United States,2004,178668,Finance,Investment Bankers/Brokers/Service
CIM,Chimera Investment Corporation Common Stock,$12.48 ,-0.18,-1.42%,1043902305,United States,2007,1102606,Real Estate,Real Estate Investment Trusts
CIM^A,Chimera Investment Corporation 8.00% Series A Cumulative Redeemable Preferred Stock,$21.81 ,-0.03,-0.14%,,United States,,5126,,
CIM^B,Chimera Investment Corporation 8.00% Series B Fixed-to-Floating Rate Cumulative Redeemable Preferred Stock,$24.12 ,0.07,0.29%,,United States,,36189,,
CIM^C,Chimera Investment Corporation 7.75% Series C Fixed-to-Floating Rate  Cumulative Redeemable  Preferred Stock,$22.76 ,0.2301,1.02%,,United States,,30757,,
CIM^D,Chimera Investment Corporation 8.00% Series D Fixed-to-Floating Rate Cumulative Redeemable Preferred Stock,$24.19 ,0.17,0.71%,,United States,,25192,,
CIMN,Chimera Investment Corporation 9.000% Senior Notes due 2029,$25.02 ,-0.4201,-1.65%,2014869961,United States,2024,17622,Real Estate,Real Estate Investment Trusts
CIMO,Chimera Investment Corporation 9.250% Senior Notes due 2029,$25.05 ,-0.52,-2.03%,0,United States,2024,9427,Real Estate,Real Estate Investment Trusts
CIMP,Chimera Investment Corporation 8.875% Senior Notes due 2030,$25.15 ,-0.3,-1.18%,0,United States,2025,24743,Real Estate,Real Estate Investment Trusts
CION,CION Investment Corporation Common Stock,$5.96 ,0.05,0.85%,296743692,United States,2021,782185,Finance,Finance/Investors Services
CL,Colgate-Palmolive Company Common Stock,$91.30 ,-0.3,-0.33%,73057284003,United States,,6660222,Consumer Discretionary,Package Goods/Cosmetics
CLDT,Chatham Lodging Trust (REIT) Common Shares of Beneficial Interest,$13.33 ,0,0.00%,622260663,United States,2010,275390,Real Estate,Real Estate Investment Trusts
CLDT^A,Chatham Lodging Trust (REIT) 6.625% Series A Cumulative Redeemable Preferred Shares of Beneficial Interest,$20.35 ,-0.15,-0.73%,,United States,,21955,,
CLF,Cleveland-Cliffs Inc. Common Stock,$11.52 ,-0.11,-0.95%,6572621341,United States,,21771484,Basic Materials,Metal Mining
CLH,Clean Harbors Inc. Common Stock,$312.88 ,-4.27,-1.35%,16516074154,United States,,372375,Industrials,Environmental Services
CLPR,Clipper Realty Inc. Common Stock,$2.80 ,0,0.00%,45241185,United States,2017,52408,Real Estate,Real Estate Investment Trusts
CLW,Clearwater Paper Corporation Common Stock,$21.03 ,-0.12,-0.57%,339166877,United States,,203187,Basic Materials,Paper
CLX,Clorox Company (The) Common Stock,$95.53 ,-1.2,-1.24%,11551616661,United States,,3162695,Consumer Discretionary,Specialty Chemicals
CMC,Commercial Metals Company Common Stock,$68.72 ,0.31,0.45%,7602104301,United States,,985865,Industrials,Steel/Iron Ore
CMG,Chipotle Mexican Grill Inc. Common Stock,$37.22 ,-1.3,-3.38%,47743359480,United States,2006,14346085,Consumer Discretionary,Restaurants
CMI,Cummins Inc. Common Stock,$634.20 ,1.22,0.19%,87512666291,United States,,891200,Industrials,Industrial Machinery/Components
CMP,Compass Minerals Intl Inc Common Stock,$29.34 ,-0.44,-1.48%,1231057930,United States,2003,292902,Industrials,Mining & Quarrying of Nonmetallic Minerals (No Fuels)
CMS,CMS Energy Corporation Common Stock,$71.99 ,-0.27,-0.37%,22574418021,United States,,4537256,Utilities,Power Generation
CMS^B,CMS Energy Corporation Preferred Stock,$75.74 ,0.24,0.32%,,United States,,328,,
CMS^C,CMS Energy Corporation Depositary Shares each representing a 1/1000th interest in a share of 4.200% Cumulative Redeemable Perpetual Preferred Stock Series C,$16.54 ,0.06,0.36%,,United States,,28622,,
CMSA,CMS Energy Corporation 5.625% Junior Subordinated Notes due 2078,$20.90 ,0.07,0.34%,6256111135,United States,2018,22949,Utilities,Power Generation
CMSC,CMS Energy Corporation 5.875% Junior Subordinated Notes due 2078,$21.84 ,0.03,0.14%,6537486468,United States,2018,23725,Utilities,Power Generation
CMSD,CMS Energy Corporation 5.875% Junior Subordinated Notes due 2079,$22.11 ,0.09,0.41%,6618307043,United States,2019,59604,Utilities,Power Generation
CMTG,Claros Mortgage Trust Inc. Common Stock,$1.77 ,-0.05,-2.75%,249719045,United States,2021,1244513,Finance,Real Estate
CNA,CNA Financial Corporation Common Stock,$52.47 ,-0.79,-1.48%,14194783870,United States,,482576,Finance,Property-Casualty Insurers
CNC,Centene Corporation Common Stock,$62.22 ,1.38,2.27%,30736368900,United States,,3912745,Health Care,Medical Specialities
CNK,Cinemark Holdings Inc Cinemark Holdings Inc. Common Stock,$36.59 ,0.44,1.22%,4273264102,United States,2007,3474836,Consumer Discretionary,Movies/Entertainment
CNM,Core & Main Inc. Class A Common Stock,$43.97 ,0.44,1.01%,8509075939,United States,2021,1593447,Consumer Discretionary,Durable Goods
CNMD,CONMED Corporation Common Stock,$46.30 ,-0.68,-1.45%,1386742782,United States,1987,639987,Health Care,Biotechnology: Electromedical & Electrotherapeutic Apparatus
CNNE,Cannae Holdings Inc. Common Stock,$14.55 ,-0.16,-1.09%,639334362,United States,2017,364983,Consumer Discretionary,Restaurants
CNO,CNO Financial Group Inc. Common Stock,$55.09 ,1.6,2.99%,5142569030,United States,,1387420,Finance,Accident &Health Insurance
CNO^A,CNO Financial Group Inc. 5.125% Subordinated Debentures due 2060,$16.49 ,-0.45,-2.66%,,United States,,19252,,
CNP,CenterPoint Energy Inc (Holding Co) Common Stock,$42.04 ,-0.11,-0.26%,27692600908,United States,,7133859,Utilities,Electric Utilities: Central
CNR,Core Natural Resources Inc. Common Stock,$79.84 ,-1.29,-1.59%,4024543582,United States,2017,471036,Energy,Coal Mining
CNS,Cohen & Steers Inc Common Stock,$82.27 ,0.7,0.86%,4228176893,United States,2004,208376,Finance,Investment Managers
CNX,CNX Resources Corporation Common Stock,$35.80 ,1.19,3.44%,5064897865,United States,1999,2107549,Energy,Oil & Gas Production
CODI,D/B/A Compass Diversified Holdings Shares of Beneficial Interest,$10.08 ,0.03,0.30%,758378537,United States,2006,422025,Consumer Discretionary,Home Furnishings
CODI^A,Compass Diversified Holdings 7.250% Series A Preferred Shares representing beneficial interest in Compass Diversified Holdings,$19.74 ,0.025,0.13%,,United States,,13537,,
CODI^B,Compass Diversified Holdings 7.875% Series B Fixed-to-Floating Rate Cumulative Preferred Shares representing beneficial interests in Compass Diversified Holdings,$22.09 ,-0.03,-0.14%,,United States,,17048,,
CODI^C,Compass Diversified Holdings 7.875% Series C Cumulative Preferred Shares,$22.08 ,0.08,0.36%,,United States,,22470,,
COF,Capital One Financial Corporation Common Stock,$209.01 ,-1.13,-0.54%,1.28224E+11,United States,1994,4019177,Finance,Major Banks
COF^I,Capital One Financial Corporation Depositary shares each representing a 1/40th interest in a share of Fixed Rate Non-Cumulative Perpetual Preferred Stock Series I of the Issuer,$18.07 ,0.04,0.22%,,United States,,141845,,
COF^J,Capital One Financial Corporation Depositary Shares Each Representing a 1/40th Interest in a Share of Fixed Rate Non- Cumulative Perpetual Preferred Stock Series J,$17.34 ,0,0.00%,,United States,,123285,,
COF^K,Capital One Financial Corporation Depositary Shares Each Representing a 1/40th Ownership Interest in a Share of Fixed Rate Non-Cumulative Perpetual Preferred Stock Series K,$16.74 ,-0.01,-0.06%,,United States,,13785,,
COF^L,Capital One Financial Corporation Depositary Shares Each Representing a 1/40th Interest in a Share of Fixed Rate Non-Cumulative Perpetual Preferred Stock Series L,$15.81 ,-0.02,-0.13%,,United States,,70941,,
COF^N,Capital One Financial Corporation Depositary Shares Each Representing a 1/40th Ownership Interest in a Share of Fixed Rate Non-Cumulative Perpetual Preferred Stock Series N,$15.41 ,0.08,0.52%,,United States,,69186,,
COHR,Coherent Corp. Common Stock,$262.89 ,13.83,5.55%,51431621098,United States,,5463564,Technology,Electronic Components
COLD,Americold Realty Trust Inc. Common Stock,$14.09 ,-0.37,-2.56%,4019962273,United States,2018,2528404,Real Estate,Real Estate Investment Trusts
COMP,Compass Inc. Class A Common Stock,$11.39 ,-0.07,-0.61%,8510073183,United States,2021,8840229,Technology,EDP Services
CON,Concentra Group Holdings Parent Inc. Common Stock,$31.65 ,0.03,0.10%,4049990337,United States,2024,556968,Health Care,Medical Specialities
COOK,Traeger Inc. Common Stock,$64.15 ,2.72,4.43%,178452919,United States,2021,81841,Consumer Discretionary,Consumer Electronics/Appliances
COP,ConocoPhillips Common Stock,$120.48 ,1.45,1.22%,1.4678E+11,United States,,5797775,Energy,Integrated oil Companies
COR,Cencora Inc. Common Stock,$311.34 ,-0.89,-0.29%,60574640420,United States,,1047979,Health Care,Other Pharmaceuticals
COSO,CoastalSouth Bancshares Inc. Common Stock,$27.27 ,0.19,0.70%,328208930,United States,2025,49262,Finance,Major Banks
COTY,Coty Inc. Class A Common Stock,$2.75 ,0.06,2.23%,2421282705,United States,2013,10300508,Consumer Discretionary,Package Goods/Cosmetics
COUR,Coursera Inc. Common Stock,$5.31 ,0.04,0.76%,899160545,United States,2021,9377053,Technology,Computer Software: Prepackaged Software
CPAY,Corpay Inc. Common Stock,$382.11 ,-8.01,-2.05%,24975442869,United States,,548659,Consumer Discretionary,Business Services
CPF,Central Pacific Financial Corp New,$39.40 ,0.03,0.08%,1028388423,United States,,122712,Finance,Major Banks
CPK,Chesapeake Utilities Corporation Common Stock,$132.78 ,-0.39,-0.29%,3187352166,United States,,237374,Utilities,Oil & Gas Production
CPNG,Coupang Inc. Class A Common Stock,$16.35 ,0.26,1.62%,29349299686,United States,2021,12026064,Consumer Discretionary,Catalog/Specialty Distribution
CPS,Cooper-Standard Holdings Inc. Common Stock,$29.47 ,0.5,1.73%,523248219,United States,,167023,Consumer Discretionary,Auto Parts:O.E.M.
CPT,Camden Property Trust Common Stock,$110.81 ,-2.48,-2.19%,11138591503,United States,1993,1874115,Real Estate,Real Estate Investment Trusts
CQP,Cheniere Energy Partners LP Common Units,$65.90 ,0.84,1.29%,31899166706,United States,2007,170972,Utilities,Oil/Gas Transmission
CR,Crane Company Common Stock,$213.46 ,-0.72,-0.34%,12326394134,United States,2023,449565,Industrials,Metal Fabrications
CRBD,Corebridge Financial Inc. 6.375% Junior Subordinated Notes due 2064,$22.10 ,-0.09,-0.41%,0,United States,2024,75906,Finance,Life Insurance
CRBG,Corebridge Financial Inc. Common Stock,$31.19 ,-0.77,-2.41%,14245506044,United States,2022,5658574,Finance,Life Insurance
CRC,California Resources Corporation Common Stock,$52.62 ,1.55,3.04%,4672387691,United States,2020,679262,Energy,Oil & Gas Production
CRCL,Circle Internet Group Inc. Class A Common Stock,$62.61 ,-1.63,-2.54%,15563345238,United States,2025,13680222,Finance,Finance: Consumer Services
CRD/A,Crawford & Company,$10.91 ,-0.01,-0.09%,,United States,,43308,,
CRD/B,Crawford & Company,$10.07 ,0.04,0.40%,,United States,,2412,,
CRGY,Crescent Energy Company Class A Common Stock,$11.47 ,0.3,2.69%,3787986173,United States,2021,4156502,Energy,Oil & Gas Production
CRI,Carter's Inc. Common Stock,$38.57 ,0.78,2.06%,1421309013,United States,2003,2447219,Consumer Discretionary,Apparel
CRK,Comstock Resources Inc. Common Stock,$13.26 ,0.56,4.41%,3894406732,United States,,3089714,Energy,Oil & Gas Production
CRL,Charles River Laboratories International Inc. Common Stock,$232.51 ,-2.11,-0.90%,11199478902,United States,2000,509234,Health Care,Biotechnology: Commercial Physical & Biological Resarch
CRM,Salesforce Inc. Common Stock,$184.02 ,3.31,1.83%,1.50712E+11,United States,2004,9685493,Technology,Computer Software: Prepackaged Software
CRS,Carpenter Technology Corporation Common Stock,$519.66 ,15.95,3.17%,25819625132,United States,,724549,Industrials,Steel/Iron Ore
CRT,Cross Timbers Royalty Trust Common Stock,$10.22 ,0.05,0.49%,61320000,United States,1992,29996,Energy,Oil & Gas Production
CSL,Carlisle Companies Incorporated Common Stock,$359.92 ,-9.96,-2.69%,14564190154,United States,,577649,Industrials,Specialty Chemicals
CSR,D/B/A Centerspace Common Stock,$54.84 ,-1.17,-2.09%,921484691,United States,,131537,Real Estate,Real Estate Investment Trusts
CSV,Carriage Services Inc. Common Stock,$40.37 ,0.25,0.62%,640765881,United States,,101362,Consumer Discretionary,Other Consumer Services
CSW,CSW Industrials Inc. Common Stock,$318.93 ,5.53,1.77%,5204772713,United States,,211259,Industrials,Home Furnishings
CTA^A,EIDP Inc. Preferred Stock $3.50 Series,$52.92 ,0,0.00%,,United States,,9,,
CTA^B,EIDP Inc. Preferred Stock $4.50 Series,$65.09 ,-0.3571,-0.55%,,United States,,4299,,
CTEV,Claritev Corporation Class A Common Stock,$22.71 ,-0.87,-3.69%,387155288,United States,2020,72866,Consumer Discretionary,Business Services
CTO,CTO Realty Growth Inc. Common Stock,$21.97 ,0.1,0.46%,823555424,United States,1992,413185,Real Estate,Real Estate Investment Trusts
CTO^A,CTO Realty Growth Inc. 6.375% Series A Cumulative Redeemable Preferred Stock,$21.19 ,-0.1,-0.47%,,United States,,6310,,
CTRE,CareTrust REIT Inc. Common Stock,$41.94 ,0.3,0.72%,9907915456,United States,2022,1576504,Real Estate,Real Estate Investment Trusts
CTRI,Centuri Holdings Inc. Common Stock,$27.84 ,1,3.73%,2810020990,United States,2024,2107081,Utilities,Oil & Gas Production
CTS,CTS Corporation Common Stock,$64.12 ,1.42,2.27%,1831023223,United States,,222128,Technology,Electrical Products
CTVA,Corteva Inc. Common Stock ,$78.71 ,-10.63,-11.90%,52642822200,United States,2019,11529481,Consumer Staples,Farming/Seeds/Milling
CUBB,Customers Bancorp Inc 5.375% Subordinated Notes Due 2034,$22.44 ,0.1679,0.75%,709631116,United States,2019,2312,Finance,Major Banks
CUBE,CubeSmart Common Shares,$41.46 ,0.22,0.53%,9387109100,United States,,3452002,Real Estate,Real Estate Investment Trusts
CUBI,Customers Bancorp Inc Common Stock,$78.68 ,0.48,0.61%,2661357924,United States,,209768,Finance,Major Banks
CURB,Curbline Properties Corp. Common Stock,$30.64 ,0.06,0.20%,3524765086,United States,2024,756863,Finance,Real Estate
CURV,Torrid Holdings Inc. Common Stock,$2.55 ,-0.06,-2.30%,253776972,United States,2021,373068,Consumer Discretionary,Clothing/Shoe/Accessory Stores
CUZ,Cousins Properties Incorporated Common Stock,$31.55 ,-0.38,-1.19%,5191247506,United States,,2176244,Real Estate,Real Estate Investment Trusts
CVI,CVR Energy Inc. Common Stock,$35.62 ,-2.46,-6.46%,3580899936,United States,2007,1431198,Energy,Integrated oil Companies
CVLG,Covenant Logistics Group Inc. Class A Common Stock,$35.52 ,-1.33,-3.61%,894073529,United States,,428751,Industrials,Trucking Freight/Courier Services
CVNA,Carvana Co. Class A Common Stock,$62.36 ,0.92,1.50%,68624920697,United States,2017,11878949,Consumer Discretionary,Retail-Auto Dealers and Gas Stations
CVS,CVS Health Corporation Common Stock,$104.43 ,-0.79,-0.75%,1.33245E+11,United States,,7079256,Consumer Staples,Retail-Drug Stores and Proprietary Stores
CVSA,Covista Inc. Common Shares,$124.85 ,-1.59,-1.26%,4248756242,United States,,347194,Real Estate,Other Consumer Services
CVX,Chevron Corporation Common Stock,$196.83 ,4.52,2.35%,3.92006E+11,United States,,9928469,Energy,Integrated oil Companies
CW,Curtiss-Wright Corporation Common Stock,$724.00 ,7.34,1.02%,26745402736,United States,,122006,Technology,Industrial Machinery/Components
CWEN,Clearway Energy Inc. Class C Common Stock,$31.73 ,0,0.00%,3839330000,United States,2015,1077565,Utilities,Electric Utilities: Central
CWH,Camping World Holdings Inc. Class A Common Stock,$6.19 ,-0.11,-1.75%,637487976,United States,2016,2925320,Consumer Discretionary,Retail-Auto Dealers and Gas Stations
CWK,Cushman & Wakefield Ltd. Common Shares,$13.42 ,-0.36,-2.61%,3144312777,United States,2018,1706034,Finance,Real Estate
CWT,California Water Service Group Common Stock,$50.11 ,-0.39,-0.77%,2999246959,United States,,1311541,Utilities,Water Supply
CXM,Sprinklr Inc. Class A Common Stock,$6.36 ,0.16,2.58%,1489694926,United States,2021,2934866,Technology,Computer Software: Prepackaged Software
CXT,Crane NXT Co. Common Stock,$51.95 ,0.35,0.68%,2989325966,United States,,556596,Industrials,Metal Fabrications
CXW,CoreCivic Inc. Common Stock,$29.90 ,0.1,0.34%,2956764954,United States,,1064835,Real Estate,Real Estate Investment Trusts
CYH,Community Health Systems Inc. Common Stock,$2.79 ,0.02,0.72%,393416106,United States,2000,2011586,Health Care,Hospital/Nursing Management
D,Dominion Energy Inc. Common Stock,$69.17 ,-0.56,-0.80%,60831930226,United States,,3581040,Utilities,Electric Utilities: Central
DAL,Delta Air Lines Inc. Common Stock,$87.44 ,-1.15,-1.30%,57502557743,United States,,4768424,Consumer Discretionary,Air Freight/Delivery Services
DAN,Dana Incorporated Common Stock ,$26.93 ,-0.13,-0.48%,2914787374,United States,,1178580,Consumer Discretionary,Auto Parts:O.E.M.
DAR,Darling Ingredients Inc. Common Stock,$60.64 ,-0.36,-0.59%,9637355292,United States,1997,2112648,Consumer Staples,Packaged Foods
DBD,Diebold Nixdorf Incorporated Common stock,$73.59 ,2.33,3.27%,2498129411,United States,2023,487291,Miscellaneous,Office Equipment/Supplies/Services
DBI,Designer Brands Inc. Class A Common Stock,$6.04 ,-0.15,-2.42%,306693557,United States,,278245,Consumer Discretionary,Clothing/Shoe/Accessory Stores
DBL,DoubleLine Opportunistic Credit Fund Common Shares of Beneficial Interest,$14.04 ,-0.04,-0.28%,0,United States,2012,54875,,
DBRG,DigitalBridge Group Inc.,$15.87 ,0.02,0.13%,2894249702,United States,2014,5739489,Real Estate,Real Estate Investment Trusts
DBRG^H,DigitalBridge Group Inc. 7.125% Series H ,$15.44 ,0.08,0.52%,,United States,,16955,,
DBRG^I,DigitalBridge Group Inc. 7.15% Series I ,$15.38 ,0.13,0.85%,,United States,,88257,,
DBRG^J,DigitalBridge Group Inc. 7.125% Series J ,$15.79 ,0.28,1.81%,,United States,,29386,,
DCBG,Dime Commercial Bancshares Inc. 9.000% Junior Subordinated Notes,$26.25 ,0.025,0.10%,1027651721,United States,,1772,Finance,Major Banks
DCH,Dauch Corporation Common Stock,$5.65 ,-0.21,-3.58%,1341122036,United States,,2821796,Consumer Discretionary,Auto Parts:O.E.M.
DCI,Donaldson Company Inc. Common Stock,$94.24 ,1.58,1.71%,10923457917,United States,,640610,Industrials,Pollution Control Equipment
DCO,Ducommun Incorporated Common Stock,$179.02 ,-4.41,-2.40%,2700616772,United States,,233966,Industrials,Military/Government/Technical
DCOM,Dime Commercial Bancshares Inc. Common Stock,$40.76 ,-0.04,-0.10%,1788827395,United States,,385832,Finance,Major Banks
DCOM^,Dime Commercial Bancshares Inc. Preferred Stock Series A,$17.68 ,-0.07,-0.39%,,United States,,20853,,
DD,DuPont de Nemours Inc. Common Stock,$137.00 ,-1.84,-1.33%,18717278801,United States,2017,7536981,Industrials,Major Chemicals
DDD,3D Systems Corporation Common Stock,$2.64 ,-0.06,-2.22%,387940220,United States,,2449900,Technology,Computer Software: Prepackaged Software
DDS,Dillard's Inc. Common Stock,$588.34 ,-13.97,-2.32%,9189559568,United States,,80253,Consumer Discretionary,Department/Specialty Retail Stores
DDT,Dillard's Capital Trust I,$26.36 ,0.1596,0.61%,411729256,United States,,21515,Consumer Discretionary,Department/Specialty Retail Stores
DE,Deere & Company Common Stock,$592.67 ,-6.8,-1.13%,1.59984E+11,United States,,1123876,Industrials,Industrial Machinery/Components
DEA,Easterly Government Properties Inc. Common Stock,$24.36 ,-0.35,-1.42%,1131506751,United States,2015,426106,Real Estate,Real Estate Investment Trusts
DEC,Diversified Energy Company Common Stock,$13.46 ,0.4,3.06%,1033139677,United States,2025,619565,,
DECK,Deckers Outdoor Corporation Common Stock,$96.88 ,-2.81,-2.82%,13193298306,United States,1993,2324150,Consumer Discretionary,Shoe Manufacturing
DEI,Douglas Emmett Inc. Common Stock,$11.82 ,-0.22,-1.83%,1979675856,United States,2006,1676903,Real Estate,Real Estate Investment Trusts
DELL,Dell Technologies Inc. Class C Common Stock ,$405.37 ,0.56,0.14%,2.62724E+11,United States,2018,4843473,Technology,Computer Manufacturing
DFH,Dream Finders Homes Inc. Class A Common Stock,$12.79 ,-0.55,-4.12%,1170738175,United States,2022,926790,Consumer Discretionary,Homebuilding
DFIN,Donnelley Financial Solutions Inc. Common Stock ,$47.30 ,0.27,0.57%,1181666338,United States,2016,382104,Consumer Discretionary,Other Consumer Services
DG,Dollar General Corporation Common Stock,$127.05 ,-0.45,-0.35%,28025533501,United States,2009,1392431,Consumer Discretionary,Department/Specialty Retail Stores
DGX,Quest Diagnostics Incorporated Common Stock,$233.01 ,-1.29,-0.55%,25718096614,United States,,872788,Health Care,Medical Specialities
DHF,BNY Mellon High Yield Strategies Fund Common Stock,$2.35 ,0.01,0.43%,0,United States,1998,365064,Finance,Finance Companies
DHI,D.R. Horton Inc. Common Stock,$143.06 ,-2.47,-1.70%,40014063257,United States,,2223106,Consumer Discretionary,Homebuilding
DHR,Danaher Corporation Common Stock,$194.98 ,-1.19,-0.61%,1.37068E+11,United States,,4386576,Industrials,Industrial Machinery/Components
DHX,DHI Group Inc. Common Stock,$4.21 ,0.13,3.19%,181865714,United States,2007,122596,Consumer Discretionary,Business Services
DIN,Dine Brands Global Inc. Common Stock,$35.94 ,-0.06,-0.17%,455905190,United States,,173829,Consumer Discretionary,Restaurants
DINO,HF Sinclair Corporation Common Stock,$91.47 ,-0.97,-1.05%,16489794222,United States,1960,2875134,Energy,Natural Gas Distribution
DIS,Walt Disney Company (The) Common Stock,$96.19 ,0.03,0.03%,1.67035E+11,United States,,11181522,Consumer Discretionary,Services-Misc. Amusement & Recreation
DK,Delek US Holdings Inc. Common Stock,$67.87 ,0.16,0.24%,4159585476,United States,2017,1030399,Energy,Integrated oil Companies
DKL,Delek Logistics Partners L.P. Common Units representing Limited Partner Interests,$60.31 ,1.16,1.96%,3206574383,United States,2012,212638,Energy,Natural Gas Distribution
DKS,Dick's Sporting Goods Inc Common Stock,$195.91 ,-4,-2.00%,17534442024,United States,2002,1444009,Consumer Discretionary,Other Specialty Stores
DLB,Dolby Laboratories Common Stock,$58.81 ,7.03,13.58%,5563315143,United States,2005,1793082,Miscellaneous,Multi-Sector Companies
DLR,Digital Realty Trust Inc. Common Stock,$188.52 ,-4.67,-2.42%,71010772320,United States,2004,2167964,Real Estate,Real Estate Investment Trusts
DLR^J,Digital Realty Trust Inc. 5.250% Series J Cumulative Redeemable Preferred Stock,$19.74 ,-0.1399,-0.70%,,United States,,32441,,
DLR^K,Digital Realty Trust Inc. 5.850% Series K Cumulative Redeemable Preferred Stock par value $0.01 per share,$22.09 ,-0.01,-0.05%,,United States,,17815,,
DLR^L,Digital Realty Trust Inc. 5.200% Series L Cumulative Redeemable Preferred Stock,$19.79 ,0.085,0.43%,,United States,,38959,,
DLX,Deluxe Corporation Common Stock,$25.87 ,-0.11,-0.42%,1184433658,United States,,328543,Consumer Discretionary,Publishing
DLY,DoubleLine Yield Opportunities Fund Common Shares of Beneficial Interest,$14.06 ,0.12,0.86%,674117653,United States,2020,357083,Finance,Investment Managers
DMO,Western Asset Mortgage Opportunity Fund Inc. Common Stock,$10.34 ,-0.01,-0.10%,0,United States,2010,70868,Finance,Trusts Except Educational Religious and Charitable
DNA,Ginkgo Bioworks Holdings Inc. Class A Common Stock,$8.09 ,0,0.00%,502675766,United States,2021,629853,Health Care,Biotechnology: Biological Products (No Diagnostic Substances)
DNOW,DNOW Inc. Common Stock,$14.12 ,0.38,2.77%,2577549294,United States,2014,1995929,Consumer Discretionary,Oil and Gas Field Machinery
DNP,DNP Select Income Fund Inc. Common Stock,$10.75 ,-0.19,-1.74%,0,United States,1987,519427,Finance,Investment Managers
DOC,Healthpeak Properties Inc. Common Stock,$21.83 ,-0.23,-1.04%,15050032095,United States,,7332327,Real Estate,Real Estate Investment Trusts
DOCN,DigitalOcean Holdings Inc. Common Stock,$117.50 ,-2.73,-2.27%,12262791268,United States,2021,6014608,Technology,Computer Software: Programming Data Processing
DOCS,Doximity Inc. Class A Common Stock,$20.91 ,-0.33,-1.55%,3823854503,United States,2021,2726294,Technology,EDP Services
DOUG,Douglas Elliman Inc. Common Stock,$1.69 ,-0.02,-1.17%,153631279,United States,2021,222129,Finance,Real Estate
DOV,Dover Corporation Common Stock,$204.62 ,0.56,0.27%,27558267640,United States,,1353001,Industrials,Industrial Machinery/Components
DOW,Dow Inc. Common Stock ,$30.29 ,0.2,0.67%,21879700136,United States,2019,9102299,Industrials,Major Chemicals
DPG,Duff & Phelps Utility and Infrastructure Fund Inc.,$14.48 ,-0.1,-0.69%,0,United States,2011,94926,Finance,Trusts Except Educational Religious and Charitable
DRI,Darden Restaurants Inc. Common Stock,$203.58 ,-3.39,-1.64%,23223992929,United States,,1451365,Consumer Discretionary,Restaurants
DSL,DoubleLine Income Solutions Fund Common Shares of Beneficial Interests,$10.67 ,-0.03,-0.28%,1088306155,United States,2013,443852,Finance,Trusts Except Educational Religious and Charitable
DSM,BNY Mellon Strategic Municipal Bond Fund Inc. Common Stock,$5.81 ,-0.02,-0.34%,0,United States,1989,174086,Finance,Investment Managers
DSU,Blackrock Debt Strategies Fund Inc. Common Stock,$9.42 ,0.03,0.32%,0,United States,1998,354162,Finance,Finance Companies
DT,Dynatrace Inc. Common Stock,$44.32 ,0.22,0.50%,12918204487,United States,2019,3153264,Technology,Computer Software: Prepackaged Software
DTB,DTE Energy Company 2020 Series G 4.375% Junior Subordinated Debentures due 2080,$16.52 ,0.1099,0.67%,3437614900,United States,2020,26181,Utilities,Electric Utilities: Central
DTE,DTE Energy Company Common Stock,$141.87 ,0.17,0.12%,29521454349,United States,,1597050,Utilities,Electric Utilities: Central
DTF,DTF Tax-Free Income 2028 Term Fund Inc. Common Stock,$11.42 ,-0.03,-0.26%,80277655,United States,1991,22127,Finance,Investment Managers
DTG,DTE Energy Company 2021 Series E 4.375% Junior Subordinated Debentures,$16.79 ,0.0062,0.04%,3493798679,United States,2021,39398,Utilities,Electric Utilities: Central
DTK,DTE Energy Company 2025 Series H 6.25% Junior Subordinated Debentures due 2085,$23.68 ,-0.09,-0.38%,0,United States,2025,85613,Utilities,Electric Utilities: Central
DTM,DT Midstream Inc. Common Stock ,$138.00 ,1.23,0.90%,14077948284,United States,2021,1181499,Utilities,Natural Gas Distribution
DTW,DTE Energy Company 2017 Series E 5.25% Junior Subordinated Debentures due 2077,$20.21 ,0.01,0.05%,4205459874,United States,2017,51517,Utilities,Electric Utilities: Central
DUK,Duke Energy Corporation (Holding Company) Common Stock,$125.43 ,-0.84,-0.67%,97784753498,United States,,4311928,Utilities,Power Generation
DUK^A,Duke Energy Corporation Depositary Shares each representing a 1/1000th interest in a share of 5.75% Series A Cumulative Redeemable Perpetual Preferred Stock,$24.48 ,0.055,0.23%,,United States,,91462,,
DUKB,Duke Energy Corporation 5.625% Junior Subordinated Debentures due 2078,$22.70 ,0.03,0.13%,17696834126,United States,2018,85067,Utilities,Power Generation
DV,DoubleVerify Holdings Inc. Common Stock,$11.25 ,0.21,1.90%,1726472126,United States,2021,2928894,Technology,Computer Software: Programming Data Processing
DVA,DaVita Inc. Common Stock,$240.09 ,1.23,0.52%,15413778000,United States,,426562,Health Care,Misc Health and Biotechnology Services
DVN,Devon Energy Corporation Common Stock,$45.13 ,0.96,2.17%,52053082219,United States,1985,7894008,Energy,Oil & Gas Production
DX,Dynex Capital Inc. Common Stock,$12.71 ,-0.11,-0.86%,3154201515,United States,,4392012,Real Estate,Real Estate Investment Trusts
DX^C,Dynex Capital Inc. 6.900% Series C Fixed-to-Floating Rate Cumulative Redeemable Preferred Stock,$25.53 ,0,0.00%,,United States,,7078,,
DXC,DXC Technology Company Common Stock ,$11.24 ,0,0.00%,1860059392,United States,,10793412,Technology,EDP Services
DY,Dycom Industries Inc. Common Stock,$401.07 ,-16.08,-3.86%,12044715657,United States,,927335,Industrials,Water Sewer Pipeline Comm & Power Line Construction
EAF,GrafTech International Ltd. Common Stock,$6.72 ,0.23,3.54%,175339342,United States,2018,389064,Energy,Industrial Machinery/Components
EAI,Entergy Arkansas LLC First Mortgage Bonds 4.875% Series Due September 1 2066,$20.01 ,0.06,0.30%,9161219721,United States,2016,46823,Utilities,Electric Utilities: Central
EARN,Ellington Credit Company Common Shares of Beneficial Interest,$4.32 ,-0.16,-3.57%,162255722,United States,2013,628097,Real Estate,Real Estate Investment Trusts
EAT,Brinker International Inc. Common Stock,$213.70 ,3.84,1.83%,9165120723,United States,,974310,Consumer Discretionary,Restaurants
EBF,Ennis Inc. Common Stock,$21.80 ,0.14,0.65%,551502330,United States,,112208,Consumer Discretionary,Office Equipment/Supplies/Services
EBS,Emergent BioSolutions Inc. Common Stock,$7.22 ,-0.04,-0.55%,372525257,United States,2006,487207,Health Care,Biotechnology: Pharmaceutical Preparations
ECAT,BlackRock ESG Capital Allocation Term Trust Common Shares of Beneficial Interest,$14.98 ,-0.07,-0.47%,1619862300,United States,2021,776091,Finance,Finance/Investors Services
ECC           ,Eagle Point Credit Company Common Share of Beneficial Interest,$3.87 ,0.03,0.78%,234763968,United States,2014,867170,Finance,Trusts Except Educational Religious and Charitable
ECC^D,Eagle Point Credit Company 6.75% Series D Preferred Stock,$18.26 ,0.02,0.11%,,United States,,9404,,
ECCC,Eagle Point Credit Company 6.50% Series C Term Preferred Stock due 2031,$24.90 ,0,0.00%,1510496848,United States,,938,Finance,Trusts Except Educational Religious and Charitable
ECCU,Eagle Point Credit Company 7.75% Notes due 2030,$25.14 ,-0.055,-0.22%,0,United States,2024,7332,,
ECCV,Eagle Point Credit Company 5.375% Notes due 2029,$24.15 ,0.06,0.25%,1464999955,United States,2022,18075,Finance,Trusts Except Educational Religious and Charitable
ECG,Everus Construction Group Inc. Common Stock,$125.43 ,2.49,2.03%,6402148641,United States,2024,780321,Consumer Discretionary,Homebuilding
ECL,Ecolab Inc. Common Stock,$277.63 ,-1.71,-0.61%,78135493680,United States,,1656046,Consumer Discretionary,Package Goods/Cosmetics
ECVT,Ecovyst Inc. Common Stock,$12.06 ,-0.03,-0.25%,1320009017,United States,2017,1081760,Industrials,Major Chemicals
ED,Consolidated Edison Inc. Common Stock,$108.85 ,-0.81,-0.74%,40114458389,United States,,2786647,Utilities,Power Generation
EDD,Morgan Stanley Emerging Markets Domestic Debt Fund Inc. Common Stock,$5.82 ,-0.01,-0.17%,0,United States,2007,318469,Finance,Finance Companies
EDF,Virtus Stone Harbor Emerging Markets Income Fund Common Shares of Beneficial Interest,$5.20 ,0.078,1.52%,0,United States,2010,49065,Finance,Investment Managers
EE,Excelerate Energy Inc. Class A Common Stock,$39.27 ,1.05,2.75%,4471251491,United States,2022,271820,Utilities,Oil/Gas Transmission
EEA,The European Equity Fund Inc. Common Stock,$11.02 ,-0.04,-0.36%,0,United States,,13437,Finance,Trusts Except Educational Religious and Charitable
EFC,Ellington Financial Inc. Common Stock ,$13.28 ,-0.21,-1.56%,1665227327,United States,2010,1650389,Finance,Real Estate
EFC^B,Ellington Financial Inc. 6.250% Series B Fixed-Rate Reset Cumulative Redeemable Preferred Stock,$24.74 ,-0.1114,-0.45%,,United States,,3921,,
EFC^C,Ellington Financial Inc. 8.625% Series C Fixed-Rate Reset Cumulative Redeemable Preferred Stock,$25.60 ,0.15,0.59%,,United States,,921,,
EFC^D,Ellington Financial Inc. 7.00% Series D Cumulative Perpetual Redeemable Preferred Stock,$22.99 ,0.19,0.83%,,United States,,258,,
EFOR,Everforth Inc. Common Stock,$28.44 ,0.87,3.16%,1170440464,United States,,1661585,Consumer Discretionary,Professional Services
EFR,Eaton Vance Senior Floating-Rate Fund Common Shares of Beneficial Interest,$10.57 ,-0.05,-0.47%,0,United States,2003,141214,Finance,Trusts Except Educational Religious and Charitable
EFT,Eaton Vance Floating Rate Income Trust Common Shares of Beneficial Interest,$10.63 ,-0.03,-0.28%,309231111,United States,2004,73833,Finance,Finance Companies
EFX,Equifax Inc. Common Stock,$172.62 ,-3.51,-1.99%,20280242748,United States,,1180209,Finance,Finance: Consumer Services
EGP,EastGroup Properties Inc. Common Stock,$209.01 ,-0.57,-0.27%,11239160986,United States,,585795,Real Estate,Real Estate Investment Trusts
EGY,VAALCO Energy Inc.  Common Stock,$5.33 ,0.03,0.57%,555696488,United States,,937982,Energy,Oil & Gas Production
EHC,Encompass Health Corporation Common Stock,$111.07 ,0.18,0.16%,11018041816,United States,,503851,Health Care,Hospital/Nursing Management
EHI,Western Asset Global High Income Fund Inc Common Stock,$5.77 ,0,0.00%,0,United States,2003,130995,Finance,Investment Managers
EIC,Eagle Point Income Company Inc. Common Stock,$9.97 ,0.01,0.10%,88813837,United States,2019,86454,Finance,Finance/Investors Services
EICA,Eagle Point Income Company Inc. 5.00% Series A Term Preferred Stock due 2026,$24.97 ,-0.0123,-0.05%,222434566,United States,2021,5731,Finance,Finance/Investors Services
EIG,Employers Holdings Inc Common Stock,$50.55 ,-1.04,-2.02%,922179657,United States,2007,264748,Finance,Property-Casualty Insurers
EIX,Edison International Common Stock,$73.37 ,-5.36,-6.81%,28232331451,United States,,6186639,Utilities,Electric Utilities: Central
EL,Estee Lauder Companies Inc. (The) Common Stock,$83.90 ,-0.98,-1.16%,30354593369,United States,1995,1847483,Consumer Discretionary,Package Goods/Cosmetics
ELAN,Elanco Animal Health Incorporated Common Stock,$26.37 ,-0.09,-0.34%,13170485504,United States,2018,5193197,Health Care,Biotechnology: Pharmaceutical Preparations
ELC,Entergy Louisiana Inc. Collateral Trust Mortgage Bonds 4.875 % Series due September 1 2066,$20.02 ,0.04,0.20%,4269015791,United States,2016,30915,Utilities,Electric Utilities: Central
ELF,e.l.f. Beauty Inc. Common Stock,$82.89 ,0.63,0.77%,4927025200,United States,2016,1670163,Consumer Discretionary,Package Goods/Cosmetics
ELLA,Ellington Credit Company 8.50% Notes due 2031,$25.10 ,-0.065,-0.26%,0,United States,2026,4401,Real Estate,Real Estate Investment Trusts
ELME,Elme Communities Common Stock,$1.61 ,-0.01,-0.62%,143061192,United States,2000,347176,Real Estate,Real Estate Investment Trusts
ELS,Equity Lifestyle Properties Inc. Common Stock,$65.07 ,-0.46,-0.70%,12627784758,United States,,1762323,Real Estate,Real Estate Investment Trusts
ELV,Elevance Health Inc. Common Stock,$375.84 ,-0.56,-0.15%,81508153954,United States,,978283,Health Care,Medical Specialities
EMD,Western Asset Emerging Markets Debt Fund Inc Common Stock,$10.47 ,-0.04,-0.38%,0,United States,,155354,Finance,Finance/Investors Services
EME,EMCOR Group Inc. Common Stock,$797.43 ,-4.94,-0.62%,35438010886,United States,,610080,Industrials,Engineering & Construction
EMF,Templeton Emerging Markets Fund Common Stock,$21.19 ,0.35,1.68%,0,United States,1987,29923,Finance,Finance/Investors Services
EMN,Eastman Chemical Company Common Stock,$69.95 ,-0.12,-0.17%,7998779702,United States,,1803211,Industrials,Major Chemicals
EMO,ClearBridge Energy Midstream Opportunity Fund Inc. Common Stock,$51.62 ,0.58,1.14%,0,United States,2011,38491,Finance,Investment Managers
EMP,Entergy Mississippi LLC First Mortgage Bonds 4.90% Series Due October 1 2066,$20.00 ,-0.04,-0.20%,9156641400,United States,2016,31915,Utilities,Electric Utilities: Central
EMR,Emerson Electric Company Common Stock,$149.82 ,1.18,0.79%,83914182000,United States,,3724593,Technology,Consumer Electronics/Appliances
ENJ,Entergy New Orleans LLC First Mortgage Bonds 5.0% Series due December 1 2052,$19.71 ,0.13,0.66%,9023870100,United States,,1604,Utilities,Power Generation
ENO,Entergy New Orleans LLC First Mortgage Bonds 5.50% Series due April 1 2066,$20.93 ,0.005,0.02%,4475479607,United States,2016,15702,Utilities,Power Generation
ENOV,Enovis Corporation Common Stock,$29.15 ,-0.15,-0.51%,1677949877,United States,,770072,Health Care,Industrial Specialties
ENR,Energizer Holdings Inc. Common Stock,$20.97 ,-0.06,-0.29%,1435888980,United States,2015,1463744,Miscellaneous,Industrial Machinery/Components
ENS,EnerSys Common Stock,$186.05 ,1.3,0.70%,6794131667,United States,2004,332406,Technology,Industrial Machinery/Components
ENVA,Enova International Inc. Common Stock,$254.14 ,0.79,0.31%,6327672006,United States,2014,294101,Finance,Finance: Consumer Services
EOD,Allspring Global Dividend Opportunity Fund Common Shares of Beneficial Interest,$6.49 ,0.05,0.78%,0,United States,2007,113343,Finance,Investment Managers
EOG,EOG Resources Inc. Common Stock,$148.69 ,3.18,2.19%,79196536126,United States,,2914300,Energy,Oil & Gas Production
EOI,Eaton Vance Enhance Equity Income Fund Eaton Vance Enhanced Equity Income Fund Shares of Beneficial Interest,$19.77 ,0.13,0.66%,0,United States,2004,101468,Finance,Finance/Investors Services
EOT,Eaton Vance Municipal Income Trust EATON VANCE NATIONAL MUNICIPAL OPPORTUNITIES TRUST,$17.29 ,0.04,0.23%,270154884,United States,2009,23414,Finance,Investment Bankers/Brokers/Service
EP^C,El Paso Corporation Preferred Stock,$51.00 ,0.69,1.37%,,United States,,10467,,
EPAC,Enerpac Tool Group Corp. Common Stock,$35.74 ,-0.66,-1.81%,1827659468,United States,,351893,Technology,Industrial Machinery/Components
EPAM,EPAM Systems Inc. Common Stock,$105.56 ,1.9,1.83%,5514924248,United States,2012,1765002,Technology,EDP Services
EPC,Edgewell Personal Care Company Common Stock,$27.19 ,-0.06,-0.22%,1252951254,United States,,424838,Consumer Discretionary,Package Goods/Cosmetics
EPD,Enterprise Products Partners L.P. Common Stock,$38.05 ,-0.07,-0.18%,82321870212,United States,,3824247,Utilities,Natural Gas Distribution
EPR,EPR Properties Common Stock,$62.07 ,-1.94,-3.03%,4748830829,United States,1997,823508,Real Estate,Real Estate Investment Trusts
EPR^C,EPR Properties 5.75% Series C Cumulative Convertible Preferred Shares,$27.43 ,-0.73,-2.59%,,United States,,1410,,
EPR^E,EPR Properties Series E Cumulative Conv Pfd Shs Ser E,$32.79 ,-0.5,-1.50%,,United States,,1651,,
EPR^G,EPR Properties 5.750% Series G Cumulative Redeemable Preferred Shares,$20.99 ,-0.21,-0.99%,,United States,,7823,,
EPRT,Essential Properties Realty Trust Inc. Common Stock,$31.29 ,0.02,0.06%,6767182295,United States,2018,1279197,Real Estate,Real Estate Investment Trusts
EQBK,Equity Bancshares Inc. Class A Common Stock,$50.68 ,-0.05,-0.10%,1046074629,United States,,93197,Finance,Major Banks
EQH,Equitable Holdings Inc. Common Stock,$47.65 ,-1.23,-2.52%,13414398934,United States,2018,4760802,Finance,Specialty Insurers
EQH^A,Equitable Holdings Inc. Depositary Shares,$19.35 ,-0.12,-0.62%,,United States,,111407,,
EQH^C,Equitable Holdings Inc. Depositary Shares each representing a 1/1000th interest in a share of Fixed Rate Noncumulative Perpetual Preferred Stock Series C,$16.25 ,-0.06,-0.37%,,United States,,38502,,
EQR,Equity Residential Common Shares of Beneficial Interest,$66.45 ,-0.67,-1.00%,24913480249,United States,,3904532,Real Estate,Real Estate Investment Trusts
EQS,Equus Total Return Inc. Common Stock,$1.16 ,0,0.00%,16201367,United States,,4594,Finance,Finance/Investors Services
EQT,EQT Corporation Common Stock,$53.29 ,0.58,1.10%,33333747640,United States,,5337468,Energy,Oil & Gas Production
ES,Eversource Energy (D/B/A) Common Stock,$71.59 ,-2.25,-3.05%,26923568990,United States,,5275762,Utilities,Electric Utilities: Central
ESAB,ESAB Corporation Common Stock,$86.53 ,0.94,1.10%,5268094539,United States,2022,399232,Industrials,Industrial Machinery/Components
ESE,ESCO Technologies Inc. Common Stock,$315.29 ,3.78,1.21%,8168272260,United States,,127980,Telecommunications,Telecommunications Equipment
ESI,Element Solutions Inc. Common Stock,$36.73 ,1.11,3.12%,8950767271,United States,2014,3968247,Industrials,Major Chemicals
ESRT,Empire State Realty Trust Inc. Class A Common Stock,$5.06 ,0.06,1.20%,872496847,United States,2013,2729005,Real Estate,Real Estate Investment Trusts
ESS,Essex Property Trust Inc. Common Stock,$284.14 ,2.28,0.81%,18259650745,United States,1994,819476,Real Estate,Real Estate Investment Trusts
ESTC,Elastic N.V. Ordinary Shares,$65.79 ,1.54,2.40%,6838977935,United States,2018,1639992,Technology,Computer Software: Prepackaged Software
ET,Energy Transfer LP Common Units ,$20.36 ,0.12,0.59%,70062002880,United States,,8683656,Utilities,Natural Gas Distribution
ET^I,Energy Transfer L.P. Series I Fixed Rate Perpetual Preferred Units,$11.65 ,0.0547,0.47%,,United States,,66610,,
ETB,Eaton Vance Tax-Managed Buy-Write Income Fund Eaton Vance Tax-Managed Buy-Write Income Fund Common Shares of Beneficial Interest,$15.46 ,0.19,1.24%,454081813,United States,2005,59602,Finance,Investment Bankers/Brokers/Service
ETD,Ethan Allen Interiors Inc. Common Stock,$22.40 ,-0.51,-2.23%,569997994,United States,,665465,Consumer Discretionary,Home Furnishings
ETG,Eaton Vance Tax-Advantaged Global Dividend Income Fund Common Shares of Beneficial Interest,$23.61 ,-0.02,-0.09%,0,United States,2004,143900,Finance,Investment Managers
ETI^,Entergy Texas Inc 5.375% Series A Preferred Stock Cumulative No Par Value,$23.48 ,0,0.00%,,United States,,129,,
ETJ,Eaton Vance Risk-Managed Diversified Equity Income Fund Common Shares of Beneficial Interest,$8.43 ,0.06,0.72%,0,United States,2007,168744,Finance,Finance Companies
ETO,Eaton Vance Tax-Advantage Global Dividend Opp Common Stock,$30.91 ,0.02,0.07%,506557346,United States,2004,42997,Finance,Investment Managers
ETR,Entergy Corporation Common Stock,$107.62 ,-0.41,-0.38%,49277782474,United States,,2603207,Utilities,Electric Utilities: Central
ETSY,Etsy Inc. Common Stock,$81.68 ,-1.47,-1.77%,7751124148,United States,2025,1952963,Consumer Discretionary,Business Services
ETV,Eaton Vance Corporation Eaton Vance Tax-Managed Buy-Write Opportunities Fund Common Shares of Beneficial Interest,$14.66 ,0.11,0.76%,1601873996,United States,2005,154191,Finance,Investment Bankers/Brokers/Service
ETW,Eaton Vance Corporation Eaton Vance Tax-Managed Global Buy-Write Opportunites Fund Common Shares of Beneficial Interest,$9.51 ,0.05,0.53%,1042274945,United States,2005,258115,Finance,Investment Managers
ETY,Eaton Vance Tax-Managed Diversified Equity Income Fund Common Shares of Beneficial Interest,$14.40 ,0.18,1.27%,0,United States,2006,350146,Finance,Finance Companies
EVC,Entravision Communications Corporation Common Stock,$11.22 ,-0.4,-3.44%,1032679600,United States,2000,1047918,Industrials,Broadcasting
EVEX,Eve Holding Inc. Common Stock,$2.32 ,-0.01,-0.43%,808066635,United States,2022,869794,Industrials,Aerospace
EVF,Eaton Vance Senior Income Trust Common Stock,$4.97 ,0.01,0.20%,87168124,United States,1998,46580,Finance,Investment Bankers/Brokers/Service
EVG,Eaton Vance Short Diversified Income Fund Eaton Vance Short Duration Diversified Income Fund Common Shares of Beneficial Interest,$10.51 ,0.01,0.10%,0,United States,2005,51836,Finance,Investment Managers
EVH,Evolent Health Inc Class A Common Stock,$3.09 ,-0.09,-2.83%,347566497,United States,2015,4524039,Consumer Discretionary,Other Consumer Services
EVMN,Evommune Inc. Common Stock,$11.25 ,-0.1,-0.88%,405206685,United States,2025,302967,Health Care,Biotechnology: Pharmaceutical Preparations
EVN,Eaton Vance Municipal Income Trust Common Stock,$10.37 ,-0.06,-0.58%,411348480,United States,1999,79190,Finance,Investment Managers
EVR,Evercore Inc. Class A Common Stock,$320.56 ,7.69,2.46%,12400057071,United States,2006,623782,Finance,Investment Managers
EVT,Eaton Vance Tax Advantaged Dividend Income Fund Common Shares of Beneficial Interest,$28.14 ,0.07,0.25%,0,United States,2003,151007,Finance,Finance Companies
EW,Edwards Lifesciences Corporation Common Stock,$86.07 ,-0.85,-0.98%,49559106000,United States,,3952079,Health Care,Industrial Specialties
EXG,Eaton Vance Tax-Managed Global Diversified Equity Income Fund Common Shares of Beneficial Interest,$9.78 ,0.07,0.72%,0,United States,2007,658142,Finance,Finance Companies
EXP,Eagle Materials Inc Common Stock,$204.94 ,-0.54,-0.26%,6286601106,United States,,641194,Industrials,Building Materials
EXPD,Expeditors International of Washington Inc. Common Stock,$167.89 ,0.88,0.53%,21958523319,United States,,1330407,Industrials,Integrated Freight & Logistics
EXR,Extra Space Storage Inc Common Stock,$148.04 ,-0.17,-0.12%,31275068965,United States,2004,1575535,Real Estate,Real Estate Investment Trusts
F,Ford Motor Company Common Stock,$14.68 ,-0.18,-1.21%,57497795916,United States,,55986979,Industrials,Auto Manufacturing
F^B,Ford Motor Company 6.20% Notes due June 1 2059,$20.39 ,0.16,0.79%,,United States,,77681,,
F^C,Ford Motor Company 6% Notes due December 1 2059,$19.61 ,0.07,0.36%,,United States,,105955,,
F^D,Ford Motor Company 6.500% Notes due August 15 2062,$20.94 ,-0.34,-1.60%,,United States,,105880,,
FAF,First American Corporation (New) Common Stock,$74.99 ,-0.54,-0.72%,7656479000,United States,,602438,Finance,Specialty Insurers
FBIN,Fortune Brands Innovations Inc. Common Stock,$49.26 ,0.01,0.02%,5876393721,United States,,1860193,Basic Materials,Forest Products
FBK,FB Financial Corporation Common Stock,$60.38 ,0.28,0.47%,3110986636,United States,2016,496996,Finance,Major Banks
FBRT,Franklin BSP Realty Trust Inc. Common Stock,$7.59 ,-0.15,-1.94%,630314707,United States,2021,1638848,Real Estate,Real Estate Investment Trusts
FBRT^E,Franklin BSP Realty Trust Inc. 7.50% Series E Cumulative Redeemable Preferred Stock,$19.54 ,0.22,1.14%,,United States,,51618,,
FC,Franklin Covey Company Common Stock,$21.45 ,-0.07,-0.33%,242253576,United States,,76669,Consumer Discretionary,Other Consumer Services
FCF,First Commonwealth Financial Corporation Common Stock,$21.53 ,-0.06,-0.28%,2189266316,United States,,1065004,Finance,Major Banks
FCN,FTI Consulting Inc. Common Stock,$159.38 ,-4.67,-2.85%,4804357573,United States,1999,521647,Consumer Discretionary,Professional Services
FCPT,Four Corners Property Trust Inc. Common Stock,$25.60 ,0.06,0.24%,2809579443,United States,2015,892171,Real Estate,Real Estate Investment Trusts
FCT,First Trust Senior Floating Rate Income Fund II Common Shares of Beneficial Interest,$9.65 ,0,0.00%,0,United States,2004,84010,Finance,Finance Companies
FCX,Freeport-McMoRan Inc. Common Stock,$62.63 ,-0.81,-1.28%,90034374345,United States,,10784417,Basic Materials,Metal Mining
FDS,FactSet Research Systems Inc. Common Stock,$263.20 ,0.17,0.07%,9360850918,United States,2000,674549,Technology,Computer Software: Programming Data Processing
FDX,FedEx Corporation Common Stock,$307.40 ,-1.15,-0.37%,72727925848,United States,,1308623,Consumer Discretionary,Air Freight/Delivery Services
FDXF,FedEx Freight Holding Company Inc. Common Stock,$140.53 ,2.98,2.17%,16761551751,United States,2026,878602,Consumer Discretionary,Air Freight/Delivery Services
FE,FirstEnergy Corp. Common Stock,$48.31 ,-0.4,-0.82%,27954095115,United States,,7468765,Utilities,Electric Utilities: Central
FET,Forum Energy Technologies Inc. Common Stock,$62.67 ,11.24,21.86%,708439604,United States,2012,378866,Consumer Discretionary,Oil and Gas Field Machinery
FF,FutureFuel Corp.  Common shares,$4.95 ,-0.02,-0.40%,217124360,United States,,221471,Industrials,Major Chemicals
FFA,First Trust Enhanced Equity Income Fund Common Shares of Beneficial Interest,$22.53 ,-0.03,-0.13%,0,United States,2004,21131,Finance,Investment Managers
FFC,Flaherty & Crumrine Preferred and Income Securities Fund Incorporated,$16.13 ,-0.02,-0.12%,0,United States,2003,114632,Finance,Trusts Except Educational Religious and Charitable
FG,F&G Annuities & Life Inc. Common Stock,$28.57 ,-0.56,-1.92%,3785096164,United States,2022,627562,Finance,Life Insurance
FGN,F&G Annuities & Life Inc. 7.950% Senior Notes due 2053,$24.63 ,-0.14,-0.57%,3105807237,United States,2023,34826,Finance,Life Insurance
FGSN,F&G Annuities & Life Inc. 7.300% Junior Subordinated Notes due 2065,$20.75 ,-0.28,-1.33%,0,United States,2025,52746,Finance,Life Insurance
FHI,Federated Hermes Inc. Common Stock,$59.96 ,0.49,0.82%,4551722674,United States,,926993,Finance,Investment Managers
FHN,First Horizon Corporation Common Stock,$25.64 ,0.19,0.75%,12169200725,United States,,7389315,Finance,Major Banks
FHN^E,First Horizon Corporation Depositary Shares each representing a 1/4000th interest in a share of Non-Cumulative Perpetual Preferred Stock Series E,$23.75 ,0.01,0.04%,,United States,,10236,,
FHN^F,First Horizon Corporation Depositary Shares each representing 1/4000th Interest in a Share of Non-Cumulative Perpetual Preferred Stock Series F,$17.20 ,-0.0299,-0.17%,,United States,,12651,,
FHN^H,First Horizon Corporation Depositary Shares each representing a 1/4000th interest in a share of Non-Cumulative Perpetual Preferred Stock Series H,$24.65 ,0.055,0.22%,,United States,,25486,,
FICO,Fair Isaac Corporation Common Stock,"$1,122.97 ",-16.57,-1.45%,24253496176,United States,,926648,Consumer Discretionary,Business Services
FIG,Figma Inc. Class A Common Stock,$24.32 ,0.56,2.36%,12850118255,United States,2025,24723074,Technology,Computer Software: Prepackaged Software
FIGS,FIGS Inc. Class A Common Stock,$10.70 ,0.21,2.00%,1787405607,United States,2021,5089137,Consumer Discretionary,Apparel
FINV,FinVolution Group American Depositary Shares,$4.85 ,-0.04,-0.82%,1145055910,United States,2017,176184,Finance,Finance: Consumer Services
FIRY,Firy Inc. Class A Common Stock,$9.48 ,-0.29,-2.97%,147959640,United States,2020,287081,Technology,EDP Services
FIS,Fidelity National Information Services Inc. Common Stock,$44.77 ,-1.23,-2.67%,23140679590,United States,,9096082,Consumer Discretionary,Business Services
FITB,Fifth Third Bancorp Common Stock,$56.50 ,-0.09,-0.16%,51206602462,United States,,8054728,Finance,Major Banks
FITB^A,Fifth Third Bancorp Depositary Shares each representing 1/40th share of Fifth Third 6.00% Non-Cumulative Perpetual Class B Preferred Stock Series A,$22.76 ,-0.075,-0.33%,,United States,,19513,,
FITB^I,Fifth Third Bancorp Depositary Share repstg 1/1000th Ownership Interest Perp Pfd Series I,$25.52 ,0.09,0.35%,,United States,,52312,,
FITB^K,Fifth Third Bancorp Depositary Shares each representing a 1/1000th ownership interest in a share of Non-Cumulative Perpetual Preferred Stock Series K,$18.01 ,-0.05,-0.28%,,United States,,50664,,
FITB^M,Fifth Third Bancorp Depositary Shares Representing a 1/40th Ownership Interest in a Share of 6.875% Fixed-Rate Reset Non-Cumulative Perpetual Preferred Stock Series M,$25.96 ,0.01,0.04%,,United States,,47520,,
FIX,Comfort Systems USA Inc. Common Stock,"$1,729.69 ",31.85,1.88%,60875278928,United States,1997,394057,Industrials,Engineering & Construction
FLC,Flaherty & Crumrine Total Return Fund Inc Common Stock,$16.68 ,0.02,0.12%,0,United States,2003,25609,Finance,Trusts Except Educational Religious and Charitable
FLG,Flagstar Bank N.A. Common Stock,$14.22 ,-0.03,-0.21%,5927111035,United States,,6276560,Finance,Banks
FLG^A,Flagstar Bank N.A. Depositary shares each representing a 1/40th interest in a share of Fixed-to-Floating Rate Series A Noncumulative Perpetual Preferred Stock,$23.49 ,0.18,0.77%,,United States,,28466,,
FLG^U,Flagstar Bank N.A. Bifurcated Option Note Unit SecuritiES,$40.90 ,0.35,0.86%,,United States,,11180,,
FLO,Flowers Foods Inc. Common Stock,$7.02 ,-0.12,-1.68%,1488192475,United States,,7711166,Consumer Staples,Packaged Foods
FLOC,Flowco Holdings Inc. Class A Common Stock,$20.45 ,0.72,3.65%,1847563757,United States,2025,409950,Consumer Discretionary,Oil and Gas Field Machinery
FLR,Fluor Corporation Common Stock,$50.17 ,0.1,0.20%,7007238682,United States,,2124321,Industrials,Military/Government/Technical
FLS,Flowserve Corporation Common Stock,$75.99 ,0.67,0.89%,9659300152,United States,,2591456,Industrials,Fluid Controls
FMC,FMC Corporation Common Stock,$10.71 ,-1.12,-9.47%,1339235174,United States,,5330809,Industrials,Major Chemicals
FMN,Federated Hermes Premier Municipal Income Fund,$11.10 ,-0.03,-0.27%,957428835,United States,2002,18616,Finance,Investment Managers
FMY,First Trust Mortgage Income Fund Common Shares of Beneficial Interest,$11.63 ,0.1573,1.37%,0,United States,2005,1179,Finance,Finance/Investors Services
FNB,F.N.B. Corporation Common Stock,$18.90 ,-0.09,-0.47%,6727718636,United States,,3855639,Finance,Major Banks
FND,Floor & Decor Holdings Inc. Common Stock,$57.57 ,2.27,4.11%,6222980216,United States,2017,6108697,Consumer Discretionary,RETAIL: Building Materials
FNF,Fidelity National Financial Inc. Common Stock,$51.59 ,-0.47,-0.90%,13885837489,United States,2014,2118186,Finance,Specialty Insurers
FOA,Finance of America Companies Inc. Class A Common Stock,$22.75 ,-0.43,-1.86%,203307241,United States,2021,42135,Finance,Finance: Consumer Services
FOF,Cohen & Steers Closed-End Opportunity Fund Inc. Common Stock,$13.59 ,0.05,0.37%,667793955,United States,2006,55492,Finance,Investment Managers
FOR,Forestar Group Inc Common Stock ,$28.15 ,-0.62,-2.16%,1436146200,United States,2017,131603,Finance,Real Estate
FOUR,Shift4 Payments Inc. Class A Common Stock,$53.00 ,-0.73,-1.36%,4204432972,United States,2020,861100,Consumer Discretionary,Business Services
FOUR^A,Shift4 Payments Inc. 6.00% Series A Mandatory Convertible Preferred Stock,$65.62 ,-1,-1.50%,,United States,,53445,,
FPF,First Trust Intermediate Duration Preferred & Income Fund Common Shares of Beneficial Interest,$17.63 ,0.03,0.17%,0,United States,2013,96671,Finance,Trusts Except Educational Religious and Charitable
FPH,Five Point Holdings LLC Class A Common Shares,$5.19 ,-0.1,-1.89%,767495456,United States,2017,233217,Finance,Real Estate
FPI,Farmland Partners Inc. Common Stock,$9.35 ,-0.07,-0.74%,407820829,United States,2014,525754,Real Estate,Real Estate Investment Trusts
FPS,Forgent Power Solutions Inc. Class A Common Stock,$33.27 ,-0.01,-0.03%,10128349137,United States,2026,15379638,Energy,Industrial Machinery/Components
FR,First Industrial Realty Trust Inc. Common Stock,$65.84 ,-0.14,-0.21%,8728602765,United States,1994,1226751,Real Estate,Real Estate Investment Trusts
FRA,Blackrock Floating Rate Income Strategies Fund Inc  Common Stock,$10.82 ,0.02,0.19%,1609609936,United States,2003,163568,Finance,Investment Bankers/Brokers/Service
FRT,Federal Realty Investment Trust Common Stock,$124.09 ,0,0.00%,10720035456,United States,,1242328,Real Estate,Real Estate Investment Trusts
FRT^C,Federal Realty Investment Trust Depositary Shares each representing a 1/1000th interest in a 5.000% Series C Cumulative Redeemable Preferred Share,$19.20 ,-0.04,-0.21%,,United States,,10550,,
FSCO,FS Credit Opportunities Corp. Common Stock,$4.95 ,-0.02,-0.40%,981861705,United States,2022,895702,Finance,Trusts Except Educational Religious and Charitable
FSK,FS KKR Capital Corp. Common Stock,$10.57 ,0.01,0.10%,2960302197,United States,2014,1537070,Finance,Investment Managers
FSS,Federal Signal Corporation Common Stock,$124.95 ,0.4,0.32%,7622231887,United States,,563419,Industrials,Auto Manufacturing
FSSL,FS Specialty Lending Fund Common Shares of Beneficial Interest,$11.14 ,0.05,0.45%,0,United States,2025,186187,Finance,Finance/Investors Services
FT,Franklin Universal Trust Common Stock,$7.92 ,0.02,0.25%,199044600,United States,,36492,Finance,Trusts Except Educational Religious and Charitable
FTHY,First Trust High Yield Opportunities 2027 Term Fund Common Stock,$13.63 ,0.03,0.22%,501215840,United States,2020,82962,Finance,Investment Managers
FTK,Flotek Industries Inc. Common Stock,$23.54 ,0.14,0.60%,851617950,United States,,226301,Industrials,Major Chemicals
FTS,Fortis Inc. Common Shares,$57.00 ,-0.47,-0.82%,29020580715,United States,2016,941766,Utilities,Electric Utilities: Central
FTV,Fortive Corporation Common Stock ,$59.21 ,0.73,1.25%,17882429649,United States,2016,3559894,Industrials,Industrial Machinery/Components
FUBO,FuboTV Inc. Class A Common Stock,$8.85 ,0.26,3.03%,959661043,United States,2020,1148756,Consumer Discretionary,Movies/Entertainment
FUL,H. B. Fuller Company Common Stock,$55.30 ,-0.08,-0.14%,2974443828,United States,,760638,Industrials,Home Furnishings
FUN,Six Flags Entertainment Corporation Common Stock New,$17.33 ,-0.37,-2.09%,1771194315,United States,,1169926,Consumer Discretionary,Services-Misc. Amusement & Recreation
FVR,FrontView REIT Inc. Common Stock,$20.34 ,0.06,0.30%,460742250,United States,2024,137461,Real Estate,Real Estate Investment Trusts
GAB,Gabelli Equity Trust Inc. (The) Common Stock,$5.61 ,-0.04,-0.71%,1648314565,United States,1986,530340,Finance,Investment Managers
GAB^G,Gabelli Equity Trust Inc. (The) Series G Cumulative Preferred Stock,$19.90 ,0.0001,0.00%,,United States,,673,,
GAB^H,Gabelli Equity Trust Inc. (The) Pfd Ser H,$19.74 ,-0.05,-0.25%,,United States,,2715,,
GAB^K,Gabelli Equity Trust Inc. (The) 5.00% Series K Cumulative Preferred Stock,$19.81 ,0.01,0.05%,,United States,,3204,,
GAM,General American Investors Inc. Common Stock,$65.00 ,0.27,0.42%,1558414650,United States,,34230,Finance,Investment Managers
GAM^B,General American Investors Company Inc. Cumulative Preferred Stock,$24.85 ,-0.05,-0.20%,,United States,,6934,,
GAP,Gap Inc. (The) Common Stock,$20.09 ,-0.29,-1.42%,7231976764,United States,,4392411,Consumer Discretionary,Clothing/Shoe/Accessory Stores
GATX,GATX Corporation Common Stock,$178.87 ,-2.83,-1.56%,6349885000,United States,,342558,Consumer Discretionary,Transportation Services
GBAB,Guggenheim Taxable Municipal Bond & Investment Grade Debt Trust Common Shares of Beneficial Interest,$13.79 ,-0.02,-0.15%,308853320,United States,2010,149966,Finance,Investment Managers
GBCI,Glacier Bancorp Inc. Common Stock,$49.29 ,0.32,0.65%,6414731416,United States,,906618,Finance,Major Banks
GBTG,Global Business Travel Group Inc. Class A Common Stock,$9.44 ,0.02,0.21%,5043792000,United States,2020,1278943,Consumer Discretionary,Transportation Services
GBX,Greenbrier Companies Inc. (The) Common Stock,$49.25 ,0.17,0.35%,1523779536,United States,1994,449918,Industrials,Railroads
GCO,Genesco Inc. Common Stock,$38.22 ,-0.38,-0.98%,424508508,United States,,93747,Consumer Discretionary,Clothing/Shoe/Accessory Stores
GCTS,GCT Semiconductor Holding Inc. Common Stock,$1.86 ,-0.03,-1.59%,169191200,United States,2021,1672034,Technology,Semiconductors
GCV,Gabelli Convertible and Income Securities Fund Inc. (The) Common Stock,$4.51 ,0,0.00%,85870531,United States,,18881,Finance,Finance/Investors Services
GD,General Dynamics Corporation Common Stock,$383.42 ,1.22,0.32%,1.03737E+11,United States,,1523957,Industrials,Marine Transportation
GDDY,GoDaddy Inc. Class A Common Stock,$82.74 ,-16.59,-16.70%,10955590741,United States,2015,6670861,Technology,EDP Services
GDL,GDL Fund The Common Shares of Beneficial Interest,$8.38 ,-0.02,-0.24%,0,United States,2007,2922,Finance,Investment Managers
GDO,Western Asset Global Corporate Opportunity Fund Inc. Common Stock,$10.26 ,0.01,0.10%,0,United States,2009,36591,Finance,Finance Companies
GDOT,Green Dot Corporation Class A Common Stock $0.001 par value,$13.11 ,0,0.00%,743078274,United States,2010,187817,Finance,Finance: Consumer Services
GDV,Gabelli Dividend & Income Trust Common Shares of Beneficial Interest,$29.76 ,0.02,0.07%,2684009492,United States,2003,80181,Finance,Investment Managers
GDV^H,The Gabelli Dividend & Income Trust 5.375% Series H Cumulative Preferred Shares,$21.27 ,0.03,0.14%,,United States,,13692,,
GDV^K,The Gabelli Dividend & Income Trust 4.250% Series K Cumulative Preferred Shares,$17.01 ,-0.07,-0.41%,,United States,,13913,,
GE,GE Aerospace Common Stock,$360.07 ,5.03,1.42%,3.73595E+11,United States,,3148259,Technology,Consumer Electronics/Appliances
GEF,Greif Inc. Class A Common Stock,$86.55 ,-0.76,-0.87%,3995868183,United States,,332695,,
GEL,Genesis Energy L.P. Common Units,$15.31 ,0.03,0.20%,1874928709,United States,2001,300733,Energy,Oil Refining/Marketing
GEO,Geo Group Inc (The) REIT,$30.89 ,0.22,0.72%,4127468793,United States,,914767,Consumer Discretionary,Homebuilding
GETY,Getty Images Holdings Inc. Class A Common Stock,$0.37 ,-0.0058,-1.54%,155852839,United States,2022,2725465,Consumer Discretionary,Business Services
GEV,GE Vernova Inc. Common Stock,$990.29 ,8.31,0.85%,2.63747E+11,United States,2024,2355532,,
GF,New Germany Fund Inc. (The) Common Stock,$11.20 ,-0.12,-1.06%,0,United States,1990,35532,Finance,Investment Managers
GFF,Griffon Corporation Common Stock,$86.17 ,-1.73,-1.97%,3952327593,United States,,326425,Industrials,Building Products
GGG,Graco Inc. Common Stock,$79.38 ,-0.61,-0.76%,12855894549,United States,,1842808,Industrials,Fluid Controls
GGT,Gabelli Multi-Media Trust Inc. (The) Common Stock,$4.08 ,0.05,1.24%,112345864,United States,,175348,Finance,Trusts Except Educational Religious and Charitable
GGT^E,Gabelli Multi-Media Trust Inc. (The) 5.125% Series E Cumulative Preferred Stock,$20.00 ,-0.1099,-0.55%,,United States,,343,,
GGT^G,Gabelli Multi-Media Trust Inc. (The) 5.125% Series G Cumulative Preferred Shares,$20.07 ,0,0.00%,,United States,,1821,,
GHC,Graham Holdings Company Common Stock,"$1,203.54 ",-21.98,-1.79%,5183747877,United States,,26278,Real Estate,Other Consumer Services
GHI,Greystone Housing Impact Investors LP Beneficial Unit Certificates representing assignments of limited partnership interests,$5.76 ,0.3,5.50%,135720058,United States,2022,220597,Finance,Finance: Consumer Services
GHM,Graham Corporation Common Stock,$95.90 ,1.68,1.78%,1124673867,United States,1978,197799,Industrials,Industrial Machinery/Components
GHY,PGIM Global High Yield Fund Inc.,$11.66 ,0.03,0.26%,0,United States,2012,173327,Finance,Trusts Except Educational Religious and Charitable
GIC,Global Industrial Company Common Stock,$35.74 ,0.53,1.51%,1367451678,United States,,81723,Industrials,Industrial Machinery/Components
GIS,General Mills Inc. Common Stock,$35.75 ,-0.67,-1.84%,19080075157,United States,,9347175,Consumer Staples,Packaged Foods
GJH,Synthetic Fixed-Income Securities Inc 6.375% (STRATS) Cl A-1,$9.40 ,0.01,0.11%,0,United States,,1042,Finance,Finance: Consumer Services
GJO,Synthetic Fixed-Income Securities Inc. on behalf of STRATS(SM) Trust for Wal-Mart Stores Inc. Securities Series 2004-5,$24.52 ,0,0.00%,0,United States,,10,Finance,Finance: Consumer Services
GJP,Synthetic Fixed-Income Securities Inc. on behalf of STRATS (SM) Trust for Dominion Resources Inc. Securities Series 2005-6 Floating Rate Structured Repackaged Asset-Backed Trust Securities (STRATS) Certificates,$24.19 ,0,0.00%,0,United States,,82,Finance,Finance: Consumer Services
GJR,Synthetic Fixed-Income Securities Inc. STRATS Trust for Procter&Gamble Securities Series 2006-1,$25.10 ,-0.09,-0.36%,0,United States,,209,Finance,Finance: Consumer Services
GJS,Goldman Sachs Group Securities STRATS Trust for Goldman Sachs Group Securities Series 2006-2,$23.52 ,0,0.00%,7339158056,United States,,5,Finance,Finance: Consumer Services
GJT,Synthetic Fixed-Income Securities Inc. Floating Rate Structured Repackaged Asset-Backed Trust Securities Certificates Series 2006-3,$23.67 ,0,0.00%,0,United States,,1,Finance,Finance: Consumer Services
GKOS,Glaukos Corporation Common Stock,$166.72 ,-1.8,-1.07%,9833801977,United States,2015,1032292,Health Care,Medical/Dental Instruments
GL,Globe Life Inc. Common Stock,$182.25 ,-0.73,-0.40%,14150757692,United States,,926556,Finance,Life Insurance
GL^D,Globe Life Inc. 4.25% Junior Subordinated Debentures due 2061,$15.43 ,0.07,0.46%,,United States,,33102,,
GLOB,Globant S.A. Common Shares,$36.60 ,0.21,0.58%,1580371750,United States,2014,2737340,Technology,EDP Services
GLP,Global Partners LP Common Units representing Limited Partner Interests,$49.47 ,0.5,1.02%,1681760502,United States,2005,94940,Energy,Oil Refining/Marketing
GLW,Corning Incorporated Common Stock,$138.25 ,3.03,2.24%,1.19087E+11,United States,,14501085,Industrials,Telecommunications Equipment
GM,General Motors Company Common Stock,$88.86 ,0.46,0.52%,77970343933,United States,2010,6675076,Industrials,Auto Manufacturing
GME,GameStop Corporation Common Stock,$21.72 ,-0.16,-0.73%,9745574102,United States,2002,2496228,Consumer Discretionary,Electronics Distribution
GMED,Globus Medical Inc. Class A Common Stock,$78.79 ,-1.47,-1.83%,10695319083,United States,2012,1054313,Health Care,Medical/Dental Instruments
GNE,Genie Energy Ltd. Class B Common Stock Stock,$13.91 ,-0.21,-1.49%,367275481,United States,2011,73463,Utilities,Power Generation
GNK,Genco Shipping & Trading Limited Ordinary Shares New (Marshall Islands),$25.54 ,-0.44,-1.69%,1112957883,United States,,247194,Consumer Discretionary,Marine Transportation
GNL,Global Net Lease Inc. Common Stock,$8.72 ,-0.08,-0.91%,1848042253,United States,2015,1989406,Real Estate,Real Estate Investment Trusts
GNL^A,Global Net Lease Inc. 7.25% Series A Cumulative Redeemable Preferred Stock $0.01 par value per share,$22.95 ,0.09,0.39%,,United States,,12547,,
GNL^B,Global Net Lease Inc. 6.875% Series B Cumulative Redeemable Perpetual Preferred Stock,$21.60 ,-0.16,-0.74%,,United States,,15536,,
GNL^D,Global Net Lease Inc. 7.50% Series D Cumulative Redeemable Perpetual Preferred Stock,$23.76 ,0.01,0.04%,,United States,,12015,,
GNL^E,Global Net Lease Inc. 7.375% Series E Cumulative Redeemable Perpetual Preferred Stock,$22.98 ,0.045,0.20%,,United States,,1446,,
GNRC,Generac Holdlings Inc. Common Stock,$197.11 ,5.2,2.71%,11603605712,United States,2010,1527415,Consumer Discretionary,Metal Fabrications
GNT,GAMCO Natural Resources Gold & Income Trust,$8.08 ,0.06,0.75%,149281547,United States,2011,148664,Finance,Finance/Investors Services
GNT^A,GAMCO Natural Resources Gold & Income Tust  5.20% Series A Cumulative Preferred Shares (Liquidation Preference $25.00 per share),$20.24 ,0,0.00%,,United States,,11,,
GNW,Genworth Financial Inc Common Stock,$9.83 ,-0.13,-1.31%,3764980986,United States,2004,2746241,Finance,Life Insurance
GOF,Guggenheim Strategic Opportunities Fund Common Shares of Beneficial Interest,$10.51 ,0,0.00%,0,United States,,1278983,Finance,Finance/Investors Services
GOLD,Gold.com Inc. Common Stock,$41.36 ,-0.72,-1.71%,1199620909,United States,,333609,Industrials,Other Specialty Stores
GOLF,Acushnet Holdings Corp. Common Stock,$101.27 ,0.88,0.88%,5929768947,United States,2016,226696,Consumer Discretionary,Recreational Games/Products/Toys
GPC,Genuine Parts Company Common Stock,$124.37 ,-0.46,-0.37%,17145618102,United States,,1219275,Consumer Discretionary,Automotive Aftermarket
GPGI,GPGI Inc. Class A Common Stock,$13.20 ,-0.27,-2.00%,3826165636,United States,,1169124,Finance,Finance: Consumer Services
GPI,Group 1 Automotive Inc. Common Stock,$286.77 ,-9.94,-3.35%,3412044807,United States,1997,420242,Consumer Discretionary,Retail-Auto Dealers and Gas Stations
GPJA,Georgia Power Company Series 2017A 5.00% Junior Subordinated Notes due October 1 2077,$20.77 ,0,0.00%,192361355,United States,2017,22376,Utilities,Electric Utilities: Central
GPK,Graphic Packaging Holding Company,$10.73 ,-0.23,-2.10%,3174871663,United States,,5922763,Consumer Discretionary,Containers/Packaging
GPMT,Granite Point Mortgage Trust Inc. Common Stock,$1.44 ,0.09,6.67%,69004260,United States,2017,359071,Real Estate,Real Estate Investment Trusts
GPMT^A,Granite Point Mortgage Trust Inc. 7.00% Series A Fixed-to-Floating Rate Cumulative Redeemable Preferred Stock,$18.30 ,-0.19,-1.03%,,United States,,11377,,
GPN,Global Payments Inc. Common Stock,$84.08 ,-2.76,-3.18%,22999538069,United States,,3003591,Consumer Discretionary,Business Services
GPOR,Gulfport Energy Corporation Common Shares,$161.37 ,4.45,2.84%,2899760968,United States,2021,251346,Energy,Oil & Gas Production
GRBK,Green Brick Partners Inc. Common Stock,$70.73 ,0.6,0.86%,3042146528,United States,2021,303999,Consumer Discretionary,Homebuilding
GRBK^A,Green Brick Partners Inc. Depositary Shares (each representing a 1/1000th fractional interest in a share of 5.75% Series A Cumulative Perpetual Preferred Stock),$22.99 ,-0.1683,-0.73%,,United States,,5868,,
GRC,Gorman-Rupp Company (The) Common Stock,$81.19 ,0.5,0.62%,2144247629,United States,1971,486748,Industrials,Fluid Controls
GRDN,Guardian Pharmacy Services Inc. Class A Common Stock,$39.53 ,-1.67,-4.05%,2503064662,United States,2024,429555,Consumer Staples,Retail-Drug Stores and Proprietary Stores
GRNT,Granite Ridge Resources Inc. Common Stock,$4.75 ,0.09,1.93%,626505953,United States,2022,613683,Energy,Oil & Gas Production
GRX,The Gabelli Healthcare & Wellness Trust Common Shares of Beneficial Interest,$9.74 ,-0.075,-0.77%,166400092,United States,,10540,Finance,Finance/Investors Services
GS,Goldman Sachs Group Inc. (The) Common Stock,"$1,018.38 ",-6.48,-0.63%,3.0043E+11,United States,1999,1552419,Finance,Investment Bankers/Brokers/Service
GS^A,Goldman Sachs Group Inc. (The) Depositary Shares each representing 1/1000th Interest in a Share of Floating Rate Non-Cumulative Preferred Stock Series A,$19.07 ,-0.01,-0.05%,,United States,,150245,,
GS^C,Goldman Sachs Group Inc. (The) Depositary Share repstg 1/1000th Preferred Series C,$19.05 ,0.02,0.11%,,United States,,72964,,
GS^D,Goldman Sachs Group Inc. (The) Dep Shs repstg 1/1000 Pfd Ser D Fltg,$18.88 ,0.06,0.32%,,United States,,170159,,
GSBD,Goldman Sachs BDC Inc. Common Stock,$8.61 ,-0.05,-0.58%,969219667,United States,2015,822169,Finance,Investment Managers
GTN,Gray Media Inc. Common Stock,$4.04 ,-0.02,-0.49%,415063358,United States,,724030,Industrials,Broadcasting
GTY,Getty Realty Corporation Common Stock,$34.14 ,-0.1,-0.29%,2114382344,United States,,455467,Finance,Real Estate
GUG,Guggenheim Active Allocation Fund Common Shares of Beneficial Interest,$15.45 ,0.08,0.52%,0,United States,2021,67847,Finance,Trusts Except Educational Religious and Charitable
GUT,Gabelli Utility Trust (The) Common Stock,$6.35 ,0,0.00%,466083834,United States,,152658,Finance,Trusts Except Educational Religious and Charitable
GUT^C,Gabelli Utility Trust (The) 5.375% Series C Cumulative Preferred Shares,$21.06 ,-0.2099,-0.99%,,United States,,7305,,
GVA,Granite Construction Incorporated Common Stock,$120.97 ,6.05,5.27%,5292038178,United States,,2000535,Industrials,Military/Government/Technical
GWH,ESS Tech Inc. Common Stock,$0.75 ,-0.0116,-1.53%,21953710,United States,,199306,Miscellaneous,Industrial Machinery/Components
GWRE,Guidewire Software Inc. Common Stock,$151.94 ,-1.27,-0.83%,12649971946,United States,2012,1130981,Technology,Computer Software: Prepackaged Software
GWW,W.W. Grainger Inc. Common Stock,"$1,382.22 ",26.73,1.97%,65258917344,United States,,340713,Industrials,Office Equipment/Supplies/Services
GXO,GXO Logistics Inc. Common Stock ,$50.16 ,-0.28,-0.56%,5770837224,United States,2021,1907558,Consumer Discretionary,Transportation Services
H,Hyatt Hotels Corporation Class A Common Stock,$174.06 ,-2.62,-1.48%,16389922487,United States,2009,1711881,Consumer Discretionary,Hotels/Resorts
HAE,Haemonetics Corporation Common Stock,$85.54 ,0.72,0.85%,3887449386,United States,1991,789643,Health Care,Medical/Dental Instruments
HAL,Halliburton Company Common Stock,$32.25 ,0.61,1.93%,26868454336,United States,,9281807,Energy,Oilfield Services/Equipment
HASI,HA Sustainable Infrastructure Capital Inc. Common Stock,$37.87 ,-0.09,-0.24%,4863748735,United States,2013,900092,Finance,Finance/Investors Services
HAYW,Hayward Holdings Inc. Common Stock,$15.13 ,-0.24,-1.56%,3209369276,United States,2021,2700234,Industrials,Industrial Machinery/Components
HBB,Hamilton Beach Brands Holding Company Class A Common Stock ,$22.99 ,-0.17,-0.73%,311416333,United States,2017,20196,Consumer Discretionary,Home Furnishings
HCA,HCA Healthcare Inc. Common Stock,$402.59 ,6.8,1.72%,87161338885,United States,2011,1255924,Health Care,Hospital/Nursing Management
HCC,Warrior Met Coal Inc. Common Stock,$79.41 ,-0.99,-1.23%,4193003961,United States,2017,862325,Energy,Coal Mining
HCI,HCI Group Inc. Common Stock,$175.01 ,-7.01,-3.85%,2233969048,United States,,224960,Finance,Property-Casualty Insurers
HCXY,Hercules Capital Inc. 6.25% Notes due 2033,$25.00 ,0.3683,1.50%,4541892075,United States,2018,9769,Finance,Investment Managers
HD,Home Depot Inc. (The) Common Stock,$331.96 ,-1.39,-0.42%,3.31003E+11,United States,,4958860,Consumer Discretionary,RETAIL: Building Materials
HE,Hawaiian Electric Industries Inc. Common Stock,$12.92 ,-0.27,-2.05%,2230452262,United States,,1109399,Utilities,Electric Utilities: Central
HEI,Heico Corporation Common Stock,$356.36 ,2.19,0.62%,49796929623,United States,2000,450319,Industrials,Aerospace
HEI/A,Heico Corporation,$257.28 ,1.13,0.44%,,United States,,178564,,
HEQ,John Hancock Diversified Income Fund Common Shares of Beneficial Interest,$11.39 ,-0.04,-0.35%,0,United States,2011,32892,Finance,Investment Managers
HESM,Hess Midstream LP Class A Representing Limited Partner Interests,$40.83 ,0.56,1.39%,5240566471,United States,2017,1590435,Energy,Oil & Gas Production
HFRO,Highland Opportunities and Income Fund Common Shares of Beneficial Interest,$7.52 ,0.17,2.31%,0,United States,2017,133817,Finance,Finance/Investors Services
HFRO^A,Highland Opportunities and Income Fund 5.375% Series A Cumulative Preferred Shares,$16.39 ,0.07,0.43%,,United States,,23252,,
HFRO^B,Highland Opportunities and Income Fund 5.375% Series B Cumulative Preferred Shares,$16.25 ,-0.02,-0.12%,,United States,,24342,,
HGTY,Hagerty Inc. Class A Common Stock,$11.53 ,0.01,0.09%,3958876255,United States,2021,80596,Finance,Specialty Insurers
HGV,Hilton Grand Vacations Inc. Common Stock ,$46.14 ,-0.18,-0.39%,3680304916,United States,2016,1417904,Consumer Discretionary,Hotels/Resorts
HHH,Howard Hughes Holdings Inc. Common Stock,$63.92 ,-0.95,-1.46%,3811203729,United States,,427716,Real Estate,Real Estate Investment Trusts
HIG,The Hartford Insurance Group Inc. Common Stock,$141.91 ,-1.14,-0.80%,38439445804,United States,,1131390,Finance,Property-Casualty Insurers
HIG^G,The Hartford Insurance Group Inc. Depositary Shares each representing a 1/1000th interest in a share of 6.000% Non-Cumulative Preferred Stock Series G,$24.78 ,0.0599,0.24%,,United States,,41744,,
HII,Huntington Ingalls Industries Inc. Common Stock,$326.45 ,6.55,2.05%,12863445267,United States,,930389,Industrials,Marine Transportation
HIMS,Hims & Hers Health Inc. Class A Common Stock,$27.77 ,0.73,2.70%,6427580190,United States,2019,12560584,Health Care,Medical/Nursing Services
HIO,Western Asset High Income Opportunity Fund Inc. Common Stock,$3.53 ,0.02,0.57%,0,United States,,538842,Finance,Finance/Investors Services
HIPO,Hippo Holdings Inc. Common Stock,$31.45 ,-0.43,-1.35%,818829590,United States,2021,189436,Finance,Property-Casualty Insurers
HIW,Highwoods Properties Inc. Common Stock,$33.13 ,-0.67,-1.98%,3654444770,United States,1994,1193781,Real Estate,Real Estate Investment Trusts
HIX,Western Asset High Income Fund II Inc. Common Stock,$3.88 ,-0.01,-0.26%,0,United States,1998,502669,Finance,Finance/Investors Services
HL,Hecla Mining Company Common Stock,$14.12 ,-0.81,-5.43%,9470459130,United States,,26504439,Industrials,Mining & Quarrying of Nonmetallic Minerals (No Fuels)
HL^B,Hecla Mining Company Preferred Stock,$63.70 ,-1.925,-2.93%,,United States,,516,,
HLI,Houlihan Lokey Inc. Class A Common Stock,$125.49 ,-2.85,-2.22%,8666262475,United States,2015,890807,Finance,Investment Managers
HLIO,Helios Technologies Inc. Common Stock,$77.91 ,0.2,0.26%,2574641752,United States,2021,195263,Industrials,Metal Fabrications
HLLY,Holley Inc. Common Stock,$2.67 ,-0.04,-1.48%,324307807,United States,2020,525687,Consumer Discretionary,Auto Parts:O.E.M.
HLT,Hilton Worldwide Holdings Inc. Common Stock ,$320.49 ,-1.53,-0.48%,72131053006,United States,2016,2285487,Consumer Discretionary,Hotels/Resorts
HLX,Helix Energy Solutions Group Inc. Common Stock,$9.51 ,0.31,3.37%,1400785835,United States,,947790,Energy,Oilfield Services/Equipment
HMN,Horace Mann Educators Corporation Common Stock,$52.11 ,0.1,0.19%,2104262873,United States,1991,193540,Finance,Property-Casualty Insurers
HNGE,Hinge Health Inc. Class A Common Stock,$74.71 ,-0.4,-0.53%,5781069438,United States,2025,1127853,Technology,EDP Services
HNI,HNI Corporation Common Stock,$45.01 ,1.43,3.28%,3240400789,United States,,1227173,Consumer Discretionary,Office Equipment/Supplies/Services
HOG,Harley-Davidson Inc. Common Stock,$24.54 ,-0.1,-0.41%,2583284131,United States,,1657935,Consumer Discretionary,Motor Vehicles
HOMB,Home BancShares Inc. Common Stock,$31.07 ,-0.09,-0.29%,6257915053,United States,2006,1693005,Finance,Major Banks
HOV,Hovnanian Enterprises Inc. Class A Common Stock,$123.90 ,-5.46,-4.22%,726004068,United States,1983,229543,Consumer Discretionary,Homebuilding
HP,Helmerich & Payne Inc. Common Stock,$34.57 ,0.8,2.37%,3454613011,United States,,823646,Energy,Oil & Gas Production
HPE,Hewlett Packard Enterprise Company Common Stock,$47.90 ,0.76,1.61%,63429348656,United States,2015,17219181,Technology,Retail: Computer Software & Peripheral Equipment
HPE^C,Hewlett Packard Enterprise Company 7.625% Series C Mandatory Convertible Preferred Stock,$124.53 ,1.82,1.48%,,United States,,117828,,
HPF,John Hancock Pfd Income Fund II Pfd Income Fund II,$15.84 ,-0.02,-0.13%,0,United States,2002,39454,Finance,Finance Companies
HPI,John Hancock Preferred Income Fund Common Shares of Beneficial Interest,$16.04 ,0.07,0.44%,0,United States,2002,50975,Finance,Trusts Except Educational Religious and Charitable
HPP,Hudson Pacific Properties Inc. Common Stock,$13.77 ,-0.35,-2.48%,746912670,United States,2010,508400,Finance,Real Estate
HPP^C,Hudson Pacific Properties Inc. 4.750% Series C Cumulative Redeemable Preferred Stock,$14.69 ,0.48,3.38%,,United States,,36949,,
HPQ,HP Inc. Common Stock,$27.27 ,0.41,1.53%,24939033756,United States,,19609137,Technology,Computer Manufacturing
HPS,John Hancock Preferred Income Fund III Preferred Income Fund III,$14.22 ,0.03,0.21%,0,United States,2003,58333,Finance,Investment Managers
HQH,abrdn Healthcare Investors Shares of Beneficial Interest,$21.84 ,-0.17,-0.77%,1033986976,United States,1987,156720,Finance,Finance Companies
HQL,abrdn Life Sciences Investors Shares of Beneficial Interest,$19.10 ,-0.34,-1.75%,490481048,United States,1992,148761,Finance,Investment Managers
HR,Healthcare Realty Trust Incorporated Common Stock,$21.01 ,-0.52,-2.42%,7280418354,United States,,5050493,Real Estate,Real Estate Investment Trusts
HRB,H&R Block Inc. Common Stock,$44.03 ,-0.26,-0.59%,5581251914,United States,,2394548,Consumer Discretionary,Other Consumer Services
HRI,Herc Holdings Inc. Common Stock ,$150.14 ,4.22,2.89%,5019397002,United States,2016,464963,Industrials,Misc Corporate Leasing Services
HRL,Hormel Foods Corporation Common Stock,$25.01 ,-0.36,-1.42%,13763377125,United States,,5964849,Consumer Staples,Meat/Poultry/Fish
HRTG,Heritage Insurance Holdings Inc. Common Stock,$29.37 ,-0.6,-2.00%,891377297,United States,2014,233551,Finance,Property-Casualty Insurers
HSY,The Hershey Company Common Stock,$175.05 ,-2.18,-1.23%,35507732269,United States,,2173855,Consumer Staples,Specialty Foods
HTB,HomeTrust Bancshares Inc. Common Stock,$51.19 ,0.03,0.06%,860265867,United States,,111652,Finance,Savings Institutions
HTD,John Hancock Tax Advantaged Dividend Income Fund Common Shares of Beneficial Interest,$25.76 ,-0.07,-0.27%,0,United States,2004,65545,Finance,Finance Companies
HTFC,Horizon Technology Finance Corporation 6.25% Notes due 2027,$24.80 ,0.07,0.28%,1055133831,United States,2022,627,Finance,Finance: Consumer Services
HTGC,Hercules Capital Inc. Common Stock,$16.42 ,0.48,3.01%,3072487248,United States,2012,2309907,Finance,Investment Managers
HTH,Hilltop Holdings Inc.,$39.44 ,0.06,0.15%,2259376286,United States,,248603,Finance,Major Banks
HUBB,Hubbell Inc Common Stock,$472.55 ,-1.14,-0.24%,24966031426,United States,2015,742762,Technology,Electrical Products
HUBS,HubSpot Inc. Common Stock,$237.36 ,4.26,1.83%,12157042766,United States,2014,1333546,Technology,Computer Software: Prepackaged Software
HUM,Humana Inc. Common Stock,$363.86 ,-2.8,-0.76%,43692420869,United States,,1454610,Health Care,Medical Specialities
HUN,Huntsman Corporation Common Stock,$9.76 ,-2.31,-19.14%,1711407333,United States,2005,8702445,Industrials,Major Chemicals
HUYA,HUYA Inc. American depositary shares each  representing one Class A ordinary share,$2.45 ,-0.03,-1.21%,547656575,United States,2018,238517,Technology,Computer Software: Programming Data Processing
HVT,Haverty Furniture Companies Inc. Common Stock,$24.64 ,-0.39,-1.56%,396589498,United States,,50416,Consumer Discretionary,Other Specialty Stores
HVT/A,Haverty Furniture Companies Inc.,$30.20 ,0,0.00%,,United States,,170,,
HWM,Howmet Aerospace Inc. Common Stock,$282.26 ,4.98,1.80%,1.12934E+11,United States,,2280677,Industrials,Metal Fabrications
HXL,Hexcel Corporation Common Stock,$102.95 ,0.04,0.04%,7785434383,United States,,1546214,Industrials,Major Chemicals
HY,Hyster-Yale Inc. Class A common stock,$33.43 ,-0.07,-0.21%,598928604,United States,,108301,Industrials,Construction/Ag Equipment/Trucks
HYT,Blackrock Corporate High Yield Fund Inc. Common Stock,$8.35 ,-0.02,-0.24%,0,United States,2003,886028,Finance,Finance Companies
HZO,MarineMax Inc.  (FL) Common Stock,$34.47 ,-0.56,-1.60%,761330135,United States,1998,188749,Consumer Discretionary,Auto & Home Supply Stores
IAE,Voya Asia Pacific High Dividend Equity Income Fund ING Asia Pacific High Dividend Equity Income Fund Common Shares of Beneficial Interest,$8.54 ,0.14,1.67%,0,United States,2007,45404,Finance,Trusts Except Educational Religious and Charitable
IBM,International Business Machines Corporation Common Stock,$223.65 ,1.91,0.86%,2.10708E+11,United States,,9084853,Technology,Computer Manufacturing
IBP,Installed Building Products Inc. Common Stock,$222.94 ,-2.22,-0.99%,6006161887,United States,2014,296443,Consumer Discretionary,Homebuilding
IBTA,Ibotta Inc. Class A Common Stock,$24.00 ,-2.39,-9.06%,558599256,United States,2024,207289,Consumer Discretionary,Advertising
ICE,Intercontinental Exchange Inc. Common Stock,$152.48 ,-3.79,-2.43%,86229345238,United States,2005,5665742,Finance,Investment Bankers/Brokers/Service
IDA,IDACORP Inc. Common Stock,$142.91 ,1.01,0.71%,7918390864,United States,,543746,Utilities,Electric Utilities: Central
IDE,Voya Infrastructure Industrials and Materials Fund Common Shares of Beneficial Interest,$13.10 ,0.19,1.47%,0,United States,2010,70898,Finance,Finance/Investors Services
IDT,IDT Corporation Class B Common Stock,$65.86 ,-0.08,-0.12%,1637843757,United States,,213306,Telecommunications,Telecommunications Equipment
IEX,IDEX Corporation Common Stock,$230.45 ,-3.32,-1.42%,16988750033,United States,1989,1204859,Industrials,Fluid Controls
IFF,International Flavors & Fragrances Inc. Common Stock,$79.22 ,-0.26,-0.33%,20225141131,United States,,1643178,Industrials,Major Chemicals
IFN,Aberdeen India Fund Inc. Common Stock,$11.71 ,-0.03,-0.26%,0,United States,,81782,Finance,Finance/Investors Services
IGA,Voya Global Advantage and Premium Opportunity Fund Common Shares of Beneficial Interest,$10.21 ,0.04,0.39%,0,United States,2005,59030,Finance,Investment Managers
IGD,Voya Global Equity Dividend and Premium Opportunity Fund,$6.55 ,0.07,1.08%,0,United States,2005,306064,Finance,Trusts Except Educational Religious and Charitable
IGI,Western Asset Investment Grade Opportunity Trust Inc. Common Stock,$15.67 ,0,0.00%,0,United States,2009,7754,Finance,Investment Managers
IGR,CBRE Global Real Estate Income Fund Common Shares of Beneficial Interest,$4.68 ,-0.06,-1.27%,0,United States,2004,904256,Finance,Finance Companies
IH,iHuman Inc. American depositary shares each representing five Class A ordinary shares,$1.35 ,-0.04,-2.88%,69002364,United States,2020,2337,Real Estate,Other Consumer Services
IHD,Voya Emerging Markets High Income Dividend Equity Fund Common Shares,$7.32 ,0.14,1.95%,0,United States,2011,42633,Finance,Investment Managers
IIF,Morgan Stanley India Investment Fund Inc. Common Stock,$22.95 ,-0.03,-0.13%,0,United States,1994,15382,Finance,Trusts Except Educational Religious and Charitable
IIIN,Insteel Industries Inc. Common Stock,$30.65 ,0.03,0.10%,593330271,United States,,563703,Industrials,Steel/Iron Ore
IIM,Invesco Value Municipal Income Trust Common Stock,$12.50 ,-0.03,-0.24%,588355488,United States,,97547,Finance,Investment Managers
IIPR,Innovative Industrial Properties Inc. Common Stock,$58.81 ,-1.97,-3.24%,1692226581,United States,2016,392839,Finance,Real Estate
IIPR^A,Innovative Industrial Properties Inc. 9.00% Series A Cumulative Redeemable Preferred Stock,$25.24 ,0.2,0.80%,,United States,,167513,,
INGM,Ingram Micro Holding Corporation Common Stock,$28.21 ,-2.19,-7.20%,6534748724,United States,2024,1613060,Technology,Retail: Computer Software & Peripheral Equipment
INGR,Ingredion Incorporated Common Stock,$99.46 ,-0.87,-0.87%,6271854207,United States,,722334,Consumer Staples,Packaged Foods
INN,Summit Hotel Properties Inc. Common Stock,$6.88 ,-0.02,-0.29%,745551737,United States,2011,867532,Real Estate,Real Estate Investment Trusts
INN^E,Summit Hotel Properties Inc. 6.250% Series E Cumulative Redeemable Preferred Stock,$18.50 ,-0.01,-0.05%,,United States,,28950,,
INN^F,Summit Hotel Properties Inc. 5.875% Series F Cumulative Redeemable Preferred Stock $0.01 par value per share,$17.67 ,0.25,1.44%,,United States,,38838,,
INR,Infinity Natural Resources Inc. Class A Common Stock,$13.16 ,0.63,5.03%,836078975,United States,2025,303786,Energy,Oil & Gas Production
INSP,Inspire Medical Systems Inc. Common Stock,$50.21 ,0.19,0.38%,1446708412,United States,2018,672202,Health Care,Medical/Dental Instruments
INSW,International Seaways Inc. Common Stock ,$96.18 ,0.97,1.02%,4761361661,United States,2016,344211,Consumer Discretionary,Marine Transportation
INVH,Invitation Homes Inc. Common Stock,$29.72 ,0.05,0.17%,17654926932,United States,2017,5097252,Finance,Real Estate
INVX,Innovex International Inc. Common Stock,$28.08 ,1.52,5.72%,1960556523,United States,,429545,Consumer Discretionary,Oil and Gas Field Machinery
IONQ,IonQ Inc. Common Stock,$36.44 ,0.67,1.87%,13601956905,United States,2021,18151680,Technology,EDP Services
IOT,Samsara Inc. Class A Common Stock,$37.27 ,1.47,4.11%,21717604756,United States,2021,4218500,Technology,EDP Services
IP,International Paper Company Common Stock,$40.83 ,-2.32,-5.38%,21620178048,United States,,7392984,Basic Materials,Paper
IPI,Intrepid Potash Inc Common Stock,$33.96 ,-1.36,-3.85%,456185699,United States,2008,140630,Industrials,Mining & Quarrying of Nonmetallic Minerals (No Fuels)
IQI,Invesco Quality Municipal Income Trust Common Stock,$9.87 ,-0.12,-1.20%,521963076,United States,,147464,Finance,Finance Companies
IQV,IQVIA Holdings Inc. Common Stock,$235.02 ,-2.77,-1.17%,38684292000,United States,2013,1321730,Health Care,Biotechnology: Commercial Physical & Biological Resarch
IR,Ingersoll Rand Inc. Common Stock,$83.38 ,-0.94,-1.12%,32629665219,United States,2017,6473394,Industrials,Industrial Machinery/Components
IRM,Iron Mountain Incorporated (Delaware)Common Stock REIT,$122.32 ,-2.32,-1.86%,36393218980,United States,,2939295,Real Estate,Real Estate Investment Trusts
IRT,Independence Realty Trust Inc. Common Stock,$16.63 ,-0.06,-0.36%,3920455132,United States,2013,2833691,Real Estate,Real Estate Investment Trusts
ISD,PGIM High Yield Bond Fund Inc.,$12.44 ,-0.01,-0.08%,0,United States,2012,148285,Finance,Trusts Except Educational Religious and Charitable
IT,Gartner Inc. Common Stock,$151.02 ,-1.9,-1.24%,10111074277,United States,1993,1406325,Consumer Discretionary,Other Consumer Services
ITGR,Integer Holdings Corporation Common Stock,$121.21 ,20.35,20.18%,4115666035,United States,,2609117,Health Care,Biotechnology: Electromedical & Electrotherapeutic Apparatus
ITT,ITT Inc. Common Stock ,$195.98 ,2.98,1.54%,17520612000,United States,2011,667031,Industrials,Fluid Controls
ITW,Illinois Tool Works Inc. Common Stock,$286.95 ,3.25,1.15%,82555515000,United States,,1822989,Industrials,Industrial Machinery/Components
IVR,INVESCO MORTGAGE CAPITAL INC Common Stock,$7.41 ,0,0.00%,687820423,United States,2009,3007230,Real Estate,Real Estate Investment Trusts
IVR^C,INVESCO MORTGAGE CAPITAL INC 7.5% Fixed-to-Floating Series C Cumulative Redeemable Preferred Stock Liquation Preference $25.00 per Share,$25.06 ,0.05,0.20%,,United States,,16487,,
IVT,InvenTrust Properties Corp. Common Stock,$35.41 ,0.21,0.60%,2759708696,United States,2021,728930,Real Estate,Real Estate Investment Trusts
IVZ,Invesco Ltd Common Stock,$29.60 ,0.18,0.61%,13121580218,United States,,4722253,Finance,Investment Managers
J,Jacobs Solutions Inc. Common Stock,$134.93 ,2.18,1.64%,15932653003,United States,2022,746993,Industrials,Military/Government/Technical
JBGS,JBG SMITH Properties Common Shares ,$14.05 ,-0.03,-0.21%,1046929933,United States,2017,498327,Real Estate,Real Estate Investment Trusts
JBI,Janus International Group Inc. Common Stock,$5.13 ,0.04,0.79%,699693315,United States,2021,1119824,Industrials,Building Products
JBK,Lehman ABS 3.50 3.50% Adjustable Corp Backed Tr Certs GS Cap I,$25.93 ,0,0.00%,0,United States,,2,Finance,Finance: Consumer Services
JBL,Jabil Inc. Common Stock,$315.05 ,6.53,2.12%,33013172389,United States,1993,1267526,Technology,Electrical Products
JBTM,JBT Marel Corporation Common Stock,$138.47 ,-1.9,-1.35%,7209829928,United States,,453243,Industrials,Industrial Machinery/Components
JCE,Nuveen Core Equity Alpha Fund Common Shares of Beneficial Interest,$16.41 ,0.04,0.24%,0,United States,2007,50910,Finance,Trusts Except Educational Religious and Charitable
JEF,Jefferies Financial Group Inc. Common Stock,$54.60 ,-0.49,-0.89%,10578350874,United States,,2670875,Finance,Investment Bankers/Brokers/Service
JELD,JELD-WEN Holding Inc. Common Stock,$1.42 ,0.06,4.41%,122334876,United States,2017,719000,Basic Materials,Forest Products
JFR,Nuveen Floating Rate Income Fund Common Stock,$7.71 ,0.04,0.52%,0,United States,2004,688301,Finance,Trusts Except Educational Religious and Charitable
JGH,Nuveen Global High Income Fund Common Shares of Beneficial Interest,$12.52 ,0.01,0.08%,0,United States,2014,103655,Finance,Investment Managers
JHI,John Hancock Investors Trust Common Stock,$13.22 ,0.15,1.15%,115602911,United States,,68178,Finance,Trusts Except Educational Religious and Charitable
JHS,John Hancock Income Securities Trust Common Stock,$10.93 ,0.0402,0.37%,127297174,United States,,6157,Finance,Finance Companies
JILL,J. Jill Inc. Common Stock,$18.22 ,0.51,2.88%,272414781,United States,2017,71143,Consumer Discretionary,Apparel
JLL,Jones Lang LaSalle Incorporated Common Stock,$355.03 ,-6.69,-1.85%,16471110932,United States,,410096,Finance,Real Estate
JLS,Nuveen Mortgage and Income Fund,$17.25 ,0.01,0.06%,0,United States,2009,34528,Finance,Investment Managers
JMM,Nuveen Multi-Market Income Fund (MA),$5.77 ,-0.03,-0.52%,0,United States,,3288,Finance,Trusts Except Educational Religious and Charitable
JNJ,Johnson & Johnson Common Stock,$256.35 ,0.53,0.21%,6.17778E+11,United States,,6775565,Health Care,Biotechnology: Pharmaceutical Preparations
JOBY,Joby Aviation Inc. Common Stock,$7.15 ,-0.09,-1.24%,7033046392,United States,2020,33520891,Industrials,Aerospace
JOE,St. Joe Company (The) Common Stock,$62.24 ,-0.83,-1.32%,3543351270,United States,,208559,Real Estate,Homebuilding
JOF,Japan Smaller Capitalization Fund Inc Common Stock,$11.34 ,-0.02,-0.18%,0,United States,1990,66245,Finance,Trusts Except Educational Religious and Charitable
JPC,Nuveen Preferred & Income Opportunities Fund,$7.69 ,0.02,0.26%,0,United States,2003,860750,Finance,Investment Managers
JPM,JP Morgan Chase & Co. Common Stock,$351.79 ,0.94,0.27%,9.42625E+11,United States,,6594079,Finance,Major Banks
JPM^C,J P Morgan Chase & Co Depositary Shares each representing a 1/400th interest in a share of 6.00% Non-Cumulative  Preferred Stock Series EE,$25.19 ,0.05,0.20%,,United States,,252936,,
JPM^D,J P Morgan Chase & Co Depositary Shares each representing a 1/400th  interest in a share of 5.75% Non-Cumulative  Preferred Stock Series DD,$24.12 ,0.07,0.29%,,United States,,234211,,
JPM^J,J P Morgan Chase & Co Depositary Shares each representing a 1/400th interest in a share of JPMorgan Chase & Co. 4.75% Non-Cumulative Preferred Stock Series GG,$19.34 ,0.07,0.36%,,United States,,90051,,
JPM^K,J P Morgan Chase & Co Depositary Shares each representing a 1/400th interest in a share of 4.55% Non-Cumulative Preferred Stock Series JJ,$18.34 ,0.03,0.16%,,United States,,259430,,
JPM^L,J P Morgan Chase & Co Depositary Shares each representing a 1/400th interest in a share of 4.625% Non-Cumulative Preferred Stock Series LL,$18.69 ,0.04,0.21%,,United States,,303715,,
JPM^M,J P Morgan Chase & Co Depositary Shares each representing a 1/400th interest in a share of 4.20% Non-Cumulative Preferred Stock Series MM,$17.21 ,0.01,0.06%,,United States,,434660,,
JQC,Nuveen Credit Strategies Income Fund Shares of Beneficial Interest,$4.76 ,-0.01,-0.21%,0,United States,2003,459705,Finance,Finance Companies
JRI,Nuveen Real Asset Income and Growth Fund Common Shares of Beneficial Interest,$12.96 ,0.09,0.70%,0,United States,2012,104603,Finance,Finance Companies
JRS,Nuveen Real Estate Income Fund Common Shares of Beneficial Interest,$8.63 ,-0.02,-0.23%,0,United States,2001,27171,Finance,Finance/Investors Services
JXN,Jackson Financial Inc. Class A Common Stock ,$122.28 ,0.38,0.31%,8528186757,United States,2021,462063,Finance,Life Insurance
JXN^A,Jackson Financial Inc. Depositary Shares each representing a 1/1000th interest in a share of Fixed-Rate Reset Noncumulative Perpetual Preferred Stock Series A,$25.39 ,-0.12,-0.47%,,United States,,60059,,
KAI,Kadant Inc Common Stock,$307.50 ,-0.29,-0.09%,3631102065,United States,1992,96778,Industrials,Industrial Machinery/Components
KBH,KB Home Common Stock,$54.97 ,-1.38,-2.45%,3370195748,United States,1986,1068815,Consumer Discretionary,Homebuilding
KBR,KBR Inc. Common Stock,$36.61 ,2.24,6.52%,4641780326,United States,2006,3842927,Industrials,Military/Government/Technical
KD,Kyndryl Holdings Inc. Common Stock,$13.55 ,0.04,0.30%,2988008168,United States,2021,3403480,Technology,EDP Services
KEX,Kirby Corporation Common Stock,$131.14 ,-1.2,-0.91%,7015990000,United States,,675378,Consumer Discretionary,Marine Transportation
KEY,KeyCorp Common Stock,$22.59 ,-0.02,-0.09%,24492658292,United States,,13142721,Finance,Major Banks
KEY^I,KeyCorp Depositary Shares Each Representing a 1/40th Ownership Interest in a Share of Fixed-to-Floating Rate Perpetual Non-Cumulative Preferred Stock Series E,$25.27 ,0.0251,0.10%,,United States,,307614,,
KEY^J,KeyCorp Depositary Shares each representing a 1/40th ownership interest in a share of Fixed Rate Perpetual Non-Cumulative Preferred Stock Series F,$21.59 ,0.03,0.14%,,United States,,238962,,
KEY^K,KeyCorp Depositary Shares each representing a 1/40th ownership interest in a share of Fixed Rate Perpetual Non-Cumulative Preferred Stock Series G,$21.59 ,-0.02,-0.09%,,United States,,234189,,
KEY^L,KeyCorp Depositary Shares each representing a 1/40th ownership interest in a share of Fixed Rate Perpetual Non-Cumulative Preferred Stock Series H,$25.37 ,-0.03,-0.12%,,United States,,326135,,
KEYS,Keysight Technologies Inc. Common Stock,$319.08 ,6.39,2.04%,54529294021,United States,2014,1147433,Industrials,Industrial Machinery/Components
KF,Korea Fund Inc. (The) New Common Stock,$55.54 ,-1.4,-2.46%,0,United States,,22043,Finance,Investment Managers
KFRC,Kforce Inc. Common Stock,$56.77 ,-0.04,-0.07%,1016693930,United States,1995,260601,Consumer Discretionary,Professional Services
KFY,Korn Ferry Common Stock,$82.27 ,0.16,0.20%,4184005390,United States,1999,339604,Consumer Discretionary,Diversified Commercial Services
KGS,Kodiak Gas Services Inc. Common Stock,$58.71 ,0.45,0.77%,5210115914,United States,2023,1822874,Utilities,Natural Gas Distribution
KIM,Kimco Realty Corporation (HC) Common Stock,$25.48 ,-0.03,-0.12%,17183451900,United States,,8445785,Real Estate,Real Estate Investment Trusts
KIM^L,Kimco Realty Corporation Class L Depositary Shares each of which represents a one-one thousandth fractional interest in a share of 5.125% Class L Cumulative Redeemable Preferred Stock liquidation preference $25000.00 per share,$19.28 ,0.08,0.42%,,United States,,24767,,
KIM^M,Kimco Realty Corporation Class M Depositary Shares each of which represents a one-one thousandth fractional interest in a share of 5.25% Class M Cumulative Redeemable Preferred Stock liquidation preference $25000.00 per share,$19.58 ,-0.03,-0.15%,,United States,,37981,,
KIM^N,Kimco Realty Corporation Depositary Shares each representing 1/1000th interest in a share of 7.25% Class N Cumulative Convertible Perpetual Preferred Stock,$62.84 ,0,0.00%,,United States,,36,,
KIO,KKR Income Opportunities Fund Common Shares,$11.01 ,-0.06,-0.54%,0,United States,2013,275465,Finance,Investment Managers
KKR,KKR & Co. Inc. Common Stock,$101.43 ,0.45,0.45%,91071252406,United States,,6281602,Finance,Investment Managers
KKR^D,KKR & Co. Inc. 6.25% Series D Mandatory Convertible Preferred Stock,$43.39 ,-0.17,-0.39%,,United States,,223920,,
KKRS,KKR Group Finance Co. IX LLC 4.625% Subordinated Notes due 2061,$16.25 ,-0.08,-0.49%,14590435291,United States,2021,72255,Finance,Investment Managers
KKRT,KKR & Co. Inc. 6.875% Subordinated Notes due 2065,$23.35 ,-0.04,-0.17%,0,United States,2025,72031,Finance,Investment Managers
KLC,KinderCare Learning Companies Inc. Common Stock,$5.35 ,-0.03,-0.56%,633591400,United States,2024,461258,Consumer Discretionary,Other Consumer Services
KMI,Kinder Morgan Inc. Common Stock,$32.18 ,0.52,1.64%,71658491224,United States,2011,9833373,Utilities,Natural Gas Distribution
KMPB,Kemper Corporation 5.875% Fixed-Rate Reset Junior Subordinated Debentures due 2062,$24.70 ,-0.05,-0.20%,1454193530,United States,2022,5281,Finance,Property-Casualty Insurers
KMPR,Kemper Corporation,$28.38 ,-0.73,-2.51%,1670850704,United States,,696971,Finance,Property-Casualty Insurers
KMT,Kennametal Inc. Common Stock,$33.97 ,0.65,1.95%,2588857199,United States,,851147,Industrials,Industrial Machinery/Components
KMX,CarMax Inc,$57.26 ,-1.44,-2.45%,8125829357,United States,,2104675,Consumer Discretionary,Retail-Auto Dealers and Gas Stations
KN,Knowles Corporation Common Stock,$36.59 ,0.51,1.41%,3125163828,United States,2014,771582,Consumer Staples,Consumer Electronics/Appliances
KNF,Knife Riv Holding Co. Common Stock,$73.17 ,0.12,0.16%,4152679570,United States,2023,509864,Industrials,Mining & Quarrying of Nonmetallic Minerals (No Fuels)
KNSL,Kinsale Capital Group Inc. Common Stock,$356.42 ,0.55,0.16%,8118686239,United States,,277893,Finance,Property-Casualty Insurers
KNTK,Kinetik Holdings Inc. Class A Common Stock,$50.57 ,0.55,1.10%,8210542065,United States,2022,754410,Utilities,Natural Gas Distribution
KNX,Knight-Swift Transportation Holdings Inc.,$69.53 ,-0.27,-0.39%,11316424680,United States,2017,4570188,Industrials,Trucking Freight/Courier Services
KO,Coca-Cola Company (The) Common Stock,$87.59 ,-0.9,-1.02%,3.7686E+11,United States,,14709627,Consumer Staples,Beverages (Production/Distribution)
KODK,Eastman Kodak Company Common New,$8.40 ,0.03,0.36%,822417758,United States,,817834,Consumer Discretionary,Industrial Machinery/Components
KOP,Koppers Holdings Inc. Common Stock,$49.02 ,0.04,0.08%,942744111,United States,2006,145889,Basic Materials,Forest Products
KR,Kroger Company (The) Common Stock,$57.74 ,-0.12,-0.21%,35374254063,United States,,5916091,Consumer Staples,Food Chains
KRC,Kilroy Realty Corporation Common Stock,$38.82 ,-0.72,-1.82%,4515114914,United States,1997,1104468,Real Estate,Real Estate Investment Trusts
KREF,KKR Real Estate Finance Trust Inc. Common Stock,$6.96 ,-0.09,-1.28%,407702518,United States,2017,1086078,Real Estate,Real Estate Investment Trusts
KREF^A,KKR Real Estate Finance Trust Inc. 6.50% Series A Cumulative Redeemable Preferred Stock,$18.42 ,0.06,0.33%,,United States,,34560,,
KRG,Kite Realty Group Trust Common Stock,$28.62 ,-0.32,-1.11%,5811764690,United States,2004,3196265,Real Estate,Real Estate Investment Trusts
KRMN,Karman Holdings Inc. Common Stock,$48.15 ,0.93,1.97%,6381141297,United States,2025,1949883,Industrials,Military/Government/Technical
KRO,Kronos Worldwide Inc Common Stock,$6.02 ,-0.21,-3.37%,692619758,United States,,347511,Basic Materials,Major Chemicals
KRP,Kimbell Royalty Partners Common Units Representing Limited Partner Interests,$14.97 ,0.21,1.42%,1613385612,United States,2017,645751,Energy,Oil & Gas Production
KSS,Kohl's Corporation Common Stock,$19.14 ,-0.36,-1.85%,2170475866,United States,1992,3531628,Consumer Discretionary,Department/Specialty Retail Stores
KTB,Kontoor Brands Inc. Common Stock ,$83.74 ,-0.1,-0.12%,4628507343,United States,2019,588668,Industrials,Garments and Clothing
KTF,DWS Municipal Income Trust,$8.83 ,-0.01,-0.11%,348793283,United States,1988,138762,Finance,Finance Companies
KTH,Structures Products Cp 8% CorTS Issued by Peco Energy Cap Tr II Preferred Stock,$28.56 ,0.01,0.04%,0,United States,,124,Finance,Finance: Consumer Services
KTN,Structured Products Corp 8.205% CorTS 8.205% Corporate Backed Trust Securities (CorTS),$25.43 ,0,0.00%,0,United States,,639,Finance,Finance: Consumer Services
KVUE,Kenvue Inc. Common Stock,$19.24 ,-0.07,-0.36%,36940966772,United States,2023,22741501,Consumer Discretionary,Specialty Chemicals
KVYO,Klaviyo Inc. Series A Common Stock,$17.84 ,-0.51,-2.78%,5339151864,United States,2023,5770491,Technology,Computer Software: Prepackaged Software
KWR,Quaker Houghton Common Stock,$160.52 ,5.6,3.62%,2787661591,United States,,279274,Industrials,Major Chemicals
KYN,Kayne Anderson Energy Infrastructure Fund Inc.,$14.62 ,0.13,0.90%,1990242969,United States,2004,392047,Finance,Finance/Investors Services
L,Loews Corporation Common Stock,$116.01 ,-0.36,-0.31%,23871246957,United States,,840110,Finance,Property-Casualty Insurers
LAD,Lithia Motors Inc. Common Stock,$385.42 ,-19.61,-4.84%,8472732569,United States,,541498,Consumer Discretionary,Retail-Auto Dealers and Gas Stations
LADR,Ladder Capital Corp Class A Common Stock,$9.56 ,-0.14,-1.44%,1212832297,United States,2014,1269457,Real Estate,Real Estate Investment Trusts
LAW,CS Disco Inc. Common Stock,$3.90 ,-0.06,-1.52%,250124183,United States,2021,168589,Technology,Computer Software: Prepackaged Software
LBRT,Liberty Energy Inc. Class A common stock,$18.71 ,0.76,4.23%,3053311393,United States,2018,5399395,Energy,Oilfield Services/Equipment
LCII,LCI Industries,$102.36 ,-0.29,-0.28%,2485833277,United States,1995,187078,Consumer Discretionary,Auto Parts:O.E.M.
LDI,loanDepot Inc. Class A Common Stock,$0.98 ,-0.0188,-1.88%,331472810,United States,2021,6027417,Finance,Finance: Consumer Services
LDOS,Leidos Holdings Inc. Common Stock,$115.60 ,3.19,2.84%,14540799870,United States,,1180719,Technology,EDP Services
LDP,Cohen & Steers Limited Duration Preferred and Income Fund Inc.,$20.58 ,-0.05,-0.24%,0,United States,2012,51532,Finance,Finance Companies
LEA,Lear Corporation Common Stock,$130.64 ,-15.69,-10.72%,6544423733,United States,,2071114,Consumer Discretionary,Auto Parts:O.E.M.
LEG,Leggett & Platt Incorporated Common Stock,$9.80 ,-0.22,-2.20%,1337038069,United States,,1619115,Consumer Discretionary,Home Furnishings
LEN,Lennar Corporation Class A Common Stock,$82.35 ,-1.4,-1.67%,19837714944,United States,,2585334,Consumer Discretionary,Homebuilding
LEO,BNY Mellon Strategic Municipals Inc. Common Stock,$6.15 ,-0.04,-0.65%,383088752,United States,1987,254113,Finance,Trusts Except Educational Religious and Charitable
LEU,Centrus Energy Corp. Class A Common Stock,$176.93 ,0.18,0.10%,3480707442,United States,2014,626360,Industrials,Mining & Quarrying of Nonmetallic Minerals (No Fuels)
LEVI,Levi Strauss & Co Class A Common Stock,$24.52 ,-0.03,-0.12%,9436535780,United States,2019,1556259,Consumer Discretionary,Apparel
LFT,Lument Finance Trust Inc. Common Stock,$0.66 ,-0.0592,-8.23%,34604802,United States,2013,841874,Real Estate,Real Estate Investment Trusts
LFT^A,Lument Finance Trust Inc. 7.875% Series A Cumulative Redeemable Preferred Stock,$17.39 ,-0.11,-0.63%,,United States,,5468,,
LGI,Lazard Global Total Return and Income Fund Common Stock,$18.11 ,0.04,0.22%,0,United States,2004,40727,,
LH,Labcorp Holdings Inc. Common Stock,$309.20 ,-6.33,-2.01%,25354400000,United States,,1091431,Health Care,Medical Specialities
LHX,L3Harris Technologies Inc. Common Stock,$277.06 ,5.16,1.90%,51614879124,United States,,2281828,Industrials,Industrial Machinery/Components
LII,Lennox International Inc. Common Stock,$415.88 ,-1.57,-0.38%,14373093519,United States,1999,931213,Industrials,Industrial Machinery/Components
LLY,Eli Lilly and Company Common Stock,"$1,148.84 ",-6.13,-0.53%,1.08191E+12,United States,,2881285,Health Care,Biotechnology: Pharmaceutical Preparations
LMND,Lemonade Inc. Common Stock,$48.31 ,-0.26,-0.54%,3711212317,United States,2020,2059696,Finance,Property-Casualty Insurers
LMT,Lockheed Martin Corporation Common Stock,$582.74 ,8.63,1.50%,1.34491E+11,United States,,1422068,Industrials,Military/Government/Technical
LNC,Lincoln National Corporation Common Stock,$45.61 ,-0.41,-0.89%,8721233915,United States,,2554858,Finance,Life Insurance
LNC^D,Lincoln National Corporation Depositary Shares Each Representing a 1/1000th Interest in a Share of 9.000% Non-Cumulative Preferred Stock Series D,$26.41 ,-0.1,-0.38%,,United States,,53604,,
LNG,Cheniere Energy Inc. Common Stock,$263.57 ,5.51,2.14%,55231585849,United States,2001,1270040,Utilities,Oil/Gas Transmission
LNN,Lindsay Corporation Common Stock,$110.82 ,0.25,0.23%,1126915836,United States,,112746,Industrials,Industrial Machinery/Components
LOAR,Loar Holdings Inc. Common Stock,$68.45 ,0.21,0.31%,6408595040,United States,2024,356242,Industrials,Military/Government/Technical
LOB,Live Oak Bancshares Inc. Common Stock,$42.80 ,0.34,0.80%,1980030335,United States,2022,192982,Finance,Major Banks
LOB^A,Live Oak Bancshares Inc. Depositary Shares Each Representing a 1/40th Interest in a Share of 8.375% Fixed Rate Series A Non-Cumulative Perpetual Preferred Stock,$25.11 ,-0.15,-0.59%,,United States,,82120,,
LOW,Lowe's Companies Inc. Common Stock,$207.81 ,-2.27,-1.08%,1.16521E+11,United States,,3975677,Consumer Discretionary,RETAIL: Building Materials
LPG,Dorian LPG Ltd. Common Stock,$47.42 ,1.18,2.55%,2028754733,United States,2014,611774,Consumer Discretionary,Marine Transportation
LPX,Louisiana-Pacific Corporation Common Stock,$72.43 ,0.52,0.72%,5060313258,United States,,919449,Basic Materials,Forest Products
LRN,Stride Inc. Common Stock,$80.29 ,-2.78,-3.35%,3414319404,United States,,2196086,Real Estate,Other Consumer Services
LTC,LTC Properties Inc. Common Stock,$40.24 ,-0.06,-0.15%,2059541789,United States,,547570,Real Estate,Real Estate Investment Trusts
LTH,Life Time Group Holdings Inc. Common Stock,$45.10 ,0.9,2.04%,10039383484,United States,2021,4737934,Consumer Discretionary,Hotels/Resorts
LUCK,Lucky Strike Entertainment Corporation Class A Common Stock,$6.70 ,-0.33,-4.69%,915368660,United States,2021,93780,Consumer Discretionary,Services-Misc. Amusement & Recreation
LUMN,Lumen Technologies Inc. Common Stock,$6.38 ,-0.18,-2.74%,6573384627,United States,,10487018,Telecommunications,Telecommunications Equipment
LUV,Southwest Airlines Company Common Stock,$44.97 ,-0.63,-1.38%,21999692799,United States,,4165734,Consumer Discretionary,Air Freight/Delivery Services
LVS,Las Vegas Sands Corp. Common Stock,$48.89 ,-0.98,-1.97%,31666110886,United States,2004,5837429,Consumer Discretionary,Hotels/Resorts
LVWR,LiveWire Group Inc. Common Stock,$1.81 ,-0.25,-12.14%,370618912,United States,2022,3116817,Consumer Discretionary,Motor Vehicles
LW,Lamb Weston Holdings Inc. Common Stock ,$52.55 ,-1,-1.87%,7224627128,United States,2016,1137431,Consumer Staples,Packaged Foods
LXP,LXP Industrial Trust Common Stock (Maryland REIT),$60.53 ,-0.2,-0.33%,3568683190,United States,,657393,Real Estate,Real Estate Investment Trusts
LXP^C,LXP Industrial Trust 6.5% Series C Cumulative Convertible Preferred Stock,$48.60 ,-0.68,-1.38%,,United States,,2471,,
LXU,LSB Industries Inc. Common Stock,$10.88 ,-0.16,-1.45%,782694634,United States,2003,1023374,Basic Materials,Major Chemicals
LYV,Live Nation Entertainment Inc. Common Stock,$174.13 ,-9.43,-5.14%,41015810428,United States,,5029369,Consumer Discretionary,Services-Misc. Amusement & Recreation
LZB,La-Z-Boy Incorporated Common Stock,$39.38 ,-0.75,-1.87%,1575641332,United States,,326726,Consumer Discretionary,Home Furnishings
M,Macy's Inc Common Stock,$24.82 ,-0.11,-0.44%,6528602018,United States,,5839012,Consumer Discretionary,Department/Specialty Retail Stores
MA,Mastercard Incorporated Common Stock,$573.10 ,-4.25,-0.74%,5.06382E+11,United States,2006,4577176,Consumer Discretionary,Business Services
MAA,Mid-America Apartment Communities Inc. Common Stock,$132.34 ,-0.98,-0.74%,15741118836,United States,1994,2197951,Real Estate,Real Estate Investment Trusts
MAA^I,Mid-America Apartment Communities Inc. 8.50% Series I Cumulative Redeemable Preferred Stock,$52.21 ,-0.795,-1.50%,,United States,,2134,,
MAC,Macerich Company (The) Common Stock,$25.84 ,0.37,1.45%,7327174250,United States,1994,3625381,Real Estate,Real Estate Investment Trusts
MAGN,Magnera Corporation Common Stock,$13.25 ,-0.08,-0.60%,474350000,United States,2000,386893,Basic Materials,Paper
MAIN,Main Street Capital Corporation Common Stock,$54.41 ,-0.03,-0.06%,5059577086,United States,2007,452217,Finance,Finance/Investors Services
MAN,ManpowerGroup Common Stock,$52.42 ,0.54,1.04%,2437914868,United States,,1470282,Consumer Discretionary,Professional Services
MAS,Masco Corporation Common Stock,$71.48 ,-0.63,-0.87%,14094957496,United States,,2963727,Industrials,Industrial Specialties
MATV,Mativ Holdings Inc. Common Stock,$8.73 ,0.17,1.99%,481175146,United States,,462498,Basic Materials,Paper
MATX,Matson Inc. Common Stock,$202.59 ,-1.06,-0.52%,6131038098,United States,,183629,Consumer Discretionary,Marine Transportation
MAX,MediaAlpha Inc. Class A Common Stock,$12.38 ,-1.16,-8.57%,758448048,United States,2020,1529472,Consumer Discretionary,Business Services
MBC,MasterBrand Inc. Common Stock,$8.25 ,0.1,1.23%,1055872868,United States,2022,1607641,Consumer Discretionary,Home Furnishings
MBGL,Mobility Global Inc. Common Stock,$20.38 ,-0.1,-0.49%,6521600000,United States,2026,2924741,Consumer Discretionary,Business Services
MBI,MBIA Inc. Common Stock,$5.12 ,-0.25,-4.66%,260782280,United States,1987,443263,Finance,Property-Casualty Insurers
MC,Moelis & Company Class A Common Stock,$67.08 ,-1.27,-1.86%,5270106190,United States,2014,2763146,Finance,Investment Managers
MCB,Metropolitan Bank Holding Corp. Common Stock,$92.48 ,-0.34,-0.37%,1146270827,United States,2017,176185,Finance,Major Banks
MCD,McDonald's Corporation Common Stock,$270.64 ,2.2,0.82%,1.92291E+11,United States,,4962803,Consumer Discretionary,Restaurants
MCI,Barings Corporate Investors Common Stock,$16.53 ,-0.128,-0.77%,334966739,United States,,21751,Finance,Trusts Except Educational Religious and Charitable
MCK,McKesson Corporation Common Stock,$856.19 ,-9.32,-1.08%,1.02918E+11,United States,,773328,Health Care,Other Pharmaceuticals
MCN,XAI Madison Equity Premium Income Fund Common Shares,$5.64 ,0.06,1.08%,0,United States,2004,69558,,
MCO,Moody's Corporation Common Stock,$478.38 ,-3.88,-0.81%,82855416000,United States,,843941,Finance,Finance: Consumer Services
MCS,Marcus Corporation (The) Common Stock,$29.10 ,-0.59,-1.99%,894194490,United States,,541738,Consumer Discretionary,Movies/Entertainment
MCY,Mercury General Corporation Common Stock,$107.12 ,0.39,0.37%,5933229724,United States,,232633,Finance,Property-Casualty Insurers
MD,Pediatrix Medical Group Inc. Common Stock,$26.51 ,0.03,0.11%,2177051861,United States,,453573,Health Care,Hospital/Nursing Management
MDT,Medtronic plc. Ordinary Shares,$85.39 ,-0.32,-0.37%,1.09303E+11,United States,,9603080,Health Care,Biotechnology: Electromedical & Electrotherapeutic Apparatus
MDU,MDU Resources Group Inc. Common Stock (Holding Company),$19.95 ,-0.02,-0.10%,4169670179,United States,,1568238,Industrials,Mining & Quarrying of Nonmetallic Minerals (No Fuels)
MDV,Modiv Industrial Inc. Class C Common Stock,$17.32 ,-0.2,-1.14%,178805964,United States,2022,54448,Real Estate,Real Estate Investment Trusts
MDV^A,Modiv Industrial Inc. 7.375% Series A Cumulative Redeemable Perpetual Preferred Stock,$25.22 ,0.05,0.20%,,United States,,420,,
MEC,Mayville Engineering Company Inc. Common Stock,$25.67 ,-0.22,-0.85%,526081134,United States,2019,596648,Industrials,Industrial Specialties
MED,MEDIFAST INC Common Stock,$9.83 ,-0.08,-0.81%,109300900,United States,,103381,Consumer Staples,Packaged Foods
MEGI,NYLI CBRE Global Infrastructure Megatrends Term Fund Common Shares,$15.30 ,-0.07,-0.46%,0,United States,2021,124018,Finance,Investment Managers
MEI,Methode Electronics Inc. Common Stock,$13.99 ,0.28,2.04%,496250566,United States,,485309,Technology,Electrical Products
MER^K,Bank of America Corporation Income Capital Obligation Notes initially due December 15 2066,$25.26 ,0,0.00%,,United States,,124901,,
MET,MetLife Inc. Common Stock,$96.13 ,-0.94,-0.97%,61853577565,United States,2000,5784522,Finance,Life Insurance
MET^A,MetLife Inc. Preferred Series A Floating Rate,$21.09 ,0.09,0.43%,,United States,,48412,,
MET^E,MetLife Inc. Depositary Shares ,$22.00 ,-0.12,-0.54%,,United States,,258042,,
MET^F,MetLife Inc. Depositary Shares each representing a 1/1000th interest in a share of 4.75% Non-Cumulative Preferred Stock Series F,$18.20 ,-0.05,-0.27%,,United States,,124321,,
MFA,MFA Financial Inc.,$9.11 ,-0.09,-0.98%,925541674,United States,,2334286,Real Estate,Real Estate Investment Trusts
MFA^B,MFA Financial Inc. Preferred Series B,$20.81 ,0.3733,1.83%,,United States,,13561,,
MFA^C,MFA Financial Inc. 6.50% Series C Fixed-to-Floating Rate Cumulative Redeemable Preferred Stock,$23.19 ,-0.0564,-0.24%,,United States,,52641,,
MFAN,MFA Financial Inc. 8.875% Senior Notes due 2029,$24.99 ,-0.43,-1.69%,2565690863,United States,2024,47620,Real Estate,Real Estate Investment Trusts
MFAO,MFA Financial Inc. 9.000% Senior Notes due 2029,$25.04 ,-0.52,-2.03%,2570824298,United States,2024,30926,Real Estate,Real Estate Investment Trusts
MFM,Aberdeen Municipal Income Fund Common Shares of Beneficial Interest,$5.37 ,-0.03,-0.56%,221177578,United States,1986,573294,Finance,Finance Companies
MG,Mistras Group Inc Common Stock,$15.21 ,0.04,0.26%,483931718,United States,2009,173007,Consumer Discretionary,Military/Government/Technical
MGF,Aberdeen Government Markets Income Fund Common Shares of Beneficial Interest,$2.81 ,0,0.00%,91598674,United States,1987,37073,Finance,Trusts Except Educational Religious and Charitable
MGM,MGM Resorts International Common Stock,$44.57 ,-1.09,-2.39%,11513462484,United States,,3656452,Consumer Discretionary,Hotels/Resorts
MGR,Affiliated Managers Group Inc. 5.875% Junior Subordinated Notes due 2059,$20.17 ,-0.09,-0.44%,573071311,United States,2019,49844,Finance,Investment Managers
MGRB,Affiliated Managers Group Inc. 4.750% Junior Subordinated Notes due 2060,$16.76 ,0.01,0.06%,476186176,United States,2020,59165,Finance,Investment Managers
MGRD,Affiliated Managers Group Inc. 4.200% Junior Subordinated Notes due 2061,$15.02 ,0.02,0.13%,426749186,United States,2021,62595,Finance,Investment Managers
MGRE,Affiliated Managers Group Inc. 6.750% Junior Subordinated Notes due 2064,$22.95 ,0.1,0.44%,652056846,United States,2024,37745,Finance,Investment Managers
MGY,Magnolia Oil & Gas Corporation Class A Common Stock,$25.71 ,0.68,2.72%,5913845669,United States,2017,4621087,Energy,Oil & Gas Production
MHD,Blackrock MuniHoldings Fund Inc. Common Stock,$11.47 ,-0.07,-0.61%,1706305542,United States,1997,322538,Finance,Investment Bankers/Brokers/Service
MHF,Western Asset Municipal High Income Fund Inc. Common Stock,$6.79 ,-0.03,-0.44%,0,United States,1988,40134,Finance,Finance/Investors Services
MHK,Mohawk Industries Inc. Common Stock,$123.10 ,3.54,2.96%,7503332150,United States,,2016661,Consumer Discretionary,Home Furnishings
MHO,M/I Homes Inc. Common Stock,$146.13 ,-5.2,-3.44%,3739482628,United States,1993,255079,Consumer Discretionary,Homebuilding
MIAX,Miami International Holdings Inc. Common Stock,$47.04 ,1.04,2.26%,4464429325,United States,2025,1350546,Finance,Investment Bankers/Brokers/Service
MIN,Aberdeen Intermediate Income Fund Common Shares of Beneficial Interest,$2.41 ,0.01,0.42%,276903628,United States,1988,120417,Finance,Trusts Except Educational Religious and Charitable
MIR,Mirion Technologies Inc. Class A Common Stock,$14.98 ,0.14,0.94%,3730583952,United States,2020,4815894,Industrials,Industrial Machinery/Components
MITN,TPG Mortgage Investment Trust Inc. 9.500% Senior Notes due 2029,$25.20 ,-0.55,-2.14%,743223197,United States,2024,9080,Real Estate,Real Estate Investment Trusts
MITP,TPG Mortgage Investment Trust Inc. 9.500% Senior Notes due 2029,$25.07 ,-0.46,-1.80%,739389109,United States,2024,23359,Real Estate,Real Estate Investment Trusts
MITT,TPG Mortgage Investment Trust Inc. Common Stock,$6.97 ,-0.12,-1.69%,221670221,United States,2011,322774,Real Estate,Real Estate Investment Trusts
MITT^A,TPG Mortgage Investment Trust Inc. 8.25% Series A Cumulative Redeemable Preferred Stock,$21.68 ,0,0.00%,,United States,,358,,
MITT^B,TPG Mortgage Investment Trust Inc. 8.00% Series B Cumulative Redeemable Preferred Stock,$20.36 ,-0.02,-0.10%,,United States,,2143,,
MITT^C,TPG Mortgage Investment Trust Inc. 8.00% Series C Fixed-to-Floating Rate Cumulative Redeemable Preferred Stock $0.01 par value per share,$25.10 ,0.165,0.66%,,United States,,7182,,
MIY,Blackrock MuniYield Michigan Quality Fund Inc. Common Stock,$12.20 ,0.02,0.16%,1814902146,United States,1992,115027,Finance,Investment Bankers/Brokers/Service
MKC,McCormick & Company Incorporated Common Stock,$50.90 ,-0.06,-0.12%,13684543997,United States,,4746288,Consumer Staples,Packaged Foods
MKL,Markel Group Inc. Common Stock,"$1,882.34 ",-3.82,-0.20%,23322113542,United States,1986,123001,Finance,Property-Casualty Insurers
MLI,Mueller Industries Inc. Common Stock,$66.41 ,-0.45,-0.67%,14688655977,United States,,1604591,Industrials,Metal Fabrications
MLM,Martin Marietta Materials Inc. Common Stock,$525.14 ,-14.86,-2.75%,31642945069,United States,1994,1025764,Industrials,Mining & Quarrying of Nonmetallic Minerals (No Fuels)
MLP,Maui Land & Pineapple Company Inc. Common Stock,$17.34 ,-0.54,-3.02%,344452268,United States,1998,25085,Finance,Real Estate
MLR,Miller Industries Inc. Common Stock,$50.30 ,0.37,0.74%,573204515,United States,,76136,Consumer Discretionary,Construction/Ag Equipment/Trucks
MMD,NYLI MacKay DefinedTerm Muni Opportunities Fund Common Shares,$14.92 ,-0.06,-0.40%,0,United States,2012,52512,Finance,Investment Managers
MMI,Marcus & Millichap Inc. Common Stock,$30.75 ,-0.35,-1.13%,1163020596,United States,2013,112298,Finance,Real Estate
MMM,3M Company Common Stock,$176.28 ,0.21,0.12%,90911547669,United States,,2675780,Health Care,Medical/Dental Instruments
MMS,Maximus Inc. Common Stock,$60.25 ,-0.39,-0.64%,3165556871,United States,1997,578171,Consumer Discretionary,Business Services
MMT,Aberdeen Multi-Market Income Fund Common Shares of Beneficial Interest,$4.31 ,-0.03,-0.69%,256653195,United States,1987,349245,Finance,Trusts Except Educational Religious and Charitable
MMU,Western Asset Managed Municipals Fund Inc. Common Stock,$10.03 ,-0.04,-0.40%,0,United States,1992,198346,Finance,Investment Managers
MNR,Mach Natural Resources LP Common Units representing Limited Partner Interests,$13.64 ,0.16,1.19%,2275175693,United States,2023,142562,Energy,Oil & Gas Production
MNTN,MNTN Inc. Class A Common Stock,$9.22 ,-0.01,-0.11%,719327444,United States,2025,653658,Consumer Discretionary,Advertising
MO,Altria Group Inc.,$68.33 ,0.39,0.57%,1.14104E+11,United States,,11153217,Health Care, Medicinal Chemicals and Botanical Products 
MOD,Modine Manufacturing Company Common Stock,$201.06 ,7.15,3.69%,10677729410,United States,,2507620,Consumer Discretionary,Auto Parts:O.E.M.
MOH,Molina Healthcare Inc Common Stock,$195.62 ,0.92,0.47%,10211364000,United States,2003,680548,Health Care,Medical Specialities
MOS,Mosaic Company (The) Common Stock,$22.12 ,-0.65,-2.86%,7030767765,United States,,11169105,Industrials,Agricultural Chemicals
MOV,Movado Group Inc. Common Stock,$38.18 ,-0.03,-0.08%,848635756,United States,,129871,Consumer Discretionary,Consumer Specialties
MP,MP Materials Corp. Common Stock,$41.37 ,-0.29,-0.70%,7364778331,United States,2020,7827292,Basic Materials,Metal Mining
MPA,Blackrock MuniYield Pennsylvania Quality Fund Common Stock,$10.90 ,-0.07,-0.64%,0,United States,1992,34195,Finance,Finance Companies
MPC,Marathon Petroleum Corporation Common Stock,$316.47 ,2.39,0.76%,92389186878,United States,,1687252,Energy,Integrated oil Companies
MPLX,MPLX LP Common Units Representing Limited Partner Interests,$58.45 ,0.84,1.46%,59311185876,United States,2012,1202036,Energy,Natural Gas Distribution
MPT,Medical Properties Trust Inc. common stock,$4.63 ,-0.06,-1.28%,2769203000,United States,,5346219,Real Estate,Real Estate Investment Trusts
MPV,Barings Participation Investors Common Stock,$16.26 ,0.085,0.53%,172383642,United States,1988,9929,Finance,Finance Companies
MQY,Blackrock MuniYield Quality Fund Inc. Common Stock,$11.20 ,-0.05,-0.44%,1666139675,United States,1992,402556,Finance,Investment Bankers/Brokers/Service
MRK,Merck & Company Inc. Common Stock (new),$130.20 ,0.41,0.32%,3.21571E+11,United States,,7731894,Health Care,Biotechnology: Pharmaceutical Preparations
MRP,Millrose Properties Inc. Class A Common Stock,$27.98 ,-0.24,-0.85%,4646020997,United States,2025,1071232,Finance,Real Estate
MRSH,Marsh Common Stock,$189.69 ,-1.82,-0.95%,90522205427,United States,,2545666,Finance,Specialty Insurers
MS,Morgan Stanley Common Stock,$210.42 ,0.36,0.17%,3.31892E+11,United States,,4719839,Finance,Investment Bankers/Brokers/Service
MS^A,Morgan Stanley Dep Shs repstg 1/1000 Pfd Ser A,$19.08 ,0.07,0.37%,,United States,,122839,,
MS^E,Morgan Stanley DEPOSITARY SHARES REP 1/1000TH SHARES FIXED/FLTG PREFERRED STOCK SERIES E,$25.43 ,0,0.00%,,United States,,83715,,
MS^F,Morgan Stanley Dep Shs Rpstg 1/1000th Int Prd Ser F Fxd to Flag,$25.26 ,0.06,0.24%,,United States,,69962,,
MS^I,Morgan Stanley Depository Shares Representing 1/1000th Preferred Series 1 Fixed to Floating Non (Cum),$24.91 ,0.08,0.32%,,United States,,91944,,
MS^K,Morgan Stanley Depositary Shares each representing 1/1000th of a share of Fixed-to-Floating Rate Non-Cumulative Preferred Stock  Series K,$23.18 ,0.19,0.83%,,United States,,106029,,
MS^L,Morgan Stanley Depositary Shares each representing 1/1000th of a share of 4.875% Non-Cumulative Preferred Stock Series L,$19.28 ,0.04,0.21%,,United States,,40263,,
MS^O,Morgan Stanley Depositary Shares each representing 1/1000th of a share of 4.250% Non-Cumulative Preferred Stock Series O,$16.64 ,0.03,0.18%,,United States,,202423,,
MS^P,Morgan Stanley Depositary Shares each representing 1/1000th of a share of 6.500% Non-Cumulative Preferred Stock Series P,$25.18 ,0.09,0.36%,,United States,,131832,,
MS^Q,Morgan Stanley Depositary Shares each representing 1/1000th of a share of 6.625% Non-Cumulative Preferred Stock Series Q,$25.43 ,0.08,0.32%,,United States,,117980,,
MSA,MSA Safety Incorporated Common Stock,$190.27 ,15.92,9.13%,7345200014,United States,2000,721989,Health Care,Industrial Specialties
MSB,Mesabi Trust Common Stock,$21.99 ,-0.99,-4.31%,288509020,United States,,30000,Industrials,Precious Metals
MSCI,MSCI Inc. Common Stock,$572.24 ,-3.5,-0.61%,41601848000,United States,,616778,Consumer Discretionary,Business Services
MSD,Morgan Stanley Emerging Markets Debt Fund Inc. Common Stock,$7.24 ,-0.03,-0.41%,0,United States,1993,14153,Finance,Trusts Except Educational Religious and Charitable
MSDL,Morgan Stanley Direct Lending Fund Common Stock,$14.61 ,-0.2,-1.35%,0,United States,2024,632471,,
MSGE,Madison Square Garden Entertainment Corp. Class A Common Stock,$77.26 ,-1.6,-2.03%,3654802379,United States,2023,278984,Consumer Discretionary,Services-Misc. Amusement & Recreation
MSGS,Madison Square Garden Sports Corp. Class A Common Stock (New),$393.68 ,-11.37,-2.81%,9478281804,United States,2015,149615,Consumer Discretionary,Services-Misc. Amusement & Recreation
MSI,Motorola Solutions Inc. Common Stock,$435.75 ,4.93,1.14%,72332574857,United States,,708682,Technology,Radio And Television Broadcasting And Communications Equipment
MSM,MSC Industrial Direct Company Inc. Common Stock,$123.40 ,1.94,1.60%,6891433173,United States,1995,482771,Industrials,Industrial Machinery/Components
MTB,M&T Bank Corporation Common Stock,$246.29 ,-0.71,-0.29%,36067953827,United States,,1152933,Finance,Major Banks
MTB^H,M&T Bank Corporation Perpetual Fixed-to-Floating Rate Non-Cumulative Preferred Stock Series H,$25.13 ,-0.02,-0.08%,,United States,,214514,,
MTB^J,M&T Bank Corporation Depositary Shares each representing a 1/400th ownership interest in a share of Perpetual 7.500% Non-Cumulative Preferred Stock Series J,$26.15 ,-0.12,-0.46%,,United States,,86307,,
MTB^K,M&T Bank Corporation Depositary Shares each representing a 1/400th interest in a share of Perpetual 6.350% Non-Cumulative Preferred Stock Series K,$23.89 ,0.04,0.17%,,United States,,54130,,
MTB^L,M&T Bank Corporation Depositary Shares each representing a 1/400th ownership interest in a share of Perpetual 6.625% Non-Cumulative Preferred Stock Series L,$24.78 ,-0.01,-0.04%,,United States,,1957337,,
MTDR,Matador Resources Company Common Stock,$49.89 ,1.58,3.27%,6195251745,United States,2012,1241380,Energy,Oil & Gas Production
MTG,MGIC Investment Corporation Common Stock,$30.04 ,-0.41,-1.35%,6161950194,United States,1991,1935522,Finance,Property-Casualty Insurers
MTH,Meritage Homes Corporation Common Stock,$70.20 ,-0.61,-0.86%,4682510797,United States,,1078835,Consumer Discretionary,Homebuilding
MTN,Vail Resorts Inc. Common Stock,$149.38 ,-3.44,-2.25%,5322936114,United States,1997,500508,Consumer Discretionary,Services-Misc. Amusement & Recreation
MTR,Mesa Royalty Trust Common Stock,$2.90 ,-0.04,-1.36%,5404411,United States,,6238,Energy,Oil & Gas Production
MTRN,Materion Corporation,$210.84 ,2.73,1.31%,4385785097,United States,,734402,Industrials,Industrial Specialties
MTUS,Metallus Inc. Common Shares,$20.12 ,0.28,1.41%,837551457,United States,2014,546823,Industrials,Steel/Iron Ore
MTW,Manitowoc Company Inc. (The) Common Stock,$13.85 ,0.02,0.15%,497347738,United States,,265534,Industrials,Construction/Ag Equipment/Trucks
MTX,Minerals Technologies Inc. Common Stock,$76.24 ,3.73,5.14%,2364105880,United States,1992,1158703,Basic Materials,Major Chemicals
MTZ,MasTec Inc. Common Stock,$263.10 ,-61.34,-18.91%,20789782084,United States,,3950313,Industrials,Water Sewer Pipeline Comm & Power Line Construction
MUA,Blackrock MuniAssets Fund Inc Common Stock,$10.10 ,-0.07,-0.69%,1502500957,United States,1993,181417,Finance,Investment Bankers/Brokers/Service
MUC,Blackrock MuniHoldings California Quality Fund Inc.  Common Stock,$10.58 ,-0.02,-0.19%,1573906943,United States,1998,608882,Finance,Investment Bankers/Brokers/Service
MUJ,Blackrock MuniHoldings New Jersey Quality Fund Inc. Common Stock,$11.97 ,-0.07,-0.58%,1780686778,United States,1998,105392,Finance,Investment Bankers/Brokers/Service
MUR,Murphy Oil Corporation Common Stock,$39.74 ,1.53,4.00%,5696712150,United States,,1791789,Energy,Oil & Gas Production
MUSA,Murphy USA Inc. Common Stock,$607.76 ,-8.34,-1.35%,11225743516,United States,2013,219071,Consumer Discretionary,Retail-Auto Dealers and Gas Stations
MWA,MUELLER WATER PRODUCTS Common Stock,$25.24 ,0.29,1.16%,3949330034,United States,2006,1569907,Industrials,Metal Fabrications
MXE,Mexico Equity and Income Fund Inc. (The) Common Stock,$13.09 ,0,0.00%,0,United States,,80,Finance,Finance Companies
MXF,Mexico Fund Inc. (The) Common Stock,$21.76 ,0.06,0.28%,0,United States,,30306,Finance,Trusts Except Educational Religious and Charitable
MYE,Myers Industries Inc. Common Stock,$34.16 ,1.19,3.61%,1282958120,United States,1983,589521,Industrials,Plastic Products
MYI,Blackrock MuniYield Quality Fund III Inc Common Stock,$10.66 ,-0.08,-0.75%,1585807941,United States,,194675,Finance,Investment Bankers/Brokers/Service
MYN,Blackrock MuniYield New York Quality Fund Inc.Common Stock,$9.70 ,-0.05,-0.51%,0,United States,1992,159676,Finance,Finance Companies
NABL,N-able Inc. Common Stock,$4.68 ,0.32,7.34%,881610397,United States,2021,1604168,Technology,Computer Software: Prepackaged Software
NAC,Nuveen California Quality Municipal Income Fund,$11.72 ,-0.05,-0.43%,0,United States,1999,612417,Finance,Investment Managers
NAD,Nuveen Quality Municipal Income Fund Common Stock,$11.71 ,0.01,0.09%,0,United States,1999,651968,Finance,Investment Managers
NAN,Nuveen New York Quality Municipal Income Fund Common Stock,$11.17 ,0.02,0.18%,3376867486,United States,1999,114092,Finance,Investment Managers
NATL,NCR Atleos Corporation Common Stock,$47.03 ,0.14,0.30%,3469864794,United States,2023,591763,Miscellaneous,Office Equipment/Supplies/Services
NAZ,Nuveen Arizona Quality Municipal Income Fund Common Stock,$12.10 ,-0.01,-0.08%,0,United States,1992,11687,Finance,Finance/Investors Services
NBB,Nuveen Taxable Municipal Income Fund Common Shares of Beneficial Interest,$15.21 ,0.05,0.33%,0,United States,2010,100591,Finance,Finance Companies
NBHC,National Bank Holdings Corporation Common Stock,$43.19 ,0.61,1.43%,1969424438,United States,2012,494786,Finance,Major Banks
NBXG,Neuberger Next Generation Connectivity Fund Inc. Common Stock,$14.76 ,0.13,0.89%,0,United States,2021,276721,Finance,Trusts Except Educational Religious and Charitable
NC,NACCO Industries Inc. Common Stock,$47.40 ,0.22,0.47%,357424914,United States,,13117,Energy,Coal Mining
NCA,Nuveen California Municipal Value Fund,$8.97 ,-0.06,-0.66%,0,United States,,137765,Finance,Investment Managers
NCDL,Nuveen Churchill Direct Lending Corp. Common Stock,$12.12 ,-0.07,-0.57%,598571228,United States,2024,258695,,
NCLH,Norwegian Cruise Line Holdings Ltd. Ordinary Shares,$18.53 ,-0.19,-1.02%,8507310894,United States,,19869398,Consumer Discretionary,Marine Transportation
NCV,Virtus Convertible & Income Fund Common Shares of Beneficial Interest,$16.75 ,-0.05,-0.30%,1513757281,United States,2003,42613,Finance,Finance Companies
NCV^A,Virtus Convertible & Income Fund 5.625% Series A Cumulative Preferred Shares,$20.49 ,-0.005,-0.02%,,United States,,3138,,
NCZ,Virtus Convertible & Income Fund II Common Shares of Beneficial Interest,$15.46 ,0.2,1.31%,1176749480,United States,2003,53658,Finance,Finance Companies
NCZ^A,Virtus Convertible & Income Fund II 5.50% Series A Cumulative Preferred Shares,$20.14 ,0.05,0.25%,,United States,,3609,,
NE,Noble Corporation plc A Ordinary Shares,$42.40 ,0.96,2.32%,6768830043,United States,2022,1039218,Energy,Oil & Gas Production
NEA,Nuveen AMT-Free Quality Municipal Income Fund Common Shares of Beneficial Interest Par Value $.01,$11.27 ,0.01,0.09%,0,United States,2002,753731,Finance,Finance/Investors Services
NEE,NextEra Energy Inc. Common Stock,$86.92 ,-1.01,-1.15%,1.81313E+11,United States,,13180175,Technology,EDP Services
NEE^N,NextEra Energy Capital Holdings Inc. Series N Junior Subordinated Debentures due March 1 2079,$21.87 ,-0.015,-0.07%,,United States,,93653,,
NEE^S,NextEra Energy Inc. 7.299% Corporate Units,$53.20 ,-0.56,-1.04%,,United States,,175210,,
NEE^T,NextEra Energy Inc. 7.234% Corporate Units,$48.93 ,-1.45,-2.88%,,United States,,1695215,,
NEE^U,NextEra Energy Inc. Series U Junior Subordinated Debentures due June 1 2085,$24.20 ,-0.01,-0.04%,,United States,,110984,,
NEE^V,NextEra Energy Inc. 7.375% Corporate Units,$47.70 ,-0.39,-0.81%,,United States,,1550093,,
NEE^W,NextEra Energy Capital Holdings Inc. Series Z Junior Subordinated Debentures due April 15 2086,$23.95 ,-0.02,-0.08%,,United States,,42679,,
NEM,Newmont Corporation,$93.71 ,-2.05,-2.14%,98741502715,United States,,5863751,Basic Materials,Precious Metals
NET,Cloudflare Inc. Class A Common Stock,$278.98 ,-4.41,-1.56%,98610021678,United States,2019,3700935,Technology,Computer Software: Prepackaged Software
NEU,NewMarket Corp Common Stock,$850.16 ,-16.86,-1.95%,7819787833,United States,,166013,Industrials,Major Chemicals
NFG,National Fuel Gas Company Common Stock,$82.31 ,-0.16,-0.19%,7822360646,United States,,1265049,Utilities,Oil/Gas Transmission
NFJ,Virtus Dividend Interest & Premium Strategy Fund Common Shares of Beneficial Interest,$15.22 ,0.06,0.40%,0,United States,2005,190878,Finance,Finance: Consumer Services
NGL,NGL ENERGY PARTNERS LP Common Units representing Limited Partner Interests,$16.39 ,0.29,1.80%,2045706197,United States,2011,531300,Utilities,Natural Gas Distribution
NGL^B,NGL ENERGY PARTNERS LP 9.00% Class B Fixed-to-Floating Rate Cumulative Redeemable Perpetual Preferred Units representing limited partnership interests,$25.30 ,0.05,0.20%,,United States,,639954,,
NGL^C,NGL ENERGY PARTNERS LP 9.625% Class C Fixed-to-Floating Rate Cumulative  Redeemable Perpetual Preferred Units representing  limited partner interests,$25.34 ,0.02,0.08%,,United States,,2418,,
NGS,Natural Gas Services Group Inc. Common Stock,$36.64 ,0.75,2.09%,461604094,United States,2002,127855,Energy,Oilfield Services/Equipment
NGVC,Natural Grocers by Vitamin Cottage Inc. Common Stock,$32.06 ,-0.12,-0.37%,738687599,United States,2012,82041,Consumer Staples,Food Chains
NGVT,Ingevity Corporation Common Stock ,$73.11 ,2.92,4.16%,2542158256,United States,2016,296753,Industrials,Major Chemicals
NHI,National Health Investors Inc. Common Stock,$76.65 ,0.58,0.76%,3715308205,United States,,383557,Real Estate,Real Estate Investment Trusts
NI,NiSource Inc Common Stock,$44.43 ,-0.64,-1.42%,21201797353,United States,,4497115,Utilities,Power Generation
NIC,Nicolet Bankshares Inc. Common Stock,$170.92 ,1.37,0.81%,3632375603,United States,2022,113327,Finance,Major Banks
NIE,Virtus Equity & Convertible Income Fund Common Shares of Beneficial Interest,$25.95 ,0.24,0.93%,719047642,United States,2007,45503,Finance,Investment Managers
NIM,Nuveen Select Maturities Municipal Fund Common Stock,$9.16 ,-0.03,-0.33%,0,United States,1992,15009,Finance,Trusts Except Educational Religious and Charitable
NIO,NIO Inc. American depositary shares each  representing one Class A ordinary share,$4.88 ,0.04,0.83%,12227655067,United States,2018,18124058,Industrials,Auto Manufacturing
NIQ,NIQ Global Intelligence plc Ordinary Shares,$11.17 ,-0.21,-1.85%,3296672940,United States,2025,1045782,Technology,Computer Software: Programming Data Processing
NJR,NewJersey Resources Corporation Common Stock,$57.89 ,-0.69,-1.18%,5842349861,United States,,823881,Utilities,Oil/Gas Transmission
NKE,Nike Inc. Common Stock,$41.71 ,-0.58,-1.37%,61876730902,United States,,22596860,Consumer Discretionary,Shoe Manufacturing
NKX,Nuveen California AMT-Free Quality Municipal Income Fund,$12.09 ,0,0.00%,0,United States,2002,170590,Finance,Finance/Investors Services
NL,NLI Holdings Inc. Common Stock,$5.74 ,-0.19,-3.20%,280472093,United States,,17566,Basic Materials,Major Chemicals
NLOP,Net Lease Office Properties Common Shares of Beneficial Interest,$11.70 ,-0.06,-0.51%,173324678,United States,2023,88078,Real Estate,Real Estate Investment Trusts
NLY,Annaly Capital Management Inc. Common Stock,$22.72 ,-0.36,-1.56%,17124392122,United States,,11080847,Real Estate,Real Estate Investment Trusts
NLY^F,Annaly Capital Management Inc 6.95% Series F,$25.83 ,0.08,0.31%,,United States,,66161,,
NLY^G,Annaly Capital Management Inc 6.50% Series G Fixed-to-Floating Rate Cumulative Redeemable Preferred Stock,$25.24 ,0.085,0.34%,,United States,,45998,,
NLY^I,Annaly Capital Management Inc 6.750% Series I Fixed-to-Floating Rate Cumulative Redeemable Preferred Stock,$25.74 ,0.1,0.39%,,United States,,41313,,
NLY^J,Annaly Capital Management Inc. 8.875% Series J Fixed-Rate Cumulative Redeemable Preferred Stock,$26.08 ,-0.01,-0.04%,,United States,,56717,,
NMAI,Nuveen Multi-Asset Income Fund Common Shares of Beneficial Interest,$13.99 ,0.19,1.38%,0,United States,2021,114323,Finance,Investment Managers
NMAX,Newsmax Inc. Class B Common Stock,$7.71 ,0.04,0.52%,995828573,United States,2025,674602,Industrials,Broadcasting
NMI,Nuveen Municipal Income Fund Inc. Common Stock,$10.84 ,-0.0423,-0.39%,0,United States,1988,16948,Finance,Trusts Except Educational Religious and Charitable
NMS,Nuveen Minnesota Quality Municipal Income Fund ,$11.42 ,-0.38,-3.22%,0,United States,2014,142392,Finance,Finance Companies
NMT,Nuveen Massachusetts Quality Municipal Income Fund Common Stock,$12.66 ,0.08,0.64%,0,United States,,17375,Finance,Finance/Investors Services
NMZ,Nuveen Municipal High Income Opportunity Fund Common Stock $0.01 par value per share,$10.16 ,-0.01,-0.10%,0,United States,2003,647396,Finance,Finance/Investors Services
NNI,Nelnet Inc. Common Stock,$135.87 ,0.18,0.13%,4882355705,United States,2003,80091,Finance,Finance: Consumer Services
NNN,NNN REIT Inc. Common Stock,$47.52 ,-0.62,-1.29%,9040593371,United States,,1690603,Real Estate,Real Estate Investment Trusts
NNY,Nuveen New York Municipal Value Fund Common Stock,$8.24 ,-0.04,-0.48%,0,United States,1988,102622,Finance,Investment Managers
NOC,Northrop Grumman Corporation Common Stock,$542.48 ,7.63,1.43%,77066350344,United States,,852373,Industrials,Industrial Machinery/Components
NOG,Northern Oil and Gas Inc. Common Stock,$21.15 ,0.31,1.49%,2237482251,United States,2022,1613736,Energy,Oil & Gas Production
NOV,NOV Inc. Common Stock,$19.43 ,0.13,0.67%,6926369969,United States,,3899345,Consumer Discretionary,Oil and Gas Field Machinery
NOW,ServiceNow Inc. Common Stock,$111.23 ,1.16,1.05%,1.15012E+11,United States,2012,20456967,Technology,Computer Software: Prepackaged Software
NPB,Northpointe Bancshares Inc. Common Stock,$17.50 ,0.22,1.27%,605182235,United States,2025,286496,Finance,Major Banks
NPCT,Nuveen Core Plus Impact Fund Common Shares of Beneficial Interest,$9.70 ,-0.02,-0.21%,0,United States,2021,120322,Finance,Investment Managers
NPFD,Nuveen Variable Rate Preferred & Income Fund Common Shares,$18.16 ,-0.03,-0.17%,0,United States,2021,43650,Finance,Trusts Except Educational Religious and Charitable
NPK,National Presto Industries Inc. Common Stock,$121.42 ,-0.08,-0.07%,869796663,United States,,62968,Industrials,Ordnance And Accessories
NPKI,NPK International Inc. Common Stock,$12.49 ,0.03,0.24%,1054743480,United States,,1097436,Consumer Discretionary,Oil and Gas Field Machinery
NPO,Enpro Inc. Common Stock,$313.92 ,0.97,0.31%,6632082363,United States,,184169,Industrials,Metal Fabrications
NPV,Nuveen Virginia Quality Municipal Income Fund Common Stock,$10.80 ,-0.0601,-0.55%,0,United States,1993,51152,Finance,Investment Managers
NPWR,NET Power Inc. Class A Common Stock,$1.43 ,-0.04,-2.72%,321409204,United States,2021,425257,Energy,Industrial Machinery/Components
NRDY,Nerdy Inc. Class A Common Stock,$0.83 ,-0.0138,-1.63%,158608118,United States,2020,137790,Real Estate,Other Consumer Services
NREF,NexPoint Real Estate Finance Inc. Common Stock,$16.96 ,0.07,0.41%,316931232,United States,2020,43029,Real Estate,Real Estate Investment Trusts
NREF^A,NexPoint Real Estate Finance Inc. 8.50% Series A Cumulative Redeemable Preferred Stock,$24.30 ,0.09,0.37%,,United States,,5643,,
NRG,NRG Energy Inc. Common Stock,$134.29 ,0.32,0.24%,28333373056,United States,,2695285,Utilities,Electric Utilities: Central
NRGV,Energy Vault Holdings Inc. Common Stock,$2.85 ,0.02,0.71%,516531920,United States,2021,2430596,Miscellaneous,Industrial Machinery/Components
NRK,Nuveen New York AMT-Free Quality Municipal Income Fund ,$10.33 ,-0.02,-0.19%,0,United States,2002,264898,Finance,Trusts Except Educational Religious and Charitable
NRP,Natural Resource Partners LP Limited Partnership,$98.06 ,-0.58,-0.59%,1299335401,United States,2002,99392,Energy,Coal Mining
NRT,North European Oil Royality Trust Common Stock,$9.51 ,0.64,7.22%,87402511,United States,,111210,Energy,Oil & Gas Production
NRUC,National Rural Utilities Cooperative Finance Corporation 5.500% Subordinated Notes due 2064 (Subordinated Deferrable Interest Notes),$22.25 ,-0.38,-1.68%,0,United States,2019,41771,Finance,Diversified Financial Services
NSC,Norfolk Southern Corporation Common Stock,$335.48 ,1.55,0.46%,75351616974,United States,,1461807,Industrials,Railroads
NSP,Insperity Inc. Common Stock,$50.61 ,-3.42,-6.33%,1931742301,United States,,917417,Consumer Discretionary,Professional Services
NTST,NetSTREIT Corp. Common Stock,$21.45 ,-0.14,-0.65%,2177775557,United States,2020,571679,Real Estate,Real Estate Investment Trusts
NUE,Nucor Corporation Common Stock,$257.29 ,0.25,0.10%,58595469026,United States,,1564483,Industrials,Steel/Iron Ore
NUS,Nu Skin Enterprises Inc. Common Stock,$5.19 ,-0.04,-0.77%,251977318,United States,1996,282095,Health Care,Other Pharmaceuticals
NUV,Nuveen Municipal Value Fund Inc. Common Stock,$9.15 ,0.03,0.33%,0,United States,1987,518432,Finance,Trusts Except Educational Religious and Charitable
NUVB,Nuvation Bio Inc. Class A Common Stock,$6.33 ,-0.37,-5.52%,2204118476,United States,2020,4891140,Health Care,Biotechnology: Pharmaceutical Preparations
NUW,Nuveen AMT-Free Municipal Value Fund,$13.96 ,0.01,0.07%,0,United States,2009,61586,Finance,Investment Managers
NVG,Nuveen AMT-Free Municipal Credit Income Fund ,$12.40 ,-0.05,-0.40%,0,United States,2002,555701,Finance,Investment Managers
NVR,NVR Inc. Common Stock,"$6,147.05 ",-141.63,-2.25%,16592682889,United States,1998,29219,Consumer Discretionary,Homebuilding
NVST,Envista Holdings Corporation Common Stock,$27.31 ,-0.47,-1.69%,4444099577,United States,2019,3160615,Health Care,Medical/Dental Instruments
NWN,Northwest Natural Holding Company Common Stock,$48.92 ,-1.11,-2.22%,2058570820,United States,,270326,Utilities,Oil/Gas Transmission
NX,Quanex Building Products Corporation Common Stock,$17.84 ,0.03,0.17%,819354896,United States,,240350,Industrials,Metal Fabrications
NXDR,Nextdoor Holdings Inc. Class A Common Stock,$2.22 ,-0.03,-1.33%,846680750,United States,,1524054,Technology,Computer Software: Programming Data Processing
NXDT,NexPoint Diversified Real Estate Trust Common Stock,$4.52 ,0.06,1.35%,233791477,United States,,255213,Real Estate,Real Estate Investment Trusts
NXDT^A,NexPoint Diversified Real Estate Trust 5.50% Series A Cumulative Preferred Shares ($25.00 liquidation preference per share),$13.23 ,0.0559,0.42%,,United States,,1222,,
NXP,Nuveen Select Tax Free Income Portfolio Common Stock,$14.13 ,-0.09,-0.63%,661271467,United States,1992,154297,Finance,Trusts Except Educational Religious and Charitable
NXRT,NexPoint Residential Trust Inc. Common Stock,$26.11 ,-0.44,-1.66%,665581472,United States,2015,312470,Real Estate,Real Estate Investment Trusts
NYT,New York Times Company (The) Common Stock,$74.89 ,-0.94,-1.24%,12121897528,United States,,1806005,Consumer Discretionary,Newspapers/Magazines
NZF,Nuveen Municipal Credit Income Fund ,$12.20 ,-0.09,-0.73%,0,United States,2007,453007,Finance,Finance Companies
O,Realty Income Corporation Common Stock,$63.87 ,-0.56,-0.87%,59558297891,United States,,5730685,Real Estate,Real Estate Investment Trusts
OAK^A,Brookfield Oaktree Holdings LLC 6.625% Series A Preferred Units,$20.94 ,-0.23,-1.09%,,United States,,10598,,
OAK^B,Brookfield Oaktree Holdings LLC 6.550% Series B Preferred Units,$20.90 ,-0.09,-0.43%,,United States,,14983,,
OBDC,Blue Owl Capital Corporation Common Stock,$10.75 ,-0.04,-0.37%,5335283308,United States,2019,6526063,Finance,Diversified Financial Services
OBK,Origin Bancorp Inc. Common Stock,$54.73 ,0.04,0.07%,1691381010,United States,,128204,Finance,Major Banks
OC,Owens Corning Inc Common Stock New,$138.90 ,0.08,0.06%,11185383509,United States,,547979,Industrials,Industrial Machinery/Components
ODC,Oil-Dri Corporation Of America Common Stock,$99.21 ,1.16,1.18%,1437387715,United States,,64112,Consumer Discretionary,Miscellaneous manufacturing industries
OGE,OGE Energy Corp Common Stock,$47.35 ,0.09,0.19%,9781623939,United States,,1424794,Utilities,Electric Utilities: Central
OGN,Organon & Co. Common Stock ,$13.55 ,0,0.00%,3558241680,United States,2021,2689435,Health Care,Biotechnology: Pharmaceutical Preparations
OGS,ONE Gas Inc. Common Stock,$77.65 ,-0.44,-0.56%,4873510687,United States,2014,580416,Utilities,Oil/Gas Transmission
OHI,Omega Healthcare Investors Inc. Common Stock,$50.63 ,0.23,0.46%,15077715260,United States,1992,2429188,Real Estate,Real Estate Investment Trusts
OI,O-I Glass Inc. Common Stock,$7.15 ,-0.2,-2.72%,1098667191,United States,,3851888,Consumer Discretionary,Containers/Packaging
OIA,Invesco Municipal Income Opportunities Trust Common Stock,$6.02 ,-0.09,-1.47%,286585646,United States,,222163,Finance,Finance Companies
OII,Oceaneering International Inc. Common Stock,$48.78 ,1.14,2.39%,4855056083,United States,,730441,Energy,Oilfield Services/Equipment
OIS,Oil States International Inc. Common Stock,$8.11 ,0.53,6.99%,488168596,United States,2001,1007878,Consumer Discretionary,Oil and Gas Field Machinery
OKE,ONEOK Inc. Common Stock,$90.81 ,1.74,1.95%,57223689208,United States,,5140708,Utilities,Oil & Gas Production
OKLO,Oklo Inc. Class A common stock,$38.83 ,-2.26,-5.50%,6756070025,United States,2021,8788271,Utilities,Electric Utilities: Central
OLN,Olin Corporation Common Stock,$18.51 ,-3.66,-16.51%,2109815890,United States,,10113593,Industrials,Major Chemicals
OLP,One Liberty Properties Inc. Common Stock,$24.31 ,-0.06,-0.25%,530430781,United States,1986,78908,Real Estate,Real Estate Investment Trusts
OMC,Omnicom Group Inc. Common Stock,$78.70 ,-0.91,-1.14%,21591027603,United States,,4238294,Consumer Discretionary,Advertising
OMF,OneMain Holdings Inc. Common Stock,$62.58 ,-0.82,-1.29%,7229926976,United States,2013,847154,Finance,Finance: Consumer Services
ONIT,Onity Group Inc. Common Stock,$36.66 ,-0.75,-2.01%,309122142,United States,,67319,Finance,Finance: Consumer Services
ONL,Orion Properties Inc. Common Stock,$2.64 ,0.03,1.15%,150031380,United States,2021,411030,Real Estate,Real Estate Investment Trusts
ONT,Onterris Inc. Common Stock,$20.99 ,0.77,3.81%,758562375,United States,2020,367616,Consumer Discretionary,Professional Services
ONTO,Onto Innovation Inc. Common Stock,$258.58 ,8.06,3.22%,12862691555,United States,,1513786,Industrials,Industrial Machinery/Components
OOMA,Ooma Inc. Common Stock,$21.75 ,0.31,1.45%,598125000,United States,2015,382001,Technology,EDP Services
OPAD,Offerpad Solutions Inc. Class A Common Stock,$3.87 ,-0.28,-6.75%,18312008,United States,2020,45520,Finance,Real Estate
OPFI,OppFi Inc. Class A Common Stock,$9.37 ,-0.05,-0.53%,800134734,United States,2020,373942,Finance,Finance: Consumer Services
OPLN,OPENLANE Inc. Common Stock,$39.76 ,-0.75,-1.85%,4212417175,United States,,657647,Consumer Discretionary,Retail-Auto Dealers and Gas Stations
OPP,RiverNorth/DoubleLine Strategic Opportunity Fund Inc. Common Stock,$7.62 ,0.03,0.40%,0,United States,2016,84021,Finance,Finance/Investors Services
OPP^A,RiverNorth/DoubleLine Strategic Opportunity Fund Inc. 4.375% Series A Cumulative Preferred Stock,$15.92 ,0.09,0.57%,,United States,,3128,,
OPP^B,RiverNorth/DoubleLine Strategic Opportunity Fund Inc. 4.75% Series B Cumulative Preferred Stock,$17.00 ,0.052,0.31%,,United States,,7167,,
OPTU,Optimum Communications Inc. Class A common stock,$0.76 ,0.0222,3.00%,363164405,United States,2017,2300125,Telecommunications,Cable & Other Pay Television Services
OPY,Oppenheimer Holdings Inc. Class A Common Stock (DE),$106.64 ,-4.06,-3.67%,1141901653,United States,,211660,Finance,Investment Bankers/Brokers/Service
ORA,Ormat Technologies Inc. Common Stock,$97.58 ,0.87,0.90%,5996461960,United States,2004,700333,Utilities,Electric Utilities: Central
ORC,Orchid Island Capital Inc. Common Stock,$6.49 ,-0.14,-2.11%,1295426313,United States,2013,5456363,Real Estate,Real Estate Investment Trusts
ORCL,Oracle Corporation Common Stock,$129.87 ,2.31,1.81%,3.74087E+11,United States,1986,34366381,Technology,Computer Software: Prepackaged Software
ORCL^D,Oracle Corporation Depositary Shares each representing a 1/2000th interest in a sh of 6.50% Series D Mandatory Convertible Preferred Stock,$41.88 ,0.8,1.95%,,United States,,1395325,,
ORI,Old Republic International Corporation Common Stock,$43.21 ,-0.17,-0.39%,10492546676,United States,,1564026,Finance,Property-Casualty Insurers
ORN,Orion Group Holdings Inc. Common,$9.78 ,0.21,2.19%,396043936,United States,,1264189,Industrials,Military/Government/Technical
OSCR,Oscar Health Inc. Class A Common Stock,$31.22 ,-0.01,-0.03%,9412611460,United States,2021,3444512,Health Care,Medical Specialities
OSG,Octave Specialty Group Inc. Common Stock,$5.40 ,-0.15,-2.70%,243073397,United States,,384631,Finance,Property-Casualty Insurers
OSK,Oshkosh Corporation (Holding Company)Common Stock,$142.41 ,-0.51,-0.36%,8792357655,United States,,809358,Industrials,Auto Manufacturing
OTF,Blue Owl Technology Finance Corp. Common Stock,$9.94 ,0.07,0.71%,4598663508,United States,2025,2664211,,
OTIS,Otis Worldwide Corporation Common Stock ,$71.95 ,0.26,0.36%,27389158941,United States,2020,3383905,Technology,Consumer Electronics/Appliances
OUT,OUTFRONT Media Inc. Common Stock,$31.87 ,-0.06,-0.19%,5611144064,United States,2014,1191064,Real Estate,Real Estate Investment Trusts
OWL,Blue Owl Capital Inc. Class A Common Stock,$10.30 ,0.14,1.38%,16058218183,United States,2020,26991345,Finance,Investment Managers
OWLT,Owlet Inc. Class A Common Stock,$5.14 ,-0.11,-2.10%,149388724,United States,2020,45886,Industrials,Industrial Machinery/Components
OXM,Oxford Industries Inc. Common Stock,$37.92 ,-0.33,-0.86%,566180941,United States,,219991,Industrials,Garments and Clothing
OXY,Occidental Petroleum Corporation Common Stock,$57.07 ,1.12,2.00%,56763802386,United States,,6808540,Energy,Oil & Gas Production
P,Everpure Inc. Class A common stock,$77.17 ,2.11,2.81%,25651688602,United States,2015,1971619,Technology,Electronic Components
PACK,Ranpak Holdings Corp Class A Common Stock,$5.12 ,-0.05,-0.97%,437989760,United States,2018,1007094,Consumer Discretionary,Containers/Packaging
PACS,PACS Group Inc. Common Stock,$46.01 ,-0.98,-2.09%,7282112020,United States,2024,798765,Health Care,Hospital/Nursing Management
PAG,Penske Automotive Group Inc. Common Stock,$217.31 ,-3.3,-1.50%,14287970604,United States,,673554,Consumer Discretionary,Retail-Auto Dealers and Gas Stations
PAI,Western Asset Investment Grade Income Fund Inc.,$11.84 ,-0.01,-0.08%,0,United States,,11779,Finance,Trusts Except Educational Religious and Charitable
PAR,PAR Technology Corporation Common Stock,$16.95 ,0.1,0.59%,699123073,United States,,1857211,Miscellaneous,Office Equipment/Supplies/Services
PARR,Par Pacific Holdings Inc.  Common Stock,$86.03 ,0.12,0.14%,4313912150,United States,,857621,Energy,Oil & Gas Production
PATH,UiPath Inc. Class A Common Stock,$12.76 ,0.39,3.15%,6611214594,United States,2021,39800949,Technology,Computer Software: Prepackaged Software
PAXS,PIMCO Access Income Fund Common Shares of Beneficial Interest,$14.16 ,-0.06,-0.42%,0,United States,2022,137661,Finance,Investment Managers
PAY,Paymentus Holdings Inc. Class A Common Stock,$34.10 ,-0.77,-2.21%,4289416392,United States,2021,1570803,Consumer Discretionary,Business Services
PAYC,Paycom Software Inc. Common Stock,$163.96 ,2.44,1.51%,7809652542,United States,2014,867010,Technology,Computer Software: Prepackaged Software
PB,Prosperity Bancshares Inc. Common Stock,$74.87 ,0.05,0.07%,8973520565,United States,,988948,Finance,Major Banks
PBF,PBF Energy Inc. Class A Common Stock,$72.28 ,-0.82,-1.12%,8551336212,United States,2012,3096424,Energy,Integrated oil Companies
PBH,Prestige Consumer Healthcare Inc. Common Stock,$50.22 ,0.27,0.54%,2379030177,United States,2005,392973,Health Care,Biotechnology: Pharmaceutical Preparations
PBI,Pitney Bowes Inc. Common Stock,$17.53 ,-0.61,-3.36%,2374288180,United States,,3057790,Miscellaneous,Office Equipment/Supplies/Services
PBI^B,Pitney Bowes Inc 6.70% Notes Due 2043,$20.28 ,-0.2,-0.98%,,United States,,27642,,
PBT,Permian Basin Royalty Trust Common Stock,$29.61 ,-0.16,-0.54%,1380086450,United States,,179125,Energy,Oil & Gas Production
PCF,High Income Securities Fund Common Stock,$5.28 ,-0.02,-0.38%,0,United States,,78757,Finance,Trusts Except Educational Religious and Charitable
PCG,Pacific Gas & Electric Co. Common Stock,$17.38 ,-0.4,-2.25%,46580320420,United States,,28531310,Utilities,Power Generation
PCG^X,PG&E Corp 6.000% Series A Mandatory Convertible Preferred Stock,$42.41 ,-1.04,-2.39%,,United States,,158782,,
PCM,PCM Fund Inc. Common Stock,$5.61 ,0.025,0.45%,0,United States,1993,19322,Finance,Trusts Except Educational Religious and Charitable
PCN,Pimco Corporate & Income Strategy Fund Common Stock,$11.64 ,-0.04,-0.34%,0,United States,2001,390322,Finance,Investment Managers
PCOR,Procore Technologies Inc. Common Stock,$54.77 ,0.98,1.82%,8264257130,United States,2021,5342543,Technology,Computer Software: Prepackaged Software
PCQ,PIMCO California Municipal Income Fund Common Stock,$8.59 ,0.02,0.23%,0,United States,2001,117232,Finance,Investment Managers
PD,PagerDuty Inc. Common Stock,$10.58 ,0.21,2.03%,815956738,United States,2019,1414126,Technology,Computer Software: Prepackaged Software
PDI,PIMCO Dynamic Income Fund Common Stock,$16.00 ,-0.11,-0.68%,3889440000,United States,2012,2631855,Finance,Trusts Except Educational Religious and Charitable
PDM,Piedmont Realty Trust Inc. Class A Common Stock,$9.69 ,-0.27,-2.71%,1212537074,United States,,1099494,Real Estate,Building operators
PDO,PIMCO Dynamic Income Opportunities Fund Common Shares of Beneficial Interest,$13.04 ,-0.09,-0.69%,1905477094,United States,2021,403472,Finance,Trusts Except Educational Religious and Charitable
PDT,John Hancock Premium Dividend Fund,$12.90 ,-0.03,-0.23%,0,United States,,100565,Finance,Finance Companies
PEB,Pebblebrook Hotel Trust Common Shares of Beneficial Interest,$19.10 ,0.39,2.08%,2155295876,United States,2009,2366283,Real Estate,Real Estate Investment Trusts
PEB^E,Pebblebrook Hotel Trust 6.375% Series E Cumulative Redeemable Preferred Shares of Beneficial Interest,$20.09 ,-0.07,-0.35%,,United States,,20541,,
PEB^F,Pebblebrook Hotel Trust 6.3% Series F Cumulative Redeemable Preferred Shares of Beneficial Interest,$20.21 ,-0.15,-0.74%,,United States,,4284,,
PEB^G,Pebblebrook Hotel Trust 6.375% Series G Cumulative Redeemable Preferred Shares of Beneficial Interest,$20.22 ,-0.28,-1.37%,,United States,,25612,,
PEB^H,Pebblebrook Hotel Trust 5.700% Series H Cumulative Redeemable Preferred Shares of Beneficial Interest,$18.00 ,-0.35,-1.91%,,United States,,13492,,
PEG,Public Service Enterprise Group Incorporated Common Stock,$76.68 ,-0.87,-1.12%,38211285105,United States,,3667065,Utilities,Power Generation
PEN,Penumbra Inc. Common Stock,$321.19 ,1.36,0.43%,12632860396,United States,2015,295976,Health Care,Medical/Dental Instruments
PEO,Adams Natural Resources Fund Inc. Common Stock,$26.89 ,-0.11,-0.41%,0,United States,,213416,Finance,Finance/Investors Services
PFD,Flaherty & Crumrine Preferred and Income Fund Incorporated,$11.32 ,-0.01,-0.09%,0,United States,1991,34897,Finance,Investment Managers
PFE,Pfizer Inc. Common Stock,$25.01 ,0.1,0.40%,1.42543E+11,United States,,45053257,Health Care,Biotechnology: Pharmaceutical Preparations
PFGC,Performance Food Group Company Common Stock,$114.39 ,-0.36,-0.31%,17969508056,United States,2015,1038875,Consumer Discretionary,Food Distributors
PFH,Prudential Financial Inc. 4.125% Junior Subordinated Notes due 2060,$15.85 ,-0.03,-0.19%,5658450000,United States,2020,45642,Finance,Life Insurance
PFL,PIMCO Income Strategy Fund Shares of Beneficial Interest,$7.72 ,-0.04,-0.52%,0,United States,2003,163677,Finance,Finance Companies
PFLA,PennantPark Floating Rate Capital Ltd. 7.375% Notes Due 2031,$25.45 ,0.15,0.59%,0,United States,2026,13608,Finance,Finance: Consumer Services
PFLT,PennantPark Floating Rate Capital Ltd. Common Stock,$6.94 ,-0.07,-1.00%,688572198,United States,2022,1130780,Finance,Finance: Consumer Services
PFN,PIMCO Income Strategy Fund II,$7.08 ,0.02,0.28%,0,United States,2004,289881,Finance,Finance/Investors Services
PFO,Flaherty & Crumrine Preferred and Income Opportunity Fund Incorporated,$9.14 ,0.05,0.55%,0,United States,1992,26686,Finance,Finance Companies
PFS,Provident Financial Services Inc Common Stock,$24.68 ,-0.18,-0.72%,3216141795,United States,2003,1458898,Finance,Savings Institutions
PFSI,PennyMac Financial Services Inc. Common Stock,$75.41 ,-0.46,-0.61%,3915654824,United States,2013,1066406,Finance,Finance: Consumer Services
PG,Procter & Gamble Company (The) Common Stock,$144.49 ,0.53,0.37%,3.36459E+11,United States,,9145137,Consumer Discretionary,Package Goods/Cosmetics
PGP,Pimco Global StocksPlus & Income Fund Common Shares of Beneficial Interest,$8.47 ,0.08,0.95%,0,United States,2005,46221,Finance,Finance Companies
PGR,Progressive Corporation (The) Common Stock,$211.42 ,-1.86,-0.87%,1.2354E+11,United States,,2358250,Finance,Property-Casualty Insurers
PH,Parker-Hannifin Corporation Common Stock,$976.53 ,13.74,1.43%,1.23127E+11,United States,,477013,Industrials,Metal Fabrications
PHIN,PHINIA Inc. Common Stock,$73.59 ,0.53,0.73%,2724342863,United States,2023,586882,Consumer Discretionary,Auto Parts:O.E.M.
PHK,Pimco High Income Fund,$4.65 ,0,0.00%,0,United States,2003,587358,Finance,Finance/Investors Services
PHM,PulteGroup Inc. Common Stock,$126.47 ,-2.27,-1.76%,23707122734,United States,,1208374,Consumer Discretionary,Homebuilding
PHR,Phreesia Inc. Common Stock,$10.73 ,0.12,1.13%,663241569,United States,2019,660612,Consumer Discretionary,Business Services
PII,Polaris Inc. Common Stock,$67.08 ,-1.11,-1.63%,3817088390,United States,,891790,Consumer Discretionary,Industrial Specialties
PIM,Franklin Master Intermediate Income Trust Shares of Beneficial Interest,$3.12 ,0.03,0.97%,156790589,United States,1988,45418,Finance,Finance Companies
PINE,Alpine Income Property Trust Inc. Common Stock,$20.18 ,-0.12,-0.59%,355585968,United States,2019,173416,Real Estate,Real Estate Investment Trusts
PINE^A,Alpine Income Property Trust Inc. 8.00% Series A Cumulative Redeemable Preferred Stock,$25.24 ,0.0078,0.03%,,United States,,9550,,
PINS,Pinterest Inc. Class A Common Stock,$24.01 ,-0.42,-1.72%,13449377421,United States,2019,9809630,Technology,Computer Software: Programming Data Processing
PIPR,Piper Sandler Companies Common Stock,$75.80 ,-0.38,-0.50%,5385131031,United States,2026,825902,Finance,Investment Bankers/Brokers/Service
PJT,PJT Partners Inc. Class A Common Stock,$168.31 ,0.76,0.45%,6902663911,United States,2015,367411,Finance,Investment Managers
PK,Park Hotels & Resorts Inc. Common Stock ,$15.06 ,0,0.00%,3032509235,United States,2016,2946189,Consumer Discretionary,Hotels/Resorts
PKE,Park Aerospace Corp. Common Stock,$33.90 ,0.35,1.04%,737366053,United States,,265212,Industrials,Military/Government/Technical
PKG,Packaging Corporation of America Common Stock,$245.84 ,-2.79,-1.12%,21904011378,United States,2000,472601,Consumer Discretionary,Containers/Packaging
PL,Planet Labs PBC Class A Common Stock,$20.48 ,0.26,1.29%,7299123732,United States,2021,5770262,Technology,Radio And Television Broadcasting And Communications Equipment
PLD,Prologis Inc. Common Stock,$144.61 ,-1.58,-1.08%,1.34932E+11,United States,,3234478,Real Estate,Real Estate Investment Trusts
PLNT,Planet Fitness Inc. Common Stock,$55.91 ,-0.07,-0.13%,4441645662,United States,2015,1221237,Consumer Discretionary,Hotels/Resorts
PLOW,Douglas Dynamics Inc. Common Stock,$44.13 ,1.28,2.99%,1020514723,United States,2010,406283,Industrials,Construction/Ag Equipment/Trucks
PM,Philip Morris International Inc Common Stock,$190.82 ,-1.18,-0.62%,2.97415E+11,United States,,5442649,Health Care, Medicinal Chemicals and Botanical Products 
PML,Pimco Municipal Income Fund II Common Shares of Beneficial Interest,$7.30 ,0.01,0.14%,0,United States,2002,376377,Finance,Investment Managers
PMM,Franklin Managed Municipal Income Trust Shares of Beneficial Interest,$6.24 ,-0.03,-0.48%,304130168,United States,1989,231721,Finance,Investment Managers
PMO,Franklin Municipal Opportunities Trust Shares of Beneficial Interest,$10.23 ,0.01,0.10%,347631430,United States,1993,49301,Finance,Finance Companies
PMT,PennyMac Mortgage Investment Trust Common Shares of Beneficial Interest,$9.43 ,0.12,1.29%,822318274,United States,2009,1807035,Real Estate,Real Estate Investment Trusts
PMT^A,PennyMac Mortgage Investment Trust 8.125% Series A Fixed-to-Floating Rate Cumulative Redeemable Preferred Shares of Beneficial Interest,$22.24 ,-0.07,-0.31%,,United States,,5824,,
PMT^B,PennyMac Mortgage Investment Trust 8.00% Series B Fixed-to-Floating Rate Cumulative Redeemable Preferred Shares of Beneficial Interest,$22.42 ,0.02,0.09%,,United States,,13094,,
PMT^C,PennyMac Mortgage Investment Trust 6.75% Series C Cumulative Redeemable Preferred Shares of Beneficial Interest,$18.15 ,-0.05,-0.28%,,United States,,24925,,
PMTU,PennyMac Mortgage Investment Trust 8.50% Senior Notes due 2028,$25.58 ,-0.025,-0.10%,2230636420,United States,2023,1218,Real Estate,Real Estate Investment Trusts
PMTV,PennyMac Mortgage Investment Trust 9.00% Senior Notes due 2030,$25.09 ,-0.42,-1.65%,0,United States,2025,43541,Real Estate,Real Estate Investment Trusts
PMTW,PennyMac Mortgage Investment Trust 9.00% Senior Notes due 2030,$25.31 ,-0.0299,-0.12%,0,United States,2025,17944,Real Estate,Real Estate Investment Trusts
PNC,PNC Financial Services Group Inc. (The) Common Stock,$249.87 ,1.16,0.47%,1.00339E+11,United States,,1440814,Finance,Major Banks
PNFP,Pinnacle Financial Partners Inc. Common stock,$105.23 ,0.39,0.37%,15900969827,United States,,1007606,Finance,Major Banks
PNFP^A,Pinnacle Financial Partners Inc. Fixed-to-Floating Rate Non-Cumulative Perpetual Preferred Stock Series A,$25.32 ,0.18,0.72%,,United States,,15136,,
PNFP^B,Pinnacle Financial Partners Inc. Fixed-to-Floating Rate Non-Cumulative Perpetual Preferred Stock Series B,$26.46 ,0.22,0.84%,,United States,,50505,,
PNFP^C,Pinnacle Financial Partners Inc. Fixed-to-Floating Rate Non-Cumulative Perpetual Preferred Stock Series C,$24.03 ,-0.18,-0.74%,,United States,,41831,,
PNI,Pimco New York Municipal Income Fund II Common Shares of Beneficial Interest,$6.80 ,-0.01,-0.15%,0,United States,2002,65158,Finance,Trusts Except Educational Religious and Charitable
PNNT,PennantPark Investment Corporation Common Stock,$3.29 ,-0.04,-1.20%,214824149,United States,2022,584109,Finance,Finance: Consumer Services
PNW,Pinnacle West Capital Corporation Common Stock,$100.99 ,-0.33,-0.33%,12238691894,United States,,1687106,Utilities,Electric Utilities: Central
POR,Portland General Electric Co Common Stock,$49.33 ,-0.76,-1.52%,5708961443,United States,,2031413,Utilities,Electric Utilities: Central
POST,Post Holdings Inc. Common Stock,$91.41 ,-1.55,-1.67%,4142937586,United States,2012,655941,Consumer Staples,Packaged Foods
PPG,PPG Industries Inc. Common Stock,$110.52 ,-1.51,-1.35%,24568596000,United States,,2590579,Consumer Discretionary,Paints/Coatings
PPL,PPL Corporation Common Stock,$35.21 ,-0.35,-0.98%,26490256246,United States,,7551525,Utilities,Electric Utilities: Central
PPLC,PPL Corporation Corporate Units,$46.98 ,-1.02,-2.13%,35345420007,United States,,91182,Utilities,Electric Utilities: Central
PPT,Franklin Premier Income Trust Shares of Beneficial Interest,$3.39 ,0.01,0.30%,337400812,United States,1988,112477,Finance,Finance Companies
PR,Permian Resources Corporation Class A Common Stock,$21.31 ,0.31,1.48%,17842609922,United States,2022,7334594,Energy,Oil & Gas Production
PRG,PROG Holdings Inc. Common Stock,$44.02 ,1.06,2.47%,1763686127,United States,,909687,Consumer Discretionary,Diversified Commercial Services
PRGO,Perrigo Company plc Ordinary Shares,$10.11 ,-0.2,-1.94%,1398898155,United States,,2880339,Health Care,Biotechnology: Pharmaceutical Preparations
PRH,Prudential Financial Inc. 5.950% Junior Subordinated Notes due 2062,$22.27 ,0.01,0.05%,7839040000,United States,2022,45167,Finance,Life Insurance
PRI,Primerica Inc. Common Stock,$319.96 ,-3.36,-1.04%,10045810357,United States,2010,197989,Finance,Life Insurance
PRIM,Primoris Services Corporation Common Stock,$84.41 ,-1.24,-1.45%,4579659063,United States,,864013,Industrials,Water Sewer Pipeline Comm & Power Line Construction
PRKS,United Parks & Resorts Inc. Common Stock,$44.63 ,-0.91,-2.00%,2133578611,United States,2013,1273812,Health Care,Biotechnology: Electromedical & Electrotherapeutic Apparatus
PRLB,Proto Labs Inc. Common stock,$75.05 ,-0.09,-0.12%,1785743077,United States,2012,286692,Industrials,Metal Fabrications
PRMB,Primo Brands Corporation Class A Common Stock,$22.70 ,-0.07,-0.31%,8237116357,United States,2024,2496441,Consumer Staples,Beverages (Production/Distribution)
PRS,Prudential Financial Inc. 5.625% Junior Subordinated Notes due 2058,$21.58 ,-0.25,-1.15%,7596160000,United States,2018,55137,Finance,Life Insurance
PRSU,Pursuit Attractions and Hospitality Inc. Common Stock,$50.53 ,-0.6,-1.17%,1380403300,United States,,177396,Consumer Discretionary,Business Services
PRT,PermRock Royalty Trust Units of Beneficial Interest,$2.17 ,-0.01,-0.46%,26399638,United States,2018,8800,Energy,Oil & Gas Production
PRU,Prudential Financial Inc. Common Stock,$122.08 ,-0.69,-0.56%,42361760000,United States,2001,2328942,Finance,Life Insurance
PSA,Public Storage Common Stock,$324.17 ,6.72,2.12%,56931103009,United States,,1380059,Real Estate,Real Estate Investment Trusts
PSA^F,Public Storage Depositary Shares Each Representing 1/1000 of a 5.15% Cumulative Preferred Share of Beneficial Interest Series F par value $0.01 per share,$19.98 ,0.07,0.35%,,United States,,29932,,
PSA^G,Public Storage Depositary Shares Each Representing 1/1000 of a 5.05% Cumulative Preferred Share of Beneficial Interest Series G,$19.93 ,0.03,0.15%,,United States,,36827,,
PSA^H,Public Storage Depositary Shares Each Representing 1/1000 of a  5.60% Cumulative Preferred  Share of Beneficial Interest Series H,$21.58 ,0.2,0.94%,,United States,,61628,,
PSA^I,Public Storage Depositary Shares Each Representing 1/1000 of a 4.875% Cumulative Preferred Share of Beneficial Interest Series I par value $0.01 per share,$19.04 ,0.16,0.85%,,United States,,81880,,
PSA^J,Public Storage Depositary Shares Each Representing 1/1000 of a 4.700% Cumulative Preferred Share of Beneficial Interest Series J par value $0.01 per share,$18.18 ,0.22,1.23%,,United States,,76241,,
PSA^K,Public Storage Depositary Shares Each Representing 1/1000 of a 4.75% Cumulative Preferred Share of Beneficial Interest Series K,$18.58 ,0.07,0.38%,,United States,,48618,,
PSA^L,Public Storage Depositary Shares Each Representing 1/1000 of a 4.625% Cumulative Preferred Share of Beneficial Interest Series L par value $0.01 per share,$17.78 ,0.11,0.62%,,United States,,60256,,
PSA^M,Public Storage Depositary Shares Each Representing 1/1000 of a 4.125% Cumulative Preferred Share of Beneficial Interest Series M,$15.95 ,0.14,0.89%,,United States,,37521,,
PSA^N,Public Storage Depositary Shares Each Representing 1/1000 of a 3.875% Cumulative Preferred Share of Beneficial Interest Series N,$14.88 ,0.025,0.17%,,United States,,27219,,
PSA^O,Public Storage Depositary Shares Each Representing 1/1000 of a 3.900% Cumulative Preferred Share of Beneficial Interest Series O,$14.94 ,-0.03,-0.20%,,United States,,24705,,
PSA^P,Public Storage Depositary Shares Each Representing 1/1000 of a 4.000% Cumulative Preferred Share of Bene cial Interest Series P,$15.37 ,-0.03,-0.20%,,United States,,73419,,
PSA^Q,Public Storage Depositary Shares Each Representing 1/1000 of a 3.950% Cumulative Preferred Share of Beneficial Interest Series Q par value $0.01 per share,$15.11 ,-0.04,-0.26%,,United States,,32658,,
PSA^R,Public Storage Depositary Shares Each Representing 1/1000 of a 4.00% Cumulative Preferred Share of Bene cial Interest Series R,$15.40 ,0.1,0.65%,,United States,,67701,,
PSA^S,Public Storage Depositary Shares Each Representing 1/1000 of a 4.100% Cumulative Preferred Share of Beneficial Interest Series S,$15.72 ,0.0754,0.48%,,United States,,40099,,
PSA^T,Public Storage 6.000% Cumulative Preferred Shares of beneficial interest Series T,$22.63 ,-0.29,-1.27%,,United States,,548576,,
PSA^U,Public Storage 6.000% Cumulative Preferred Shares of Beneficial Interest Series U,$28.54 ,-3.46,-10.81%,,United States,,181735,,
PSEC^A,Prospect Capital Corporation 5.35% Series A Fixed Rate Cumulative Perpetual Preferred Stock,$16.70 ,0.28,1.71%,,United States,,17065,,
PSN,Parsons Corporation Common Stock,$44.21 ,1.04,2.41%,4721866469,United States,2019,2775931,Technology,EDP Services
PSTL,Postal Realty Trust Inc. Class A Common Stock,$23.04 ,0.01,0.04%,636453688,United States,2019,343514,Real Estate,Real Estate Investment Trusts
PSX,Phillips 66 Common Stock,$211.68 ,1.08,0.51%,84869925034,United States,,2912537,Energy,Integrated oil Companies
PTA,Cohen & Steers Tax-Advantaged Preferred Securities and Income Fund Common Shares of Beneficial Interest,$18.81 ,0.01,0.05%,1039693726,United States,2020,148832,Finance,Trusts Except Educational Religious and Charitable
PTY,Pimco Corporate & Income Opportunity Fund,$11.71 ,-0.03,-0.26%,0,United States,2002,1072290,Finance,Investment Managers
PUMP,ProPetro Holding Corp. Common Stock,$11.10 ,0.28,2.59%,1361048434,United States,2017,4970346,Energy,Oilfield Services/Equipment
PVH,PVH Corp. Common Stock,$86.66 ,-0.35,-0.40%,3995727253,United States,,789827,Industrials,Garments and Clothing
PVL,Permianville Royalty Trust Units of Beneficial Interest,$1.73 ,0.06,3.59%,57090000,United States,2011,45977,Energy,Oil & Gas Production
PWR,Quanta Services Inc. Common Stock,$667.36 ,9.38,1.43%,1.00144E+11,United States,,1958714,Industrials,Engineering & Construction
PYT,PPlus Tr GSC-2 Tr Ctf Fltg Rate,$23.48 ,-0.1999,-0.84%,0,United States,,208,Finance,Finance: Consumer Services
Q,Qnity Electronics Inc. Common Stock,$131.18 ,0.66,0.51%,27461117174,United States,2025,1703160,Technology,Semiconductors
QTWO,Q2 Holdings Inc. Common Stock,$60.87 ,1.8,3.05%,3795530285,United States,2014,1535353,Technology,Computer Software: Prepackaged Software
QUAD,Quad Graphics Inc Class A Common Stock,$10.39 ,0.51,5.16%,534682928,United States,,644519,Consumer Discretionary,Publishing
QXO,QXO Inc. Common Stock,$13.30 ,-0.16,-1.19%,13798750000,United States,,12677959,Consumer Discretionary,RETAIL: Building Materials
QXO^B,QXO Inc.  Depositary Shares each representing a 1/20th interest in a share of 5.50% Series B Mandatory Convertible Preferred Stock,$40.50 ,-1.13,-2.71%,,United States,,155153,,
R,Ryder System Inc. Common Stock,$256.42 ,-1.75,-0.68%,9832903893,United States,,311524,Consumer Discretionary,Rental/Leasing Companies
RA,Brookfield Real Assets Income Fund Inc. Common Stock,$12.81 ,0.04,0.31%,0,United States,2016,94993,Finance,Investment Managers
RAL,Ralliant Corporation Common Stock,$65.37 ,-1.63,-2.43%,7317069885,United States,2025,2067779,Industrials,Industrial Machinery/Components
RAMP,LiveRamp Holdings Inc. Common Stock,$37.87 ,0.08,0.21%,2275527485,United States,2018,567528,Technology,EDP Services
RBC,RBC Bearings Incorporated Common Stock,$551.31 ,-10.59,-1.89%,17440889770,United States,2022,413315,Industrials,Metal Fabrications
RBLX,Roblox Corporation Class A Common Stock,$35.60 ,-13.07,-26.85%,25488843322,United States,2021,63046283,Technology,Computer Software: Prepackaged Software
RBRK,Rubrik Inc. Class A Common Stock,$72.36 ,0.78,1.09%,14893755036,United States,2024,1818137,Technology,Computer Software: Prepackaged Software
RC,Ready Capital Corporation Common Stock,$1.43 ,-0.02,-1.38%,236299022,United States,2013,1343328,Real Estate,Real Estate Investment Trusts
RC^C,Ready Capital Corporation 6.25% Series C Cumulative Convertible Preferred Stock,$12.15 ,-0.0451,-0.37%,,United States,,356,,
RC^E,Ready Capital Corporation 6.50% Series E Cumulative Redeemable Preferred Stock,$12.80 ,0.2,1.59%,,United States,,13976,,
RCD,Ready Capital Corporation 9.00% Senior Notes due 2029,$23.09 ,0.015,0.07%,0,United States,2024,5601,Real Estate,Real Estate Investment Trusts
RCL,Royal Caribbean Cruises Ltd. Common Stock,$318.30 ,-3.64,-1.13%,85129998337,United States,1993,1948132,Consumer Discretionary,Marine Transportation
RCS,PIMCO Strategic Income Fund Inc.,$5.17 ,0.02,0.39%,0,United States,1994,124323,Finance,Investment Managers
RCUS,Arcus Biosciences Inc. Common Stock,$28.19 ,-0.06,-0.21%,3545545437,United States,2018,1271525,Health Care,Biotechnology: Pharmaceutical Preparations
RDDT,Reddit Inc. Class A Common Stock,$140.67 ,-37.37,-20.99%,27069852410,United States,2024,29851016,Technology,EDP Services
RDN,Radian Group Inc. Common Stock,$38.99 ,0.18,0.46%,5184702892,United States,,1075661,Finance,Property-Casualty Insurers
RDW,Redwire Corporation Common Stock,$8.62 ,0.15,1.77%,2058674474,United States,2021,18974730,Industrials,Military/Government/Technical
RES,RPC Inc. Common Stock,$5.61 ,0.19,3.51%,1243388815,United States,,1835669,Energy,Oilfield Services/Equipment
REX,REX American Resources Corporation,$43.04 ,-0.69,-1.58%,1417639383,United States,,134858,Industrials,Major Chemicals
REXR,Rexford Industrial Realty Inc. Common Stock,$37.77 ,-0.61,-1.59%,8422261443,United States,2013,2788015,Real Estate,Real Estate Investment Trusts
REXR^B,Rexford Industrial Realty Inc. 5.875% Series B Cumulative Redeemable Preferred Stock,$22.72 ,0.14,0.62%,,United States,,5227,,
REXR^C,Rexford Industrial Realty Inc. 5.625% Series C Cumulative Redeemable Preferred Stock par value $0.01 per share,$21.15 ,-0.23,-1.08%,,United States,,7702,,
REZI,Resideo Technologies Inc. Common Stock ,$34.30 ,-0.42,-1.21%,5193920718,United States,2018,1414442,Industrials,Wholesale Distributors
RF,Regions Financial Corporation Common Stock,$30.95 ,0.1,0.32%,26412096701,United States,,7193129,Finance,Major Banks
RF^C,Regions Financial Corporation Depositary Shares each Representing a 1/40th Interest in a  Share of 5.700% Fixed-to-Floating Rate Non-Cumulative  Perpetual Preferred Stock Series C,$24.48 ,-0.01,-0.04%,,United States,,69497,,
RF^E,Regions Financial Corporation Depositary Shares Each Representing a 1/40th Interest in a Share of 4.45% Non-Cumulative Perpetual Preferred Stock Series E,$16.15 ,-0.0829,-0.51%,,United States,,54378,,
RF^F,Regions Financial Corporation Depositary Shares Each Representing a 1/40th Interest in a Share of Non-Cumulative Perpetual Preferred Stock Series F,$25.34 ,-0.01,-0.04%,,United States,,54382,,
RFI,Cohen & Steers Total Return Realty Fund Inc. Common Stock,$11.50 ,-0.11,-0.95%,565094222,United States,1993,161052,Finance,Investment Managers
RFL,Rafael Holdings Inc. Class B Common Stock,$1.94 ,-0.06,-3.00%,100879992,United States,2018,60246,Finance,Real Estate
RGA,Reinsurance Group of America Incorporated Common Stock,$236.85 ,-1.21,-0.51%,15516792657,United States,,238239,Finance,Life Insurance
RGR,Sturm Ruger & Company Inc. Common Stock,$37.17 ,-1.89,-4.84%,593911776,United States,,209726,Industrials,Ordnance And Accessories
RH,RH Common Stock,$165.52 ,-0.69,-0.42%,3128488389,United States,2012,674894,Consumer Discretionary,Other Specialty Stores
RHI,Robert Half Inc. Common Stock,$37.80 ,0.56,1.50%,3866697664,United States,,2091560,Consumer Discretionary,Professional Services
RHLD,Resolute Holdings Management Common Stock ,$123.76 ,-2.96,-2.34%,1021941022,United States,,136092,Finance,Finance: Consumer Services
RHP,Ryman Hospitality Properties Inc. (REIT),$133.65 ,0.4,0.30%,8434554203,United States,,457976,Real Estate,Real Estate Investment Trusts
RITM,Rithm Capital Corp. Common Stock,$9.88 ,0.01,0.10%,5516069178,United States,,6828075,Real Estate,Real Estate Investment Trusts
RITM^A,Rithm Capital Corp. 7.50% Series A Fixed-to-Floating Rate Cumulative Redeemable Preferred Stock,$25.24 ,-0.5,-1.94%,,United States,,50695,,
RITM^B,Rithm Capital Corp. 7.125% Series B Fixed-to-Floating Rate Cumulative Redeemable Preferred Stock,$25.14 ,-0.35,-1.37%,,United States,,114098,,
RITM^C,Rithm Capital Corp. 6.375% Series C Fixed-to-Floating Rate Cumulative Redeemable Preferred Stock,$24.49 ,-0.41,-1.65%,,United States,,49025,,
RITM^D,Rithm Capital Corp. 7.00% Fixed-Rate Reset Series D Cumulative Redeemable Preferred Stock,$24.99 ,-0.32,-1.26%,,United States,,91752,,
RITM^E,Rithm Capital Corp. 8.75% Series E Fixed-Rate Cumulative Redeemable Preferred Stock,$24.50 ,-0.25,-1.01%,,United States,,45766,,
RITM^F,Rithm Capital Corp. 8.750% Series F Fixed-Rate Reset Cumulative Redeemable Preferred Stock,$24.30 ,-0.32,-1.30%,,United States,,46691,,
RIV,RiverNorth Opportunities Fund Inc. Common Stock,$11.36 ,0.04,0.35%,0,United States,2015,76396,Finance,Finance Companies
RIV^A,RiverNorth Opportunities Fund Inc. 6.00% Series A Perpetual Preferred Stock,$22.43 ,0.13,0.58%,,United States,,4349,,
RJF,Raymond James Financial Inc. Common Stock,$175.98 ,1.01,0.58%,34295516323,United States,,1198817,Finance,Investment Bankers/Brokers/Service
RKT,Rocket Companies Inc. Class A Common Stock,$12.90 ,-0.36,-2.72%,36499643414,United States,2020,21340913,Finance,Finance: Consumer Services
RL,Ralph Lauren Corporation Common Stock,$380.34 ,-5.57,-1.44%,22636447038,United States,1997,439166,Industrials,Garments and Clothing
RLI,RLI Corp. Common Stock (DE),$61.24 ,0.01,0.02%,5620176683,United States,,870706,Finance,Property-Casualty Insurers
RLJ,RLJ Lodging Trust Common Shares of Beneficial Interest $0.01 par value,$12.25 ,-0.06,-0.49%,1861139144,United States,2011,1605591,Real Estate,Real Estate Investment Trusts
RLJ^A,RLJ Lodging Trust $1.95 Series A Cumulative Convertible  Preferred Shares,$25.29 ,0.16,0.64%,,United States,,42444,,
RM,Regional Management Corp. Common Stock,$32.27 ,0.01,0.03%,297146839,United States,2012,125580,Finance,Finance: Consumer Services
RMAX,RE/MAX Holdings Inc. Class A Common Stock,$9.06 ,-0.21,-2.27%,192369313,United States,2013,381244,Finance,Real Estate
RMD,ResMed Inc. Common Stock,$210.98 ,2.42,1.16%,30603995896,United States,,1113696,Health Care,Medical/Dental Instruments
RMT,Royce Micro-Cap Trust Inc. Common Stock,$13.62 ,-0.08,-0.58%,630185237,United States,,67722,Finance,Investment Managers
RNG,RingCentral Inc. Class A Common Stock,$55.62 ,2.14,4.00%,4644612730,United States,2013,2034412,Technology,EDP Services
RNGR,Ranger Energy Services Inc. Class A Common Stock,$16.05 ,0.52,3.35%,375602469,United States,2017,235915,Energy,Oilfield Services/Equipment
RNP,Cohen & Steers REIT and Preferred and Income Fund Inc. Common Shares,$20.45 ,-0.14,-0.68%,1004884943,United States,2003,104581,Finance,Investment Managers
RNST,Renasant Corporation Common Stock,$43.57 ,0.23,0.53%,4020296268,United States,2023,605279,Finance,Major Banks
ROG,Rogers Corporation Common Stock,$123.47 ,1.33,1.09%,2206203322,United States,1960,270839,Industrials,Major Chemicals
ROK,Rockwell Automation Inc. Common Stock,$480.08 ,9.07,1.93%,53420399356,United States,,937503,Industrials,Industrial Machinery/Components
ROL,Rollins Inc. Common Stock,$37.97 ,-0.38,-0.99%,18269090990,United States,,5600790,Consumer Discretionary,Diversified Commercial Services
RPC,Ridgepost Capital Inc. Class A Common Stock,$8.62 ,0.07,0.82%,943688189,United States,2021,478107,Finance,Investment Managers
RPM,RPM International Inc. Common Stock,$107.07 ,-0.76,-0.71%,13677272983,United States,,896548,Consumer Discretionary,Paints/Coatings
RPT,Rithm Property Trust Inc. Common stock,$12.32 ,-0.18,-1.44%,95757988,United States,2015,142406,Real Estate,Real Estate Investment Trusts
RPT^C,Rithm Property Trust Inc. 9.875% Series C Fixed-to-Floating Rate Cumulative Redeemable Preferred Stock,$24.82 ,-0.305,-1.21%,,United States,,12027,,
RQI,Cohen & Steers Quality Income Realty Fund Inc Common Shares,$12.58 ,0.01,0.08%,1689499133,United States,2002,675972,Finance,Trusts Except Educational Religious and Charitable
RRC,Range Resources Corporation Common Stock,$40.14 ,0.59,1.49%,9379895732,United States,,2293345,Energy,Oil & Gas Production
RRX,Regal Rexnord Corporation Common Stock,$205.23 ,2.64,1.30%,13662073467,United States,1976,910626,Consumer Discretionary,Metal Fabrications
RS,Reliance Inc. Common Stock,$406.10 ,5.08,1.27%,20733254786,United States,1994,291046,Industrials,Metal Fabrications
RSG,Republic Services Inc. Common Stock,$210.55 ,-0.78,-0.37%,64778673518,United States,1998,1150088,Utilities,Environmental Services
RSI,Rush Street Interactive Inc. Class A Common Stock,$26.91 ,0.15,0.56%,6262713117,United States,2020,4718572,Consumer Discretionary,Services-Misc. Amusement & Recreation
RTO,Rentokil Initial plc American Depositary Shares (each representing five (5) Ordinary Shares),$23.36 ,-0.89,-3.67%,11782784000,United States,2022,4210403,Consumer Discretionary,Other Consumer Services
RTX,RTX Corporation Common Stock,$215.22 ,0.84,0.39%,2.90065E+11,United States,,3415818,Industrials,Aerospace
RVLV,Revolve Group Inc. Class A Common Stock,$25.11 ,-0.33,-1.30%,1796759685,United States,2019,806233,Consumer Discretionary,Catalog/Specialty Distribution
RVT,Royce Small-Cap Trust Inc. Common Stock,$18.09 ,0.09,0.50%,1952936974,United States,1986,244089,Finance,Trusts Except Educational Religious and Charitable
RVTY,Revvity Inc. Common Stock,$112.52 ,-1.02,-0.90%,12552705658,United States,,1206830,Industrials,Biotechnology: Laboratory Analytical Instruments
RWT,Redwood Trust Inc. Common Stock,$4.57 ,-0.09,-1.93%,572235918,United States,1995,2586080,Real Estate,Real Estate Investment Trusts
RWT^A,Redwood Trust Inc. 10.00% Series A Fixed-Rate Reset Cumulative Redeemable Preferred Stock,$24.42 ,-0.01,-0.04%,,United States,,12959,,
RWTN,Redwood Trust Inc. 9.125% Senior Notes Due 2029,$24.90 ,0.0699,0.28%,3217664254,United States,2024,948,Real Estate,Real Estate Investment Trusts
RWTO,Redwood Trust Inc. 9.00% Senior Notes Due 2029,$24.57 ,0,0.00%,3175020510,United States,2024,235,Real Estate,Real Estate Investment Trusts
RWTP,Redwood Trust Inc. 9.125% Senior Notes Due 2030,$24.17 ,0.05,0.21%,0,United States,2025,4053,Real Estate,Real Estate Investment Trusts
RWTQ,Redwood Trust Inc. 9.500% Senior Notes Due 2030,$24.21 ,0.13,0.54%,0,United States,2025,11724,Real Estate,Real Estate Investment Trusts
RWTS,Redwood Trust Inc. 9.75% Senior Notes Due 2031,$24.59 ,0,0.00%,0,United States,2026,5723,Real Estate,Real Estate Investment Trusts
RXO,RXO Inc. Common Stock,$20.25 ,-0.32,-1.56%,3339636318,United States,2022,2444126,Consumer Discretionary,Transportation Services
RYAM,Rayonier Advanced Materials Inc. Common Stock,$8.95 ,-0.01,-0.11%,603575014,United States,2014,709389,Basic Materials,Paper
RYAN,Ryan Specialty Holdings Inc. Class A Common Stock,$44.16 ,0.07,0.16%,11643199766,United States,2021,3719193,Finance,Specialty Insurers
RYN,Rayonier Inc. REIT Common Stock,$21.78 ,0.39,1.82%,6550274517,United States,,2231050,Real Estate,Real Estate Investment Trusts
RYZ,Ryerson Holding Corporation Common Stock,$27.79 ,0.98,3.66%,1442263567,United States,2014,694832,Industrials,Metal Fabrications
RZC,Reinsurance Group of America Incorporated 7.125% Fixed-Rate Reset Subordinated Debentures due 2052,$25.56 ,0.09,0.35%,1674516446,United States,2022,91000,Finance,Life Insurance
S,SentinelOne Inc. Class A Common Stock,$19.06 ,0.66,3.59%,6533838960,United States,2021,5375617,Technology,Computer Software: Prepackaged Software
SABA,Saba Capital Income & Opportunities Fund II Shares of Beneficial Interest,$8.24 ,-0.1,-1.20%,0,United States,,36564,,
SAFE,Safehold Inc. New Common Stock ,$16.18 ,0.34,2.15%,1158649832,United States,2023,403460,Real Estate,Real Estate Investment Trusts
SAH,Sonic Automotive Inc. Common Stock,$91.58 ,-8.76,-8.73%,2894303753,United States,1997,562439,Consumer Discretionary,Retail-Auto Dealers and Gas Stations
SAJ,Saratoga Investment Corp 8.00% Notes due 2027,$25.60 ,0.015,0.06%,401104154,United States,2022,322,Finance,Investment Managers
SAM,Boston Beer Company Inc. (The) Common Stock,$183.20 ,-2.11,-1.14%,1885435959,United States,,248587,Consumer Staples,Beverages (Production/Distribution)
SAR,Saratoga Investment Corp New,$19.10 ,0.25,1.33%,311532479,United States,,97242,Finance,Investment Managers
SARO,StandardAero Inc. Common Stock,$29.31 ,0.33,1.14%,9744753499,United States,2024,1869247,Industrials,Aerospace
SAT,Saratoga Investment Corp 6.00% Notes due 2027,$25.14 ,0.0437,0.17%,393896813,United States,2022,6832,Finance,Investment Managers
SAV,Saratoga Investment Corp 7.50% Notes due 2031,$24.62 ,0.22,0.90%,0,United States,2026,18200,Finance,Investment Managers
SAY,Saratoga Investment Corp 8.125% Notes due 2027,$25.37 ,0.02,0.08%,397500483,United States,2022,2390,Finance,Investment Managers
SAZ,Saratoga Investment Corp 8.50% Notes due 2028,$25.41 ,0.025,0.10%,398127209,United States,2023,1629,Finance,Investment Managers
SBH,Sally Beauty Holdings Inc. (Name to be changed from Sally Holdings Inc.) Common Stock,$14.97 ,-0.38,-2.48%,1428265035,United States,,1319399,Consumer Discretionary,Other Specialty Stores
SBI,Western Asset Intermediate Muni Fund Inc Common Stock,$7.60 ,0.01,0.13%,0,United States,1992,167890,Finance,Finance/Investors Services
SBR,Sabine Royalty Trust Common Stock,$73.02 ,0.35,0.48%,1064583772,United States,,17203,Energy,Oil & Gas Production
SBSI,Southside Bancshares Inc. Common Stock,$32.51 ,0.25,0.78%,969057430,United States,,126229,Finance,Major Banks
SCCO,Southern Copper Corporation Common Stock,$182.71 ,-2.29,-1.24%,1.5244E+11,United States,,815576,Basic Materials,Metal Mining
SCD,LMP Capital and Income Fund Inc. Common Stock,$15.48 ,0.02,0.13%,0,United States,2004,76715,Finance,Trusts Except Educational Religious and Charitable
SCE^G,SCE Trust II Trust Preferred Securities,$17.46 ,0.27,1.57%,,United States,,26900,,
SCE^L,SCE TRUST VI,$16.95 ,-0.03,-0.18%,,United States,,49203,,
SCE^M,SCE Trust VII 7.50% Trust Preference Securities,$23.93 ,-0.06,-0.25%,,United States,,99312,,
SCE^N,SCE Trust VIII 6.95% Trust Preference Securities,$23.12 ,-0.03,-0.13%,,United States,,35059,,
SCHW,Charles Schwab Corporation (The) Common Stock,$105.24 ,0.91,0.87%,1.83027E+11,United States,,8544229,Finance,Investment Bankers/Brokers/Service
SCHW^D,The Charles Schwab Corporation Depositary Shares each representing 1/40th interest in a share of 5.95% Non-Cumulative Perpetual Preferred Stock Series D,$24.07 ,-0.08,-0.33%,,United States,,96021,,
SCHW^J,The Charles Schwab Corporation Depositary Shares Each Representing a 1/40th Interest in a Share of 4.450% Non-Cumulative Perpetual Preferred Stock Series J,$17.33 ,-0.1,-0.57%,,United States,,134993,,
SCI,Service Corporation International Common Stock,$86.19 ,0.9,1.06%,11891720318,United States,,1714666,Consumer Discretionary,Other Consumer Services
SCL,Stepan Company Common Stock,$64.14 ,-0.93,-1.43%,1456832537,United States,,163052,Consumer Discretionary,Package Goods/Cosmetics
SCM,Stellus Capital Investment Corporation Common Stock,$7.50 ,0.04,0.54%,217104405,United States,2012,255079,Finance,Finance/Investors Services
SD,SandRidge Energy Inc. Common Stock,$13.92 ,0.35,2.58%,513902165,United States,2016,228472,Energy,Oil & Gas Production
SDHC,Smith Douglas Homes Corp. Class A Common Stock,$14.83 ,-0.12,-0.80%,753114174,United States,2024,43039,Consumer Discretionary,Homebuilding
SE,Sea Limited American Depositary Shares each representing one Class A Ordinary Share,$106.74 ,0.5,0.47%,65376597878,United States,2017,3030658,Consumer Discretionary,Other Consumer Services
SEG,Seaport Entertainment Group Inc. Common Stock,$26.23 ,-0.11,-0.42%,335794099,United States,2024,83924,Consumer Discretionary,Services-Misc. Amusement & Recreation
SEI,Solaris Energy Infrastructure Inc. Class A Common Stock,$51.41 ,0.13,0.25%,3780793654,United States,2017,3110939,Consumer Discretionary,Oil and Gas Field Machinery
SES,SES AI Corporation Class A Common Stock,$0.55 ,0.0091,1.68%,203253564,United States,2021,21430117,Miscellaneous,Industrial Machinery/Components
SF,Stifel Financial Corporation Common Stock,$82.91 ,0.28,0.34%,12718540668,United States,,904016,Finance,Investment Bankers/Brokers/Service
SF^B,Stifel Financial Corporation Depositary Shares Each Representing 1/1000th  Interest in a Share of 6.25% Non-Cumulative  Preferred Stock Series B,$22.25 ,0.03,0.14%,,United States,,11354,,
SF^C,Stifel Financial Corporation Depositary Shares Each Representing 1/1000th Interest in a Share of 6.125% Non Cumulative Preferred Stock Series C,$21.79 ,0.11,0.51%,,United States,,25802,,
SF^D,Stifel Financial Corporation Depositary Shares Each Representing 1/1000th Interest in a Share of 4.50% Non-Cumulative Preferred Stock Series D,$16.01 ,-0.11,-0.68%,,United States,,39450,,
SFB,Stifel Financial Corporation 5.20% Senior Notes due 2047,$19.72 ,0.09,0.46%,2014859566,United States,2017,16675,Finance,Investment Bankers/Brokers/Service
SFBS,ServisFirst Bancshares Inc. Common Stock,$89.50 ,0.28,0.31%,4892322659,United States,,250758,Finance,Major Banks
SG,Sweetgreen Inc. Class A Common Stock,$6.45 ,-0.1,-1.53%,766438388,United States,2021,3133001,Consumer Discretionary,Restaurants
SGI,Somnigroup International Inc. Common Stock,$65.33 ,-1.54,-2.30%,13741552966,United States,,3046228,Consumer Discretionary,Home Furnishings
SGU,Star Group L.P. Common Stock,$12.54 ,-0.01,-0.08%,411737520,United States,,15242,Consumer Discretionary,Other Specialty Stores
SHAK,Shake Shack Inc. Class A Common Stock,$62.75 ,-0.32,-0.51%,2684540443,United States,2015,1378386,Consumer Discretionary,Restaurants
SHO,Sunstone Hotel Investors Inc. Sunstone Hotel Investors Inc. Common Shares,$11.77 ,0.07,0.60%,2192648248,United States,2004,1899867,Consumer Discretionary,Hotels/Resorts
SHO^H,Sunstone Hotel Investors Inc. 6.125% Series H Cumulative Redeemable Preferred Stock,$22.07 ,-0.11,-0.50%,,United States,,10462,,
SHO^I,Sunstone Hotel Investors Inc. 5.70% Series I Cumulative Redeemable Preferred Stock,$21.50 ,-0.09,-0.42%,,United States,,3663,,
SHW,Sherwin-Williams Company (The) Common Stock,$340.85 ,-3.99,-1.16%,82744115768,United States,,1675669,Consumer Discretionary,RETAIL: Building Materials
SI,Shoulder Innovations Inc. Common Stock,$22.74 ,-0.45,-1.94%,471587259,United States,2025,79175,Health Care,Medical/Dental Instruments
SITC,SITE Centers Corp. Common Stock,$4.28 ,-0.05,-1.16%,224592461,United States,,792753,Real Estate,Real Estate Investment Trusts
SITE,SiteOne Landscape Supply Inc. Common Stock,$94.44 ,-0.52,-0.55%,4122815032,United States,2016,1210399,Consumer Discretionary,Professional and commerical equipment
SJM,The J.M. Smucker Company Common Stock,$119.26 ,-2.95,-2.41%,12746591089,United States,,1795079,Consumer Staples,Packaged Foods
SJT,San Juan Basin Royalty Trust Common Stock,$2.51 ,-0.06,-2.34%,116988078,United States,,188321,Energy,Oil & Gas Production
SKIL,Skillsoft Corp. Class A Common Stock,$7.10 ,-0.21,-2.87%,63669456,United States,2019,78337,Technology,Computer Software: Prepackaged Software
SKT,Tanger Inc. Common Stock,$40.66 ,-0.34,-0.83%,4670852102,United States,1993,1046632,Real Estate,Real Estate Investment Trusts
SKY,Champion Homes Inc. Common Stock,$79.61 ,-0.71,-0.88%,4370099717,United States,,568570,Consumer Discretionary,Homebuilding
SKYH,Sky Harbour Group Corporation Class A Common Stock,$10.70 ,0.22,2.10%,818849001,United States,2022,171664,Finance,Real Estate
SLG,SL Green Realty Corp Common Stock,$52.93 ,-0.68,-1.27%,3764618885,United States,1997,627846,Real Estate,Real Estate Investment Trusts
SLG^I,SL Green Realty Corporation Preferred Series I,$21.46 ,-0.07,-0.33%,,United States,,15478,,
SLGN,Silgan Holdings Inc. Common Stock,$39.98 ,-1.08,-2.63%,4225076725,United States,2022,2083721,Industrials,Containers/Packaging
SLQT,SelectQuote Inc. Common Stock,$0.75 ,0.0204,2.81%,131731787,United States,2020,1049697,Finance,Specialty Insurers
SLVM,Sylvamo Corporation Common Stock,$37.41 ,-0.12,-0.32%,1486528848,United States,2021,231234,Basic Materials,Paper
SM,SM Energy Company Common Stock,$32.52 ,0.89,2.81%,7796627757,United States,,2507187,Energy,Oil & Gas Production
SMA,SmartStop Self Storage REIT Inc. Common Stock,$33.54 ,-0.02,-0.06%,1856951994,United States,2025,366535,Real Estate,Real Estate Investment Trusts
SMBK,SmartFinancial Inc. Common Stock,$52.40 ,-0.25,-0.48%,895959985,United States,,151548,Finance,Major Banks
SMC,Summit Midstream Corporation Common Stock,$30.82 ,0.32,1.05%,626840367,United States,2012,43063,Utilities,Natural Gas Distribution
SMG,Scotts Miracle-Gro Company (The) Common Stock,$65.68 ,-2.63,-3.85%,3821389622,United States,1992,1001728,Industrials,Agricultural Chemicals
SMHI,SEACOR Marine Holdings Inc. Common Stock ,$9.43 ,-0.11,-1.15%,255862549,United States,2017,116236,Consumer Discretionary,Marine Transportation
SMP,Standard Motor Products Inc. Common Stock,$38.23 ,-0.44,-1.14%,851125156,United States,,149656,Consumer Discretionary,Auto Parts:O.E.M.
SMR,NuScale Power Corporation Class A Common Stock,$8.42 ,-0.18,-2.09%,3077351334,United States,2022,38743091,Industrials,Metal Fabrications
SMRT,SmartRent Inc. Class A Common Stock,$1.01 ,-0.01,-0.98%,194766450,United States,,662084,Technology,EDP Services
SN,SharkNinja Inc. Ordinary Shares,$161.77 ,-1.56,-0.96%,22893751711,United States,2023,1210471,Consumer Discretionary,Consumer Electronics/Appliances
SNA,Snap-On Incorporated Common Stock,$410.41 ,1.36,0.33%,21229328961,United States,,385165,Consumer Discretionary,Industrial Machinery/Components
SNAP,Snap Inc. Class A Common Stock,$4.69 ,0,0.00%,7772084780,United States,2017,33890943,Technology,Computer Software: Programming Data Processing
SNDA,Sonida Senior Living Inc. Common Stock,$40.36 ,0.2,0.50%,1911744349,United States,,320936,Health Care,Hospital/Nursing Management
SNDR,Schneider National Inc. Common Stock,$35.74 ,1.6,4.69%,6258942768,United States,2017,1119581,Industrials,Trucking Freight/Courier Services
SNOW,Snowflake Inc. Common Stock,$293.28 ,-4.82,-1.62%,1.01651E+11,United States,2020,7375845,Technology,Computer Software: Prepackaged Software
SNX,TD SYNNEX Corporation Common Stock,$255.70 ,3.58,1.42%,20445452886,United States,2003,552083,Technology,Retail: Computer Software & Peripheral Equipment
SO,Southern Company (The) Common Stock,$94.54 ,0.2,0.21%,1.06671E+11,United States,,5581077,Utilities,Electric Utilities: Central
SOC,Sable Offshore Corp. Common Stock,$5.29 ,0.81,18.08%,966954440,United States,2021,16460533,Energy,Oil & Gas Production
SOJC,Southern Company (The) Series 2017B 5.25% Junior Subordinated Notes due December 1 2077,$20.30 ,0.09,0.45%,22330962362,United States,2017,52447,Utilities,Electric Utilities: Central
SOJD,Southern Company (The) Series 2020A 4.95% Junior Subordinated Notes due January 30 2080,$18.80 ,0.08,0.43%,20680891252,United States,2020,164044,Utilities,Electric Utilities: Central
SOJE,Southern Company (The) Series 2020C 4.20% Junior Subordinated Notes due October 15 2060,$16.55 ,0.05,0.30%,18115062947,United States,2020,83455,Utilities,Electric Utilities: Central
SOJF,Southern Company (The) Series 2025A 6.50% Junior Subordinated Notes due March 15 2085,$25.25 ,0.05,0.20%,0,United States,2025,69305,Utilities,Electric Utilities: Central
SOLV,Solventum Corporation Common Stock,$85.44 ,-1.38,-1.59%,14796047393,United States,2024,1056701,Health Care,Medical/Dental Instruments
SOMN,Southern Company (The) 2025 Series A Corporate Units,$49.65 ,-0.03,-0.06%,56021079311,United States,,132005,Utilities,Electric Utilities: Central
SON,Sonoco Products Company Common Stock,$56.36 ,-0.46,-0.81%,5572595169,United States,,1423619,Consumer Discretionary,Containers/Packaging
SOR,Source Capital Inc. Cmn Shs of BI,$46.58 ,0.63,1.37%,388686018,United States,,17445,Finance,Investment Managers
SPB,Spectrum Brands Holdings Inc. Common Stock,$88.77 ,0,0.00%,2041319057,United States,,260370,Miscellaneous,Industrial Machinery/Components
SPCE,Virgin Galactic Holdings Inc. Common Stock,$2.55 ,-0.01,-0.39%,341763413,United States,2017,8379201,Consumer Discretionary,Transportation Services
SPE,Special Opportunities Fund Inc Common Stock,$13.13 ,0.01,0.08%,0,United States,,28701,Finance,Finance/Investors Services
SPE^C,Special Opportunities Fund Inc. 2.75% Convertible Preferred Stock Series C,$24.70 ,0.04,0.16%,,United States,,1166,,
SPG,Simon Property Group Inc. Common Stock,$229.37 ,-1.07,-0.46%,74382377115,United States,,1382805,Real Estate,Real Estate Investment Trusts
SPG^J,Simon Property Group Inc. Simon Property Group 8 3/8% Series J Cumulative Redeemable Preferred Stock,$54.58 ,-0.2008,-0.37%,,United States,,449,,
SPGI,S&P Global Inc. Common Stock,$411.93 ,-3.07,-0.74%,1.21437E+11,United States,,2172133,Finance,Finance: Consumer Services
SPH,Suburban Propane Partners L.P. Common Stock,$18.66 ,0.05,0.27%,1237961444,United States,1996,213731,Consumer Discretionary,Other Specialty Stores
SPHR,Sphere Entertainment Co. Class A Common Stock,$143.25 ,-5.07,-3.42%,5127233080,United States,2020,1102282,Consumer Discretionary,Services-Misc. Amusement & Recreation
SPIR,Spire Global Inc. Class A Common Stock,$11.46 ,0.1,0.88%,460908296,United States,2020,546938,Consumer Discretionary,Telecommunications Equipment
SPRU,Spruce Power Holding Corporation Class A Common Stock,$1.95 ,0,0.00%,35820135,United States,2019,18050,Consumer Discretionary,Auto Parts:O.E.M.
SPXC,SPX Technologies Inc. Common Stock,$219.62 ,20.32,10.20%,11019822227,United States,,1036827,Industrials,Industrial Machinery/Components
SPXX,Nuveen S&P 500 Dynamic Overwrite Fund,$18.45 ,0,0.00%,0,United States,,240226,Finance,Trusts Except Educational Religious and Charitable
SR,Spire Inc. Common Stock,$79.86 ,-0.67,-0.83%,4721067009,United States,,566420,Utilities,Oil/Gas Transmission
SRE,DBA Sempra Common Stock,$88.55 ,-1.03,-1.15%,57885790359,United States,,2767583,Utilities,Natural Gas Distribution
SREA,DBA Sempra 5.750% Junior Subordinated Notes due 2079,$20.85 ,-0.29,-1.37%,13201091494,United States,2019,121363,Utilities,Natural Gas Distribution
SRFM,Surf Air Mobility Inc. Common Stock,$0.76 ,0.011,1.46%,81214891,United States,2023,760635,Consumer Discretionary,Transportation Services
SRG,Seritage Growth Properties Class A Common Stock,$2.41 ,-0.02,-0.82%,135742303,United States,2015,71836,Finance,Real Estate
SRG^A,Seritage Growth Properties 7.00% Series A Cumulative Redeemable Preferred Shares of Beneficial Interest,$22.94 ,0.33,1.46%,,United States,,5847,,
SRI,Stoneridge Inc. Common Stock,$6.91 ,-0.16,-2.26%,195105543,United States,1997,318825,Consumer Discretionary,Auto Parts:O.E.M.
SRJN,Spire Inc. 6.375% Junior Subordinated Notes due 2086,$23.26 ,-0.04,-0.17%,0,United States,,23969,Utilities,Oil/Gas Transmission
SRV,NXG Cushing Midstream Energy Fund Common Shares of Beneficial Interest,$46.95 ,1.97,4.38%,0,United States,,49372,Finance,Finance Companies
SSB,SouthState Bank Corporation Common Stock,$105.09 ,-0.17,-0.16%,10263934639,United States,,832057,Finance,Major Banks
SSD,Simpson Manufacturing Company Inc. Common Stock,$187.74 ,1.07,0.57%,7723309136,United States,,374791,Consumer Discretionary,Industrial Machinery/Components
SST,System1 Inc. Class A Common Stock,$1.74 ,-0.03,-1.70%,17396130,United States,2020,15123,Technology,Computer Software: Programming Data Processing
SSTK,Shutterstock Inc. Common Stock,$5.40 ,0.02,0.37%,198385276,United States,2012,1723521,Technology,EDP Services
STAG,Stag Industrial Inc. Common Stock,$38.26 ,-0.28,-0.73%,7376846668,United States,2011,1471273,Real Estate,Real Estate Investment Trusts
STC,Stewart Information Services Corporation Common Stock,$67.59 ,-0.58,-0.85%,2056566540,United States,,241661,Finance,Specialty Insurers
STE,STERIS plc (Ireland) Ordinary Shares,$228.40 ,-2.81,-1.22%,22292407574,United States,,829036,Health Care,Industrial Specialties
STEM,Stem Inc. Class A Common Stock,$5.40 ,0.1,1.89%,48367546,United States,1992,137250,Miscellaneous,Industrial Machinery/Components
STEW,SRH Total Return Fund Inc. Common Stock,$18.53 ,0.06,0.33%,0,United States,,121903,Finance,Investment Managers
STK,Columbia Seligman Premium Technology Growth Fund Inc,$49.09 ,0.94,1.95%,0,United States,2009,58824,Finance,Investment Managers
STT,State Street Corporation Common Stock,$184.16 ,1.34,0.73%,50969416797,United States,,1820738,Finance,Major Banks
STT^G,State Street Corporation Depositary shares each representing a 1/4000th ownership interest in a share of Fixed-to-Floating Rate Non-Cumulative,$21.21 ,-0.04,-0.19%,,United States,,56438,,
STUB,StubHub Holdings Inc. Class A Common Stock,$8.44 ,-0.08,-0.94%,3168690820,United States,2025,3447108,Consumer Discretionary,Services-Misc. Amusement & Recreation
STWD,STARWOOD PROPERTY TRUST INC. Starwood Property Trust Inc.,$15.98 ,-0.25,-1.54%,5924562149,United States,2009,4735103,Real Estate,Real Estate Investment Trusts
STZ,Constellation Brands Inc. Common Stock,$130.23 ,-0.15,-0.12%,22240475460,United States,,1787995,Consumer Staples,Beverages (Production/Distribution)
SUI,Sun Communities Inc. Common Stock,$123.48 ,-0.95,-0.76%,15039982170,United States,1993,853423,Real Estate,Real Estate Investment Trusts
SUN,Sunoco LP Common Units representing limited partner interests,$76.69 ,0.72,0.95%,15707855317,United States,2012,762844,Energy,Integrated oil Companies
SVV,Savers Value Village Inc. Common Stock,$10.26 ,-0.08,-0.77%,1579897981,United States,2023,617752,Consumer Discretionary,Other Specialty Stores
SWK,Stanley Black & Decker Inc. Common Stock,$94.58 ,-0.97,-1.02%,14283153906,United States,,2795936,Consumer Discretionary,Industrial Machinery/Components
SWX,Southwest Gas Holdings Inc. Common Stock (DE),$89.40 ,-0.9,-1.00%,6470313646,United States,,526985,Utilities,Oil & Gas Production
SWZ,Total Return Securities Fund Common Stock,$5.90 ,0.01,0.17%,0,United States,,33567,Finance,Finance Companies
SXC,SunCoke Energy Inc. Common Stock,$8.48 ,0.03,0.36%,719555119,United States,2011,2661068,Industrials,Steel/Iron Ore
SXI,Standex International Corporation Common Stock,$296.50 ,9.25,3.22%,3592074373,United States,,198880,Industrials,Industrial Machinery/Components
SXT,Sensient Technologies Corporation Common Stock,$123.67 ,-0.29,-0.23%,5264503283,United States,,212410,Industrials,Major Chemicals
SYF,Synchrony Financial Common Stock,$75.79 ,-1.38,-1.79%,28198241563,United States,2014,3412923,Finance,Finance: Consumer Services
SYF^A,Synchrony Financial Depositary Shares each Representing a 1/40th Interest in a Share of 5.625% Fixed Rate Non-Cumulative Perpetual Preferred Stock Series A,$19.30 ,-0.02,-0.10%,,United States,,90879,,
SYF^B,Synchrony Financial Depositary Shares Each Representing a 1/40th Interest in a Share of 8.250% Fixed Rate Reset Non-Cumulative Perpetual Preferred Stock Series B,$25.92 ,0.04,0.16%,,United States,,57185,,
SYK,Stryker Corporation Common Stock,$325.70 ,-22.34,-6.42%,1.24861E+11,United States,,4535869,Health Care,Medical/Dental Instruments
SYY,Sysco Corporation Common Stock,$85.24 ,0.53,0.63%,40760285506,United States,,3327824,Consumer Discretionary,Food Distributors
T,AT&T Inc.,$23.25 ,0.04,0.17%,1.59318E+11,United States,,58132715,Telecommunications,Telecommunications Equipment
T^A,AT&T Inc. Depositary Shares each representing a 1/1000th interest in a share of 5.000% Perpetual Preferred Stock Series A,$18.14 ,-0.02,-0.11%,,United States,,140286,,
T^C,AT&T Inc. Depositary Shares each representing a 1/1000th interest in a share of 4.750% Perpetual Preferred Stock Series C,$17.15 ,-0.07,-0.41%,,United States,,251989,,
TALO,Talos Energy Inc. Common Stock,$15.18 ,0.58,3.97%,2533933917,United States,2018,1704345,Energy,Oil & Gas Production
TBB,AT&T Inc. 5.350% Global Notes due 2066,$19.90 ,-0.0237,-0.12%,1.42293E+11,United States,2017,139421,Telecommunications,Telecommunications Equipment
TBI,TrueBlue Inc. Common Stock,$7.08 ,-0.22,-3.01%,215260964,United States,,178177,Consumer Discretionary,Professional Services
TCBX,Third Coast Bancshares Inc. Common Stock,$43.84 ,0.14,0.32%,727396393,United States,,79437,Finance,Banks
TCI,Transcontinental Realty Investors Inc. Common Stock,$40.79 ,-1.47,-3.48%,352397700,United States,,83387,Real Estate,Real Estate Investment Trusts
TDAY,USA TODAY Co. Inc. Common Stock,$8.69 ,-0.02,-0.23%,1274841345,United States,2014,1200197,Consumer Discretionary,Newspapers/Magazines
TDC,Teradata Corporation Common Stock,$30.99 ,0.43,1.41%,2916159000,United States,,2073662,Technology,Computer Software: Prepackaged Software
TDF,Templeton Dragon Fund Inc. Common Stock,$10.74 ,0.04,0.37%,0,United States,,128546,Finance,Finance/Investors Services
TDG,Transdigm Group Incorporated Common Stock,"$1,254.38 ",4.47,0.36%,70161967844,United States,2006,393003,Industrials,Military/Government/Technical
TDOC,Teladoc Health Inc. Common Stock,$6.71 ,0.13,1.98%,1211242814,United States,2015,8560067,Health Care,Medical/Nursing Services
TDS,Telephone and Data Systems Inc. Common Shares,$33.58 ,0,0.00%,3821404000,United States,,716955,Telecommunications,Telecommunications Equipment
TDS^U,Telephone and Data Systems Inc. Depositary Shares Each Representing a 1/1000th Interest in a 6.625% Series UU Cumulative Redeemable Perpetual Preferred Stock,$20.51 ,0.11,0.54%,,United States,,63586,,
TDS^V,Telephone and Data Systems Inc. Depositary Shares Each Representing a 1/1000th Interest in a 6.000% Series VV Cumulative Redeemable Perpetual Preferred Stock,$19.10 ,0.2,1.06%,,United States,,88704,,
TDW,Tidewater Inc. Common Stock,$75.06 ,1.58,2.15%,3732782739,United States,2017,574315,Consumer Discretionary,Marine Transportation
TDY,Teledyne Technologies Incorporated Common Stock,$655.57 ,6.39,0.98%,30389388549,United States,,468081,Industrials,Industrial Machinery/Components
TEI,Templeton Emerging Markets Income Fund Inc. Common Stock,$6.64 ,0,0.00%,0,United States,1993,121572,Finance,Finance Companies
TEX,Terex Corporation Common Stock,$62.84 ,0.62,1.00%,7176328000,United States,,3137816,Industrials,Construction/Ag Equipment/Trucks
TFC,Truist Financial Corporation Common Stock,$51.84 ,-0.17,-0.33%,64586381616,United States,,6989131,Finance,Major Banks
TFC^I,Truist Financial Corporation Depositary Shares,$18.02 ,-0.03,-0.17%,,United States,,12567,,
TFC^O,Truist Financial Corporation Depositary Shares Each Representing a 1/1000th Interest in a Share of Series O Non-Cumulative Perpetual Preferred Stock,$20.38 ,-0.13,-0.63%,,United States,,75202,,
TFC^R,Truist Financial Corporation Depositary Shares each representing 1/1000th interest in a share of Series R Non-Cumulative Perpetual Preferred Stock,$18.34 ,-0.08,-0.43%,,United States,,139613,,
TFIN,Triumph Financial Inc. Common Stock,$75.93 ,2.1,2.84%,1814312194,United States,,221222,Finance,Major Banks
TFIN^,Triumph Financial Inc. Depositary Shares Each Representing a 1/40th Interest in a Share of 7.125% Series C Fixed-Rate Non-Cumulative Perpetual Preferred Stock,$22.10 ,-0.08,-0.36%,,United States,,1275,,
TFX,Teleflex Incorporated Common Stock,$136.71 ,4.41,3.33%,6052180546,United States,,558114,Health Care,Medical/Dental Instruments
TG,Tredegar Corporation Common Stock,$7.59 ,0.07,0.93%,265777656,United States,,119433,Industrials,Metal Fabrications
TGT,Target Corporation Common Stock,$144.49 ,-0.02,-0.01%,65626073773,United States,,3310975,Consumer Discretionary,Department/Specialty Retail Stores
THC,Tenet Healthcare Corporation Common Stock,$254.78 ,2.05,0.81%,20514630820,United States,,1098677,Health Care,Hospital/Nursing Management
THG,Hanover Insurance Group Inc,$232.63 ,2.54,1.10%,8100228011,United States,,456510,Finance,Property-Casualty Insurers
THO,Thor Industries Inc. Common Stock,$74.97 ,-0.87,-1.15%,3902741254,United States,,558151,Industrials,Homebuilding
THQ,abrdn Healthcare Opportunities Fund Shares of Beneficial Interest,$18.74 ,-0.1,-0.53%,0,United States,2014,178593,Finance,Finance Companies
THW,abrdn World Healthcare Fund Shares of Beneficial Interest,$13.29 ,0.01,0.08%,0,United States,2015,120289,Finance,Finance Companies
TIC,TIC Solutions Inc. Common Stock,$7.31 ,0.05,0.69%,1615821435,United States,2025,1028483,Consumer Discretionary,Business Services
TISI,Team Inc. Common Stock,$17.40 ,-0.05,-0.29%,79542047,United States,,4756,Consumer Discretionary,Other Consumer Services
TJX,TJX Companies Inc. (The) Common Stock,$157.34 ,-1.92,-1.21%,1.73814E+11,United States,,3764567,Consumer Discretionary,Clothing/Shoe/Accessory Stores
TKO,TKO Group Holdings Inc. Class A Common Stock,$181.81 ,-2,-1.09%,34748670421,United States,2023,893836,Consumer Discretionary,Services-Misc. Amusement & Recreation
TKR,Timken Company (The) Common Stock,$137.55 ,1.44,1.06%,9558969851,United States,,681251,Industrials,Metal Fabrications
TLYS,Tilly's Inc. Common Stock,$3.81 ,0.1,2.70%,116160880,United States,2012,88280,Consumer Discretionary,Clothing/Shoe/Accessory Stores
TME,Tencent Music Entertainment Group American Depositary Shares each representing two Class A Ordinary Shares,$9.45 ,-0.03,-0.32%,14873397525,United States,2018,7028116,Consumer Discretionary,Broadcasting
TMO,Thermo Fisher Scientific Inc Common Stock,$574.30 ,-2.47,-0.43%,2.13422E+11,United States,,2112302,Industrials,Industrial Machinery/Components
TNC,Tennant Company Common Stock,$84.03 ,1.35,1.63%,1431779019,United States,,108746,Industrials,Industrial Machinery/Components
TNET,TriNet Group Inc. Common Stock,$65.83 ,-5.84,-8.15%,3024535849,United States,2014,572327,Consumer Discretionary,Business Services
TNL,Travel   Leisure Co. Common  Stock,$76.02 ,0.85,1.13%,4652745717,United States,,766227,Consumer Discretionary,Hotels/Resorts
TOL,Toll Brothers Inc. Common Stock,$145.89 ,-4.14,-2.76%,13636484190,United States,,1094121,Consumer Discretionary,Homebuilding
TOST,Toast Inc. Class A Common Stock,$32.27 ,-0.58,-1.77%,18716600000,United States,2021,8560540,Technology,EDP Services
TPB,Turning Point Brands Inc. Common Stock,$74.61 ,-1.4,-1.84%,1445011712,United States,2016,324850,Consumer Discretionary,Tobacco
TPC,Tutor Perini Corporation Common Stock,$83.75 ,0.47,0.56%,4406481376,United States,1970,451589,Consumer Discretionary,General Bldg Contractors - Nonresidential Bldgs
TPL,Texas Pacific Land Corporation Common Stock,$402.58 ,8.33,2.11%,27767725627,United States,,391557,Energy,Oil & Gas Production
TPR,Tapestry Inc. Common Stock,$152.37 ,-0.21,-0.14%,30785553072,United States,,1750192,Consumer Discretionary,Apparel
TPVG,TriplePoint Venture Growth BDC Corp. Common Stock,$4.52 ,-0.03,-0.66%,183507394,United States,2014,197911,Consumer Discretionary,Other Consumer Services
TR,Tootsie Roll Industries Inc. Common Stock,$39.02 ,-0.37,-0.94%,2933179483,United States,,116757,Consumer Staples,Specialty Foods
TRAK,ReposiTrak Inc. Common Stock,$8.44 ,-0.2,-2.32%,153384889,United States,,75717,Technology,EDP Services
TRC,Tejon Ranch Co Common Stock,$16.93 ,-0.12,-0.70%,457181682,United States,2000,206304,Finance,Real Estate
TREX,Trex Company Inc. Common Stock,$43.36 ,-0.57,-1.30%,4505048889,United States,,1871074,Basic Materials,Forest Products
TRGP,Targa Resources Inc. Common Stock,$270.37 ,2.03,0.76%,58033272054,United States,2010,1115489,Utilities,Natural Gas Distribution
TRIN,Trinity Capital Inc. Common Stock,$17.55 ,0.14,0.80%,1577528275,United States,,917416,Finance,Finance: Consumer Services
TRN,Trinity Industries Inc. Common Stock,$31.24 ,-3.08,-8.97%,2483751914,United States,,1914539,Industrials,Railroads
TRNI,Trinity Capital Inc. 7.875% Notes Due 2029,$25.30 ,0.03,0.12%,1778948248,United States,,10743,Finance,Finance: Consumer Services
TRNO,Terreno Realty Corporation Common Stock,$71.65 ,-0.68,-0.94%,7616911525,United States,2010,577839,Finance,Real Estate
TRNZ,Trinity Capital Inc. 7.875% Notes due 2029,$25.42 ,0.14,0.55%,1787385947,United States,,11391,Finance,Finance: Consumer Services
TROX,Tronox Holdings plc Ordinary Shares (UK),$5.84 ,-0.42,-6.71%,931620709,United States,,3347745,Industrials,Major Chemicals
TRTN^A,Triton International Limited 8.50% Series A Cumulative Redeemable Perpetual  Preference Shares,$26.05 ,0.1,0.39%,,United States,,1602,,
TRTN^B,Triton International Limited 8.00% Series B Cumulative Redeemable Perpetual Preference Shares,$25.37 ,0.1262,0.50%,,United States,,10124,,
TRTN^C,Triton International Limited 7.375% Series C Cumulative Redeemable Perpetual Preference Shares,$24.65 ,0.02,0.08%,,United States,,12158,,
TRTN^D,Triton International Limited 6.875% Series D Cumulative Redeemable Perpetual Preference Shares,$22.70 ,0.11,0.49%,,United States,,18862,,
TRTN^E,Triton International Limited 5.75% Series E Cumulative Redeemable Perpetual Preference Shares,$18.80 ,0.05,0.27%,,United States,,12435,,
TRTN^F,Triton International Limited 7.625% Series F Cumulative Redeemable Perpetual Preference Shares,$24.49 ,-0.02,-0.08%,,United States,,27894,,
TRTN^G,Triton International Limited 7.500% Series G Cumulative Redeemable Perpetual Preference Shares,$23.71 ,0.11,0.47%,,United States,,29714,,
TRTX,TPG RE Finance Trust Inc. Common Stock,$7.97 ,-0.21,-2.57%,611849002,United States,2017,1163881,Real Estate,Real Estate Investment Trusts
TRTX^C,TPG RE Finance Trust Inc. 6.25% Series C Cumulative Redeemable Preferred Stock $0.001 par value per share,$18.51 ,-0.09,-0.48%,,United States,,4047,,
TRU,TransUnion Common Stock,$78.62 ,-1.64,-2.04%,15063592000,United States,2015,2091459,Finance,Finance: Consumer Services
TRV,The Travelers Companies Inc. Common Stock,$374.36 ,-1.63,-0.43%,78082145236,United States,,1840590,Finance,Property-Casualty Insurers
TSI,TCW Strategic Income Fund Inc. Common Stock,$4.42 ,0.03,0.68%,0,United States,,191905,Finance,Investment Managers
TSN,Tyson Foods Inc. Common Stock,$57.96 ,-2.69,-4.44%,20409420140,United States,,5253835,Consumer Staples,Meat/Poultry/Fish
TSQ,Townsquare Media Inc. Class A Common Stock,$5.92 ,0.22,3.86%,106286449,United States,2014,71501,Consumer Discretionary,Broadcasting
TTC,Toro Company (The) Common Stock,$91.87 ,0.29,0.32%,8748737289,United States,,619841,Consumer Discretionary,Tools/Hardware
TTI,Tetra Technologies Inc. Common Stock,$7.70 ,0.08,1.05%,1042502892,United States,,1667716,Energy,Oil & Gas Production
TVC,Tennessee Valley Authority Common Stock,$24.01 ,0,0.00%,0,United States,,18070,Utilities,Electric Utilities: Central
TVE,Tennessee Valley Authority,$23.66 ,0.06,0.25%,0,United States,,10015,Utilities,Electric Utilities: Central
TWI,Titan International Inc. (DE) Common Stock,$7.22 ,-0.14,-1.90%,464765551,United States,,784771,Industrials,Steel/Iron Ore
TWLO,Twilio Inc. Class A Common Stock,$197.35 ,6.41,3.36%,29952571271,United States,2016,1560129,Technology,Computer Software: Prepackaged Software
TWN,Taiwan Fund Inc. (The) Common Stock,$82.11 ,1.71,2.13%,0,United States,1986,37369,Finance,Trusts Except Educational Religious and Charitable
TWO,Two Harbors Investment Corp,$12.09 ,-0.02,-0.17%,1271079248,United States,,9157911,Real Estate,Real Estate Investment Trusts
TWO^A,Two Harbors Investments Corp 8.125% Series A Fixed-to-Floating Rate Cumulative Redeemable Preferred Stock ($25.00 liquidation preference per share),$25.03 ,-0.01,-0.04%,,United States,,16838,,
TWO^B,Two Harbors Investments Corp 7.625% Series B Fixed-to-Floating Rate Cumulative Redeemable Preferred Stock,$25.01 ,-0.0099,-0.04%,,United States,,221988,,
TWO^C,Two Harbors Investments Corp 7.25% Series C Fixed-to-Floating Rate Cumulative Redeemable Preferred Stock,$25.04 ,-0.02,-0.08%,,United States,,62111,,
TWOD,Two Harbors Investments Corp 9.375% Senior Notes due 2030,$25.21 ,-0.58,-2.25%,0,United States,2025,76502,Real Estate,Real Estate Investment Trusts
TXNM,TXNM Energy Inc. Common Stock,$57.92 ,-0.05,-0.09%,6412164325,United States,,1000154,Utilities,Electric Utilities: Central
TXO,TXO Partners L.P. Common Units Representing Limited Partner Interests,$13.43 ,0.24,1.82%,741906869,United States,2023,71357,Energy,Oil & Gas Production
TXT,Textron Inc. Common Stock,$85.26 ,-1.83,-2.10%,14663604543,United States,,2253279,Industrials,Aerospace
TY,Tri Continental Corporation Common Stock,$34.88 ,0.05,0.14%,1895760613,United States,,21562,Finance,Finance Companies
TY^,Tri Continental Corporation Preferred Stock,$41.60 ,-0.5197,-1.23%,,United States,,441,,
TYG,Tortoise Energy Infrastructure Corporation Common Stock,$42.88 ,0.07,0.16%,511468481,United States,2004,114192,Finance,Investment Managers
TYL,Tyler Technologies Inc. Common Stock,$309.60 ,-13.71,-4.24%,12678824030,United States,,1244332,Technology,Computer Software: Prepackaged Software
U,Unity Software Inc. Common Stock,$31.71 ,-1.63,-4.89%,13842524755,United States,2020,11564451,Technology,Computer Software: Prepackaged Software
UA,Under Armour Inc. Class C Common Stock,$6.49 ,-0.19,-2.84%,2766848549,United States,2016,1912719,Consumer Discretionary,Apparel
UAA,Under Armour Inc. Class A Common Stock,$6.65 ,-0.18,-2.64%,2835060532,United States,,6320256,Consumer Discretionary,Apparel
UAMY,United States Antimony Corporation Common Stock,$5.07 ,-0.15,-2.87%,751301104,United States,,4689730,Industrials,Metal Fabrications
UAN,CVR Partners LP Common Units representing Limited Partner Interests,$128.99 ,1.01,0.79%,1363377477,United States,2011,36696,Industrials,Agricultural Chemicals
UBER,Uber Technologies Inc. Common Stock,$70.36 ,-0.01,-0.01%,1.43225E+11,United States,2019,11981250,Consumer Discretionary,Business Services
UCB,United Community Banks Inc. Common Stock,$35.44 ,0.15,0.43%,4241694628,United States,2024,856120,Finance,Major Banks
UDR,UDR Inc. Common Stock,$38.16 ,-0.14,-0.37%,12259442712,United States,,7410223,Real Estate,Real Estate Investment Trusts
UE,Urban Edge Properties Common Shares of Beneficial Interest,$22.66 ,-0.15,-0.66%,2855613064,United States,2015,851786,Finance,Real Estate
UFI,Unifi Inc. New Common Stock,$6.40 ,0.26,4.24%,118958426,United States,,107613,Consumer Discretionary,Textiles
UGI,UGI Corporation Common Stock,$36.12 ,-0.06,-0.17%,7743900877,United States,,1769194,Utilities,Natural Gas Distribution
UHAL,U-Haul Holding Company Common Stock,$70.91 ,-0.04,-0.06%,13862494644,United States,2022,122691,Consumer Discretionary,Rental/Leasing Companies
UHS,Universal Health Services Inc. Common Stock,$168.44 ,5.15,3.15%,10196742962,United States,,1345093,Health Care,Hospital/Nursing Management
UHT,Universal Health Realty Income Trust Common Stock,$43.42 ,-0.3,-0.69%,602478465,United States,,77571,Real Estate,Real Estate Investment Trusts
UI,Ubiquiti Inc. Common Stock,$556.52 ,23.29,4.37%,33681750744,United States,,95140,Technology,Radio And Television Broadcasting And Communications Equipment
UIS,Unisys Corporation New Common Stock,$2.87 ,-0.28,-8.89%,209237838,United States,,1306313,Technology,EDP Services
ULS,UL Solutions Inc. Class A Common Stock,$91.64 ,-0.52,-0.56%,18471243859,United States,2024,594919,Health Care,Precision Instruments
UMH,UMH Properties Inc. Common Stock,$15.11 ,-0.2,-1.31%,1286861206,United States,1994,516654,Real Estate,Real Estate Investment Trusts
UMH^D,UMH Properties Inc. 6.375% Series D Cumulative Redeemable Preferred Stock Liquidation Preference $25 per share,$22.10 ,0.05,0.23%,,United States,,41009,,
UNF,Unifirst Corporation Common Stock,$292.98 ,-0.62,-0.21%,5298301006,United States,,114510,Consumer Discretionary,Other Consumer Services
UNFI,United Natural Foods Inc. Common Stock,$50.83 ,1.1,2.21%,3076187886,United States,2019,317245,Consumer Discretionary,Food Distributors
UNH,UnitedHealth Group Incorporated Common Stock (DE),$414.40 ,-7.07,-1.68%,3.76335E+11,United States,,3915699,Health Care,Medical Specialities
UNM,Unum Group Common Stock,$86.11 ,-0.66,-0.76%,13631798376,United States,,1391677,Finance,Accident &Health Insurance
UNMA,Unum Group 6.250% Junior Subordinated Notes due 2058,$21.43 ,0.01,0.05%,3649812733,United States,2018,103029,Finance,Accident &Health Insurance
UNP,Union Pacific Corporation Common Stock,$292.13 ,2.67,0.92%,1.73547E+11,United States,,3773978,Industrials,Railroads
UPS,United Parcel Service Inc. Common Stock,$104.22 ,-1.05,-1.00%,88587654397,United States,1999,5607283,Industrials,Trucking Freight/Courier Services
URI,United Rentals Inc. Common Stock,"$1,079.26 ",10.63,1.00%,67175828678,United States,1997,381118,Consumer Discretionary,Diversified Commercial Services
USA,Liberty All-Star Equity Fund Common Stock,$5.81 ,0,0.00%,0,United States,1986,1124575,Finance,Finance Companies
USAC,USA Compression Partners LP Common Units Representing Limited Partner Interests,$26.16 ,0.04,0.15%,3792476885,United States,2013,333835,Utilities,Natural Gas Distribution
USB,U.S. Bancorp Common Stock,$63.01 ,0.11,0.18%,97736776471,United States,,9083979,Finance,Major Banks
USB^A,U.S. Bancorp Depositary Shares Each representing a 1/100th interest in a share of Series A Non-CumulativePerpetual Pfd Stock,$766.22 ,2.22,0.29%,,United States,,994,,
USB^H,U.S. Bancorp Depositary Shares repstg 1/1000th Pfd Ser B,$18.70 ,-0.03,-0.16%,,United States,,75815,,
USB^P,U.S. Bancorp Depositary Shares each representing a 1/1000th interest in a share of Series K Non-Cumulative Perpetual Preferred Stock,$21.51 ,0.01,0.05%,,United States,,73788,,
USB^Q,U.S. Bancorp Depositary Shares Each Representing a 1/1000th Interest in a Share of Series L Non-Cumulative Perpetual Preferred Stock,$14.32 ,-0.04,-0.28%,,United States,,93750,,
USB^R,U.S. Bancorp Depositary Shares Each Representing a 1/1000th Interest in a Share of Series M Non-Cumulative Perpetual Preferred Stock,$15.22 ,-0.02,-0.13%,,United States,,91708,,
USB^S,U.S. Bancorp Depositary Shares each representing a 1/1000th interest in a share of Series O Non-Cumulative Perpetual Preferred Stock,$17.24 ,-0.05,-0.29%,,United States,,59986,,
USFD,US Foods Holding Corp. Common Stock,$100.59 ,0.04,0.04%,22152096377,United States,2016,2202294,Consumer Discretionary,Food Distributors
USNA,USANA Health Sciences Inc. Common Stock,$22.11 ,-0.06,-0.27%,408217173,United States,,69909,Health Care, Medicinal Chemicals and Botanical Products 
USPH,U.S. Physical Therapy Inc. Common Stock,$79.06 ,-1.07,-1.34%,1203197458,United States,1992,437308,Health Care,Medical/Nursing Services
UTF,Cohen & Steers Infrastructure Fund Inc Common Stock,$27.79 ,-0.03,-0.11%,0,United States,2004,381758,Finance,Finance Companies
UTI,Universal Technical Institute Inc Common Stock,$39.31 ,-0.75,-1.87%,2164462887,United States,2003,609037,Real Estate,Other Consumer Services
UTL,UNITIL Corporation Common Stock,$53.94 ,-0.56,-1.03%,970424345,United States,1985,99167,Utilities,Power Generation
UTZ,Utz Brands Inc Class A Common Stock ,$14.12 ,0.01,0.07%,2031671181,United States,2018,2839995,Consumer Staples,Packaged Foods
UVE,UNIVERSAL INSURANCE HOLDINGS INC Common Stock,$43.71 ,-0.28,-0.64%,1219994968,United States,,198393,Finance,Property-Casualty Insurers
UVV,Universal Corporation Common Stock,$52.69 ,-0.58,-1.09%,1313219004,United States,,209056,Industrials,Farming/Seeds/Milling
UWMC,UWM Holdings Corporation Class A Common Stock,$1.82 ,-0.04,-2.15%,2913980384,United States,,16749795,Finance,Finance: Consumer Services
UZD,Array Digital Infrastructure Inc. 6.250% Senior Notes due 2069,$19.14 ,0.1383,0.73%,1646040000,United States,2020,11604,Telecommunications,Telecommunications Equipment
UZE,Array Digital Infrastructure Inc. 5.500% Senior Notes due 2070,$16.56 ,-0.14,-0.84%,1424160000,United States,2020,4892,Telecommunications,Telecommunications Equipment
UZF,Array Digital Infrastructure Inc. 5.500% Senior Notes due 2070,$16.79 ,0.18,1.08%,1443940000,United States,2021,14507,Telecommunications,Telecommunications Equipment
V,Visa Inc.,$366.13 ,-0.14,-0.04%,6.54185E+11,United States,,7823671,Consumer Discretionary,Business Services
VAC,Marriott Vacations Worldwide Corporation Common Stock,$97.51 ,-0.08,-0.08%,3348792171,United States,,321365,Finance,Real Estate
VAL,Valaris Limited Common Shares,$79.19 ,3.61,4.78%,5484048458,United States,2021,1794046,Energy,Oil & Gas Production
VATE,INNOVATE Corp. Common Stock,$8.12 ,0,0.00%,110771952,United States,,78849,Industrials,Metal Fabrications
VBF,Invesco Bond Fund Common Stock,$14.66 ,-0.08,-0.54%,0,United States,,26576,Finance,Trusts Except Educational Religious and Charitable
VCV,Invesco California Value Municipal Income Trust Common Stock,$10.55 ,0.04,0.38%,505245039,United States,,205033,Finance,Trusts Except Educational Religious and Charitable
VEEV,Veeva Systems Inc. Class A Common Stock,$203.78 ,2.22,1.10%,33256630678,United States,2013,1884395,Technology,Computer Software: Prepackaged Software
VEL,Velocity Financial Inc. Common Stock,$17.54 ,0.03,0.17%,688537629,United States,2020,116002,Finance,Finance: Consumer Services
VFC,V.F. Corporation Common Stock,$14.32 ,-0.64,-4.28%,5629687042,United States,,10401246,Industrials,Garments and Clothing
VG,Venture Global Inc. Class A common stock,$13.38 ,0.14,1.06%,33240710441,United States,2025,10404649,Utilities,Oil/Gas Transmission
VGI,Virtus Global Multi-Sector Income Fund Common Shares of Beneficial Interest,$7.24 ,0,0.00%,0,United States,2012,44068,Finance,Investment Managers
VGM,Invesco Trust for Investment Grade Municipals Common Stock (DE),$10.10 ,-0.09,-0.88%,547742877,United States,,178014,Finance,Trusts Except Educational Religious and Charitable
VHI,Valhi Inc. Common Stock,$13.44 ,-0.37,-2.68%,380382818,United States,,7050,Basic Materials,Major Chemicals
VIA,Via Transportation Inc. Class A Common Stock,$20.34 ,0.25,1.24%,1653558016,United States,2025,690865,Technology,Computer Software: Prepackaged Software
VICI,VICI Properties Inc. Common Stock,$26.35 ,0.04,0.15%,29013393759,United States,2018,9761809,Real Estate,Real Estate Investment Trusts
VIK,Viking Holdings Ltd Ordinary Shares,$104.35 ,-0.1,-0.10%,46517773170,United States,2024,2027986,Consumer Discretionary,Marine Transportation
VIRT,Virtu Financial Inc. Class A Common Stock,$58.73 ,-0.43,-0.73%,9108221688,United States,,983040,Finance,Investment Bankers/Brokers/Service
VKQ,Invesco Municipal Trust Common Stock,$9.78 ,0.01,0.10%,541181337,United States,,177879,Finance,Trusts Except Educational Religious and Charitable
VLO,Valero Energy Corporation Common Stock,$312.90 ,1.19,0.38%,92910267488,United States,,2431426,Energy,Integrated oil Companies
VLT,Invesco High Income Trust II,$9.97 ,-0.02,-0.20%,0,United States,1989,34584,Finance,Trusts Except Educational Religious and Charitable
VLTO,Veralto Corp Common Stock ,$94.17 ,-0.54,-0.57%,22958019204,United States,2023,1536166,Industrials,Electrical Products
VMC,Vulcan Materials Company (Holding Company) Common Stock,$268.57 ,-2.67,-0.98%,34800961933,United States,,1982874,Industrials,Mining & Quarrying of Nonmetallic Minerals (No Fuels)
VMI,Valmont Industries Inc. Common Stock,$481.70 ,5.09,1.07%,9299150099,United States,,294697,Industrials,Metal Fabrications
VMO,Invesco Municipal Opportunity Trust Common Stock,$9.66 ,-0.04,-0.41%,651477017,United States,,236165,Finance,Trusts Except Educational Religious and Charitable
VNO,Vornado Realty Trust Common Stock,$39.39 ,-0.76,-1.89%,7409170609,United States,,994822,Real Estate,Real Estate Investment Trusts
VNO^L,Vornado Realty Trust Pfd Ser L %,$17.67 ,0.11,0.63%,,United States,,21544,,
VNO^M,Vornado Realty Trust 5.25% Series M Cumulative Redeemable Preferred Shares of Beneficial Interest liquidation preference $25.00 per share no par value per share,$17.36 ,-0.01,-0.06%,,United States,,45906,,
VNO^N,Vornado Realty Trust 5.25% Series N Cumulative Redeemable Preferred Shares of Beneficial Interest liquidation preference $25.00 per share,$17.40 ,0.08,0.46%,,United States,,34350,,
VNO^O,Vornado Realty Trust 4.45% Series O Cumulative Redeemable Preferred Shares Liquidation Preference $25.00 Per Share,$14.76 ,0.02,0.14%,,United States,,31788,,
VNT,Vontier Corporation Common Stock ,$32.13 ,0.24,0.75%,4523904000,United States,2020,1283607,Industrials,Industrial Machinery/Components
VOC,VOC Energy Trust Units of Beneficial Interest,$2.98 ,0.07,2.41%,50660000,United States,2011,127930,Energy,Oil & Gas Production
VOYA,Voya Financial Inc. Common Stock,$99.43 ,-0.84,-0.84%,9014951700,United States,2013,552915,Finance,Life Insurance
VOYA^B,Voya Financial Inc. Depositary Shares each representing a 1/40th interest in a share of 5.35% Fixed-Rate Reset Non-Cumulative Preferred Stock Series B,$23.71 ,0.06,0.25%,,United States,,36284,,
VOYG,Voyager Technologies Inc. Class A Common Stock,$24.53 ,0.56,2.34%,1453700466,United States,2025,895919,Industrials,Military/Government/Technical
VPG,Vishay Precision Group Inc. Common Stock,$92.05 ,4.13,4.70%,1224357050,United States,,477297,Technology,Electrical Products
VPV,Invesco Pennsylvania Value Municipal Income Trust Common Stock (DE),$10.82 ,-0.13,-1.19%,257835666,United States,,50241,Finance,Trusts Except Educational Religious and Charitable
VRT,Vertiv Holdings LLC Class A Common Stock,$241.57 ,14.07,6.19%,93001592952,United States,2018,10838218,Technology,Industrial Machinery/Components
VRTS,Virtus Investment Partners Inc. Common Stock,$159.35 ,-4.15,-2.54%,1064796141,United States,,324081,Finance,Investment Managers
VSH,Vishay Intertechnology Inc. Common Stock,$34.22 ,0.43,1.27%,5248591875,United States,,4532724,Technology,Electrical Products
VST,Vistra Corp. Common Stock,$148.19 ,-0.43,-0.29%,49967069933,United States,,4386673,Utilities,Electric Utilities: Central
VSTS,Vestis Corporation Common Stock,$14.46 ,-0.13,-0.89%,1910239486,United States,2023,825910,Consumer Discretionary,Consumer Specialties
VSXY,Victorias Secret & Co. Common Stock ,$88.68 ,0.44,0.50%,7049325730,United States,2021,989701,Consumer Discretionary,Clothing/Shoe/Accessory Stores
VTN,Invesco Trust for Investment Grade New York Municipals Common Stock,$10.86 ,-0.08,-0.73%,211617732,United States,,25536,Finance,Finance Companies
VTOL,Bristow Group Inc. Common Stock,$45.32 ,0.6,1.34%,1341743920,United States,,157444,Consumer Discretionary,Transportation Services
VTR,Ventas Inc. Common Stock,$93.51 ,1.59,1.73%,45461730798,United States,,4299893,Real Estate,Real Estate Investment Trusts
VTS,Vitesse Energy Inc. Common Stock,$15.60 ,0.35,2.30%,650713814,United States,2023,413476,Energy,Oil & Gas Production
VVR,Invesco Senior Income Trust Common Stock (DE),$2.97 ,-0.01,-0.34%,0,United States,1998,866837,Finance,Trusts Except Educational Religious and Charitable
VVV,Valvoline Inc. Common Stock,$38.41 ,0.02,0.05%,4898660794,United States,2016,1643326,Industrials,Major Chemicals
VVX,V2X Inc. Common Stock,$90.24 ,3.49,4.02%,2825433260,United States,2014,717125,Consumer Discretionary,Diversified Commercial Services
VYX,NCR Voyix Corporation Common Stock,$8.27 ,0.11,1.35%,1139665337,United States,,1807924,Miscellaneous,Office Equipment/Supplies/Services
VZ,Verizon Communications Inc. Common Stock,$46.81 ,0.7,1.52%,1.95458E+11,United States,,28277548,Telecommunications,Telecommunications Equipment
W,Wayfair Inc. Class A Common Stock,$84.90 ,-4.88,-5.44%,11206502765,United States,2014,3247474,Consumer Discretionary,Catalog/Specialty Distribution
WAB,Westinghouse Air Brake Technologies Corporation Common Stock,$290.86 ,-1.6,-0.55%,49129410122,United States,,959785,Industrials,Railroads
WAL,Western Alliance Bancorporation Common Stock (DE),$80.49 ,-0.76,-0.94%,8788329626,United States,2005,602358,Finance,Major Banks
WAL^A,Western Alliance Bancorporation Depositary Shares Each Representing a 1/400th Interest in a Share of 4.250% Fixed-Rate Non-Cumulative Perpetual Preferred Stock Series A,$24.28 ,0.0754,0.31%,,United States,,45755,,
WAT,Waters Corporation Common Stock,$377.31 ,-2.99,-0.79%,37046504950,United States,1995,715259,Industrials,Biotechnology: Laboratory Analytical Instruments
WBS,Webster Financial Corporation Common Stock,$77.22 ,-0.08,-0.10%,12512222855,United States,,4479756,Finance,Major Banks
WBS^F,Webster Financial Corporation Depositary Shares Each Representing 1/1000th Interest in a Share of 5.25% Series F Non-Cumulative Perpetual Preferred Stock,$20.42 ,0.06,0.30%,,United States,,16503,,
WBS^G,Webster Financial Corporation Depositary Shares each representing a 1/40th interest in a share of 6.50% Series G non-cumulative perpetual preferred stock,$23.38 ,0.005,0.02%,,United States,,3104,,
WCC,WESCO International Inc. Common Stock,$343.49 ,0.82,0.24%,16729643353,United States,1999,585454,Consumer Discretionary,Telecommunications Equipment
WD,Walker & Dunlop Inc Common Stock,$49.69 ,0.62,1.26%,1705919365,United States,2010,274624,Finance,Finance: Consumer Services
WDI,Western Asset Diversified Income Fund Common Shares of Beneficial Interest,$13.10 ,0.03,0.23%,0,United States,2021,205514,Finance,Trusts Except Educational Religious and Charitable
WEA,Western Asset Bond Fund Share of Beneficial Interest,$10.44 ,0.04,0.39%,0,United States,2002,48014,Finance,Trusts Except Educational Religious and Charitable
WEAV,Weave Communications Inc. Common Stock,$6.54 ,-0.02,-0.31%,520359253,United States,2021,601564,Technology,Computer Software: Prepackaged Software
WEC,WEC Energy Group Inc. Common Stock,$109.42 ,-0.63,-0.57%,35640903687,United States,,1992521,Utilities,Power Generation
WELL,Welltower Inc. Common Stock,$234.44 ,-1.19,-0.51%,1.68971E+11,United States,,3981386,Real Estate,Real Estate Investment Trusts
WES,Western Midstream Partners LP Common Units Representing Limited Partner Interests,$46.57 ,-0.95,-2.00%,19241438109,United States,2012,1072646,Utilities,Natural Gas Distribution
WEX,WEX Inc. common stock,$186.96 ,0.56,0.30%,6371897993,United States,,697830,Consumer Discretionary,Business Services
WFC,Wells Fargo & Company Common Stock,$86.45 ,1.02,1.19%,2.61425E+11,United States,,14769097,Finance,Major Banks
WFC^A,Wells Fargo & Company Depositary Shares each representing a 1/1000th interest in a share of Non-Cumulative Perpetual Class A Preferred Stock Series AA,$18.14 ,0.07,0.39%,,United States,,125935,,
WFC^C,Wells Fargo & Company Depositary Shares each representing a 1/1000th interest in a share of Non-Cumulative Perpetual Class A Preferred Stock Series CC,$16.90 ,0.06,0.36%,,United States,,97614,,
WFC^D,Wells Fargo & Company Depositary Shares each representing a 1/1000th interest in  a share of Non-Cumulative Perpetual Class A Preferred Stock Series DD,$16.46 ,0.07,0.43%,,United States,,118009,,
WFC^L,Wells Fargo & Company 7.50% Non-Cumulative Perpetual Convertible Class A Preferred Stock Series L,"$1,185.64 ",4.79,0.41%,,United States,,11412,,
WFC^Y,Wells Fargo & Company Depositary Shares each representing a 1/1000th interest in a share of Non-Cumulative Perpetual Class A Preferred Stock Series Y,$22.32 ,0.01,0.05%,,United States,,125764,,
WFC^Z,Wells Fargo & Company Depositary Shares each representing a 1/1000th interest in a share of Non-Cumulative Perpetual Class A Preferred Stock Series Z,$18.33 ,0.02,0.11%,,United States,,523168,,
WGO,Winnebago Industries Inc. Common Stock,$30.28 ,-0.25,-0.82%,855982080,United States,,412168,Industrials,Homebuilding
WH,Wyndham Hotels & Resorts Inc. Common Stock ,$74.86 ,-1.25,-1.64%,5555444593,United States,2018,1071344,Consumer Discretionary,Hotels/Resorts
WHD,Cactus Inc. Class A Common Stock,$65.01 ,3.01,4.86%,5212462339,United States,2018,1427889,Consumer Discretionary,Oil and Gas Field Machinery
WHG,Westwood Holdings Group Inc Common Stock,$19.17 ,0.02,0.10%,181884538,United States,,40655,Finance,Investment Managers
WHR,Whirlpool Corporation Common Stock,$37.50 ,-0.57,-1.50%,2430867038,United States,,2424282,Consumer Discretionary,Consumer Electronics/Appliances
WHR^A,Whirlpool Corporation Depositary Shares each representing a 1/20th interest in a share of 8.50% Series A Mandatory Convertible Preferred Stock,$33.25 ,-1.46,-4.21%,,United States,,94599,,
WIA,Western Asset Inflation-Linked Income Fund,$7.92 ,0,0.00%,0,United States,2003,37018,Finance,Trusts Except Educational Religious and Charitable
WIW,Western Asset Inflation-Linked Opportunities & Income Fund,$8.26 ,-0.02,-0.24%,0,United States,2004,189347,Finance,Finance Companies
WK,Workiva Inc. Class A Common Stock,$59.80 ,1.26,2.15%,3355936293,United States,2014,591820,Technology,Computer Software: Prepackaged Software
WKC,World Kinect Corporation Common Stock,$39.86 ,0.13,0.33%,2038903573,United States,,1184507,Energy,Oil Refining/Marketing
WLK,Westlake Corporation Common Stock,$70.50 ,-1.22,-1.70%,9032667552,United States,2004,1501546,Industrials,Major Chemicals
WLKP,Westlake Chemical Partners LP Common Units representing limited partner interests,$21.64 ,-0.09,-0.41%,762720822,United States,2014,50611,Industrials,Major Chemicals
WLY,John Wiley & Sons Inc. Common Stock,$52.20 ,-0.29,-0.55%,2649690531,United States,,350741,Consumer Discretionary,Books
WLYB,John Wiley & Sons Inc. Common Stock,$53.33 ,0.4,0.76%,2707049732,United States,,122,Consumer Discretionary,Books
WM,Waste Management Inc. Common Stock,$226.55 ,0.22,0.10%,90555474935,United States,,2188375,Utilities,Environmental Services
WMB,Williams Companies Inc. (The) Common Stock,$71.54 ,0.63,0.89%,87493295878,United States,,7247205,Utilities,Natural Gas Distribution
WMK,Weis Markets Inc. Common Stock,$77.05 ,-0.63,-0.81%,1906571199,United States,,210396,Consumer Staples,Food Chains
WMS,Advanced Drainage Systems Inc. Common Stock,$138.48 ,0.91,0.66%,10613852499,United States,2014,493226,Consumer Discretionary,Containers/Packaging
WNC,Wabash National Corporation Common Stock,$12.56 ,0.16,1.29%,511658893,United States,1991,2048058,Industrials,Construction/Ag Equipment/Trucks
WOLF,Wolfspeed Inc. Common Stock New,$23.62 ,-0.17,-0.72%,1227581026,United States,2025,3440928,Technology,Semiconductors
WOR,Worthington Enterprises Inc. Common Shares,$56.21 ,0.56,1.01%,2768510793,United States,,202907,Industrials,Steel/Iron Ore
WPC,W. P. Carey Inc. REIT,$73.60 ,-0.48,-0.65%,16767322294,United States,,1231201,Real Estate,Real Estate Investment Trusts
WRB,W.R. Berkley Corporation Common Stock,$72.54 ,-0.84,-1.15%,27004954139,United States,,1505360,Finance,Property-Casualty Insurers
WRB^E,W.R. Berkley Corporation 5.70% Subordinated Debentures due 2058,$21.01 ,-0.05,-0.24%,,United States,,15692,,
WRB^F,W.R. Berkley Corporation 5.10% Subordinated Debentures due 2059,$18.51 ,-0.0301,-0.16%,,United States,,31297,,
WRB^G,W.R. Berkley Corporation 4.25% Subordinated Debentures due 2060,$15.83 ,0.05,0.32%,,United States,,20303,,
WRB^H,W.R. Berkley Corporation 4.125% Subordinated Debentures due 2061,$15.30 ,0.04,0.26%,,United States,,33603,,
WRBY,Warby Parker Inc. Class A Common Stock,$26.69 ,0.67,2.58%,3275269649,United States,2021,1360710,Health Care,Ophthalmic Goods
WS,Worthington Steel Inc. Common Shares,$36.01 ,0.88,2.51%,1829536231,United States,2023,345195,Industrials,Steel/Iron Ore
WSM,Williams-Sonoma Inc. Common Stock (DE),$228.66 ,-4.66,-2.00%,26923940071,United States,,826379,Consumer Discretionary,Home Furnishings
WSO,Watsco Inc. Common Stock,$309.30 ,-1.43,-0.46%,12575375266,United States,,660406,Consumer Discretionary,Industrial Machinery/Components
WSO/B,Watsco Inc.,$321.76 ,4.13,1.30%,,United States,,118,,
WST,West Pharmaceutical Services Inc. Common Stock,$340.96 ,1.37,0.40%,23995319812,United States,,1047660,Health Care,Medical/Dental Instruments
WT,WisdomTree Inc. Common Stock,$19.37 ,0.57,3.03%,2962472342,United States,2022,3275425,Finance,Investment Bankers/Brokers/Service
WTI,W&T Offshore Inc. Common Stock,$3.59 ,0.13,3.76%,534111936,United States,2005,3181491,Energy,Oil & Gas Production
WTM,White Mountains Insurance Group Ltd. Common Stock,"$2,097.73 ",-20.88,-0.99%,5195384959,United States,,12712,Finance,Property-Casualty Insurers
WTRG,Essential Utilities Inc. Common Stock,$39.85 ,-0.5,-1.24%,11302774373,United States,,2318433,Utilities,Water Supply
WTS,Watts Water Technologies Inc. Class A Common Stock,$345.79 ,1.67,0.49%,11546235853,United States,1986,188674,Industrials,Metal Fabrications
WTTR,Select Water Solutions Inc. Class A common stock,$18.52 ,0.36,1.98%,2558441918,United States,2017,1553148,Energy,Oilfield Services/Equipment
WU,Western Union Company (The) Common Stock,$6.36 ,-1.33,-17.30%,1987087261,United States,,55616662,Consumer Discretionary,Business Services
WWW,Wolverine World Wide Inc. Common Stock,$19.68 ,-0.3,-1.50%,1613554167,United States,,785424,Consumer Discretionary,Shoe Manufacturing
WY,Weyerhaeuser Company Common Stock,$25.03 ,1.53,6.51%,18047706290,United States,,10942025,Real Estate,Real Estate Investment Trusts
XFLT,XAI Floating Rate & Alternative Income Trust Common Shares of Beneficial Interest,$18.81 ,-0.09,-0.48%,667163087,United States,2017,111043,Finance,Investment Managers
XHR,Xenia Hotels & Resorts Inc. Common Stock,$20.58 ,0.5,2.49%,1898419284,United States,2015,1200362,Consumer Discretionary,Hotels/Resorts
XIFR,XPLR Infrastructure LP Common Units representing limited partner interests,$11.90 ,0.04,0.34%,1121846261,United States,2014,1119467,Utilities,Electric Utilities: Central
XOM,ExxonMobil Holdings Corporation Common Stock,$155.44 ,-1.53,-0.98%,6.44291E+11,United States,,15668345,Energy,Integrated oil Companies
XPER,Xperi Inc. Common Stock ,$7.71 ,0.16,2.12%,372172926,United States,2022,401290,Technology,Computer Software: Prepackaged Software
XPO,XPO Inc. Common Stock,$200.97 ,1.71,0.86%,23595883882,United States,,1110337,Consumer Discretionary,Transportation Services
XPOF,Xponential Fitness Inc. Class A Common Stock,$6.52 ,-0.01,-0.15%,320621000,United States,2021,602116,Consumer Discretionary,Services-Misc. Amusement & Recreation
XRN,Chiron Real Estate Inc. Common Stock,$35.50 ,-0.17,-0.48%,469836465,United States,2016,78745,Real Estate,Real Estate Investment Trusts
XRN^A,Chiron Real Estate Inc. Series A Cumulative Redeemable Preferred Stock,$24.60 ,-0.35,-1.40%,,United States,,11157,,
XRN^B,Chiron Real Estate Inc. 8.00% Series B Cumulative Redeemable Preferred Stock $0.001 par value per share,$25.53 ,0,0.00%,,United States,,194,,
XYL,Xylem Inc. Common Stock New,$116.97 ,0.15,0.13%,27310952400,United States,2011,2004498,Industrials,Fluid Controls
XYZ,Block Inc. Class A Common Stock,$81.24 ,-1.35,-1.64%,48367185808,United States,2015,4696756,Technology,Computer Software: Prepackaged Software
YELP,Yelp Inc. Common Stock,$26.43 ,0.16,0.61%,1453404307,United States,2012,783932,Consumer Discretionary,Other Consumer Services
YETI,YETI Holdings Inc. Common Stock,$48.94 ,-0.7,-1.41%,3707612328,United States,2018,1064632,Consumer Discretionary,Recreational Games/Products/Toys
YEXT,Yext Inc. Common Stock,$5.46 ,-0.05,-0.91%,547354713,United States,2017,638075,Technology,EDP Services
YOU,Clear Secure Inc. Class A Common Stock,$55.24 ,-0.86,-1.53%,7382344749,United States,2021,1353300,Technology,Computer Software: Prepackaged Software
YUM,Yum! Brands Inc.,$153.28 ,-3.72,-2.37%,42247217843,United States,,2590241,Consumer Discretionary,Restaurants
YUMC,Yum China Holdings Inc. Common Stock,$48.18 ,1.71,3.68%,16920748933,United States,2016,3062952,Consumer Discretionary,Restaurants
ZBH,Zimmer Biomet Holdings Inc. Common Stock,$93.93 ,-1.03,-1.09%,18171930934,United States,,2772690,Health Care,Industrial Specialties
ZETA,Zeta Global Holdings Corp. Class A Common Stock,$21.60 ,0.23,1.08%,5383964614,United States,2021,5035961,Technology,Computer Software: Prepackaged Software
ZIP,ZipRecruiter Inc. Class A Common Stock,$3.94 ,-0.04,-1.01%,321198847,United States,2021,617745,Technology,Computer Software: Programming Data Processing
ZTR,Virtus Total Return Fund Inc.,$6.81 ,-0.04,-0.58%,0,United States,1988,105106,Finance,Investment Managers
ZTS,Zoetis Inc. Class A Common Stock,$77.29 ,1.26,1.66%,32402141240,United States,2013,5017404,Health Care,Biotechnology: Pharmaceutical Preparations
ZVIA,Zevia PBC Class A Common Stock,$1.70 ,0.08,4.94%,130873014,United States,2021,403521,Consumer Staples,Beverages (Production/Distribution)
ZWS,Zurn Elkay Water Solutions Corporation Common Stock,$50.51 ,0.39,0.78%,8377795539,United States,2012,1129373,Industrials,Industrial Machinery/Components
